Date,Open,High,Low,Close,Volume,Ticker
2010-01-04,1116.56005859375,1133.8699951171875,1116.56005859375,1132.989990234375,3991400000.0,^GSPC
2010-01-05,1132.6600341796875,1136.6300048828125,1129.6600341796875,1136.52001953125,2491020000.0,^GSPC
2010-01-06,1135.7099609375,1139.18994140625,1133.949951171875,1137.1400146484375,4972660000.0,^GSPC
2010-01-07,1136.27001953125,1142.4599609375,1131.3199462890625,1141.68994140625,5270680000.0,^GSPC
2010-01-08,1140.52001953125,1145.3900146484375,1136.219970703125,1144.97998046875,4389590000.0,^GSPC
2010-01-11,1145.9599609375,1149.739990234375,1142.02001953125,1146.97998046875,4255780000.0,^GSPC
2010-01-12,1143.81005859375,1143.81005859375,1131.77001953125,1136.219970703125,4716160000.0,^GSPC
2010-01-13,1137.31005859375,1148.4000244140625,1133.1800537109375,1145.6800537109375,4170360000.0,^GSPC
2010-01-14,1145.6800537109375,1150.4100341796875,1143.800048828125,1148.4599609375,3915200000.0,^GSPC
2010-01-15,1147.719970703125,1147.77001953125,1131.3900146484375,1136.030029296875,4758730000.0,^GSPC
2010-01-19,1136.030029296875,1150.449951171875,1135.77001953125,1150.22998046875,4724830000.0,^GSPC
2010-01-20,1147.949951171875,1147.949951171875,1129.25,1138.0400390625,4810560000.0,^GSPC
2010-01-21,1138.6800537109375,1141.5799560546875,1114.8399658203125,1116.47998046875,6874290000.0,^GSPC
2010-01-22,1115.489990234375,1115.489990234375,1090.1800537109375,1091.760009765625,6208650000.0,^GSPC
2010-01-25,1092.4000244140625,1102.969970703125,1092.4000244140625,1096.780029296875,4481390000.0,^GSPC
2010-01-26,1095.800048828125,1103.68994140625,1089.8599853515625,1092.1700439453125,4731910000.0,^GSPC
2010-01-27,1091.93994140625,1099.510009765625,1083.1099853515625,1097.5,5319120000.0,^GSPC
2010-01-28,1096.9300537109375,1100.219970703125,1078.4599609375,1084.530029296875,5452400000.0,^GSPC
2010-01-29,1087.6099853515625,1096.449951171875,1071.5899658203125,1073.8699951171875,5412850000.0,^GSPC
2010-02-01,1073.8900146484375,1089.3800048828125,1073.8900146484375,1089.18994140625,4077610000.0,^GSPC
2010-02-02,1090.050048828125,1104.72998046875,1087.9599609375,1103.3199462890625,4749540000.0,^GSPC
2010-02-03,1100.6700439453125,1102.719970703125,1093.969970703125,1097.280029296875,4285450000.0,^GSPC
2010-02-04,1097.25,1097.25,1062.780029296875,1063.1099853515625,5859690000.0,^GSPC
2010-02-05,1064.1199951171875,1067.1300048828125,1044.5,1066.18994140625,6438900000.0,^GSPC
2010-02-08,1065.510009765625,1071.199951171875,1056.510009765625,1056.739990234375,4089820000.0,^GSPC
2010-02-09,1060.06005859375,1079.280029296875,1060.06005859375,1070.52001953125,5114260000.0,^GSPC
2010-02-10,1069.6800537109375,1073.6700439453125,1059.3399658203125,1068.1300048828125,4251450000.0,^GSPC
2010-02-11,1067.0999755859375,1080.0400390625,1060.5899658203125,1078.469970703125,4400870000.0,^GSPC
2010-02-12,1075.949951171875,1077.81005859375,1062.969970703125,1075.510009765625,4160680000.0,^GSPC
2010-02-16,1079.1300048828125,1095.6700439453125,1079.1300048828125,1094.8699951171875,4080770000.0,^GSPC
2010-02-17,1096.1400146484375,1101.030029296875,1094.719970703125,1099.510009765625,4259230000.0,^GSPC
2010-02-18,1099.030029296875,1108.239990234375,1097.47998046875,1106.75,3878620000.0,^GSPC
2010-02-19,1105.489990234375,1112.4200439453125,1100.800048828125,1109.1700439453125,3944280000.0,^GSPC
2010-02-22,1110.0,1112.2900390625,1105.3800048828125,1108.010009765625,3814440000.0,^GSPC
2010-02-23,1107.489990234375,1108.5799560546875,1092.1800537109375,1094.5999755859375,4521050000.0,^GSPC
2010-02-24,1095.8900146484375,1106.4200439453125,1095.5,1105.239990234375,4168360000.0,^GSPC
2010-02-25,1101.239990234375,1103.5,1086.02001953125,1102.93994140625,4521130000.0,^GSPC
2010-02-26,1103.0999755859375,1107.239990234375,1097.56005859375,1104.489990234375,3945190000.0,^GSPC
2010-03-01,1105.3599853515625,1116.1099853515625,1105.3599853515625,1115.7099609375,3847640000.0,^GSPC
2010-03-02,1117.010009765625,1123.4599609375,1116.510009765625,1118.31005859375,4134680000.0,^GSPC
2010-03-03,1119.3599853515625,1125.6400146484375,1116.5799560546875,1118.7900390625,3951320000.0,^GSPC
2010-03-04,1119.1199951171875,1123.72998046875,1116.6600341796875,1122.969970703125,3945010000.0,^GSPC
2010-03-05,1125.1199951171875,1139.3800048828125,1125.1199951171875,1138.699951171875,4133000000.0,^GSPC
2010-03-08,1138.4000244140625,1141.050048828125,1136.77001953125,1138.5,3774680000.0,^GSPC
2010-03-09,1137.56005859375,1145.3699951171875,1134.9000244140625,1140.449951171875,5185570000.0,^GSPC
2010-03-10,1140.219970703125,1148.260009765625,1140.0899658203125,1145.6099853515625,5469120000.0,^GSPC
2010-03-11,1143.9599609375,1150.239990234375,1138.989990234375,1150.239990234375,4669060000.0,^GSPC
2010-03-12,1151.7099609375,1153.4100341796875,1146.969970703125,1149.989990234375,4928160000.0,^GSPC
2010-03-15,1148.530029296875,1150.97998046875,1141.449951171875,1150.510009765625,4164110000.0,^GSPC
2010-03-16,1150.8299560546875,1160.280029296875,1150.3499755859375,1159.4599609375,4369770000.0,^GSPC
2010-03-17,1159.93994140625,1169.8399658203125,1159.93994140625,1166.2099609375,4963200000.0,^GSPC
2010-03-18,1166.1300048828125,1167.77001953125,1161.1600341796875,1165.8299560546875,4234510000.0,^GSPC
2010-03-19,1166.6800537109375,1169.199951171875,1155.3299560546875,1159.9000244140625,5212410000.0,^GSPC
2010-03-22,1157.25,1167.8199462890625,1152.8800048828125,1165.81005859375,4261680000.0,^GSPC
2010-03-23,1166.469970703125,1174.719970703125,1163.8299560546875,1174.1700439453125,4411640000.0,^GSPC
2010-03-24,1172.699951171875,1173.0400390625,1166.010009765625,1167.719970703125,4705750000.0,^GSPC
2010-03-25,1170.030029296875,1180.68994140625,1165.0899658203125,1165.72998046875,5668900000.0,^GSPC
2010-03-26,1167.5799560546875,1173.9300537109375,1161.47998046875,1166.5899658203125,4708420000.0,^GSPC
2010-03-29,1167.7099609375,1174.8499755859375,1167.7099609375,1173.219970703125,4375580000.0,^GSPC
2010-03-30,1173.75,1177.8299560546875,1168.9200439453125,1173.27001953125,4085000000.0,^GSPC
2010-03-31,1171.75,1174.56005859375,1165.77001953125,1169.4300537109375,4484340000.0,^GSPC
2010-04-01,1171.22998046875,1181.4300537109375,1170.68994140625,1178.0999755859375,4006870000.0,^GSPC
2010-04-05,1178.7099609375,1187.72998046875,1178.7099609375,1187.43994140625,3881620000.0,^GSPC
2010-04-06,1186.010009765625,1191.800048828125,1182.77001953125,1189.43994140625,4086180000.0,^GSPC
2010-04-07,1188.22998046875,1189.5999755859375,1177.25,1182.449951171875,5101430000.0,^GSPC
2010-04-08,1181.75,1188.550048828125,1175.1199951171875,1186.43994140625,4726970000.0,^GSPC
2010-04-09,1187.469970703125,1194.6600341796875,1187.1500244140625,1194.3699951171875,4511570000.0,^GSPC
2010-04-12,1194.93994140625,1199.199951171875,1194.7099609375,1196.47998046875,4607090000.0,^GSPC
2010-04-13,1195.93994140625,1199.0400390625,1188.8199462890625,1197.300048828125,5403580000.0,^GSPC
2010-04-14,1198.68994140625,1210.6500244140625,1198.68994140625,1210.6500244140625,5760040000.0,^GSPC
2010-04-15,1210.77001953125,1213.9200439453125,1208.5,1211.6700439453125,5995330000.0,^GSPC
2010-04-16,1210.1700439453125,1210.1700439453125,1186.77001953125,1192.1300048828125,8108470000.0,^GSPC
2010-04-19,1192.06005859375,1197.8699951171875,1183.6800537109375,1197.52001953125,6597740000.0,^GSPC
2010-04-20,1199.0400390625,1208.5799560546875,1199.0400390625,1207.1700439453125,5316590000.0,^GSPC
2010-04-21,1207.1600341796875,1210.989990234375,1198.8499755859375,1205.93994140625,5724310000.0,^GSPC
2010-04-22,1202.52001953125,1210.27001953125,1190.18994140625,1208.6700439453125,6035780000.0,^GSPC
2010-04-23,1207.8699951171875,1217.280029296875,1205.0999755859375,1217.280029296875,5326060000.0,^GSPC
2010-04-26,1217.0699462890625,1219.800048828125,1211.0699462890625,1212.050048828125,5647760000.0,^GSPC
2010-04-27,1209.9200439453125,1211.3800048828125,1181.6199951171875,1183.7099609375,7454540000.0,^GSPC
2010-04-28,1184.5899658203125,1195.050048828125,1181.81005859375,1191.3599853515625,6342310000.0,^GSPC
2010-04-29,1193.300048828125,1209.3599853515625,1193.300048828125,1206.780029296875,6059410000.0,^GSPC
2010-04-30,1206.77001953125,1207.989990234375,1186.3199462890625,1186.68994140625,6048260000.0,^GSPC
2010-05-03,1188.5799560546875,1205.1300048828125,1188.5799560546875,1202.260009765625,4938050000.0,^GSPC
2010-05-04,1197.5,1197.5,1168.1199951171875,1173.5999755859375,6594720000.0,^GSPC
2010-05-05,1169.239990234375,1175.949951171875,1158.1500244140625,1165.8699951171875,6795940000.0,^GSPC
2010-05-06,1164.3800048828125,1167.5799560546875,1065.7900390625,1128.1500244140625,10617810000.0,^GSPC
2010-05-07,1127.0400390625,1135.1300048828125,1094.1500244140625,1110.8800048828125,9472910000.0,^GSPC
2010-05-10,1122.27001953125,1163.8499755859375,1122.27001953125,1159.72998046875,6893700000.0,^GSPC
2010-05-11,1156.3900146484375,1170.47998046875,1147.7099609375,1155.7900390625,5842550000.0,^GSPC
2010-05-12,1155.4300537109375,1172.8699951171875,1155.4300537109375,1171.6700439453125,5225460000.0,^GSPC
2010-05-13,1170.0400390625,1173.5699462890625,1156.1400146484375,1157.43994140625,4870640000.0,^GSPC
2010-05-14,1157.18994140625,1157.18994140625,1126.1400146484375,1135.6800537109375,6126400000.0,^GSPC
2010-05-17,1136.52001953125,1141.8800048828125,1114.9599609375,1136.93994140625,5922920000.0,^GSPC
2010-05-18,1138.780029296875,1148.6600341796875,1117.199951171875,1120.800048828125,6170840000.0,^GSPC
2010-05-19,1119.5699462890625,1124.27001953125,1100.6600341796875,1115.050048828125,6765800000.0,^GSPC
2010-05-20,1107.3399658203125,1107.3399658203125,1071.5799560546875,1071.5899658203125,8328570000.0,^GSPC
2010-05-21,1067.260009765625,1090.1600341796875,1055.9000244140625,1087.68994140625,5452130000.0,^GSPC
2010-05-24,1084.780029296875,1089.949951171875,1072.699951171875,1073.6500244140625,5224040000.0,^GSPC
2010-05-25,1067.4200439453125,1074.75,1040.780029296875,1074.030029296875,7329580000.0,^GSPC
2010-05-26,1075.510009765625,1090.75,1065.5899658203125,1067.949951171875,4521050000.0,^GSPC
2010-05-27,1074.27001953125,1103.52001953125,1074.27001953125,1103.06005859375,5698460000.0,^GSPC
2010-05-28,1102.5899658203125,1102.5899658203125,1084.780029296875,1089.4100341796875,4871210000.0,^GSPC
2010-06-01,1087.300048828125,1094.77001953125,1069.8900146484375,1070.7099609375,5271480000.0,^GSPC
2010-06-02,1073.010009765625,1098.56005859375,1072.030029296875,1098.3800048828125,5026360000.0,^GSPC
2010-06-03,1098.8199462890625,1105.6700439453125,1091.81005859375,1102.8299560546875,4995970000.0,^GSPC
2010-06-04,1098.4300537109375,1098.4300537109375,1060.5,1064.8800048828125,6180580000.0,^GSPC
2010-06-07,1065.8399658203125,1071.3599853515625,1049.8599853515625,1050.469970703125,5467560000.0,^GSPC
2010-06-08,1050.81005859375,1063.1500244140625,1042.1700439453125,1062.0,6192750000.0,^GSPC
2010-06-09,1062.75,1077.739990234375,1052.25,1055.68994140625,5983200000.0,^GSPC
2010-06-10,1058.77001953125,1087.8499755859375,1058.77001953125,1086.8399658203125,5144780000.0,^GSPC
2010-06-11,1082.6500244140625,1092.25,1077.1199951171875,1091.5999755859375,4059280000.0,^GSPC
2010-06-14,1095.0,1105.9100341796875,1089.030029296875,1089.6300048828125,4425830000.0,^GSPC
2010-06-15,1091.2099609375,1115.5899658203125,1091.2099609375,1115.22998046875,4644490000.0,^GSPC
2010-06-16,1114.02001953125,1118.739990234375,1107.1300048828125,1114.6099853515625,5002600000.0,^GSPC
2010-06-17,1115.97998046875,1117.719970703125,1105.8699951171875,1116.0400390625,4557760000.0,^GSPC
2010-06-18,1116.1600341796875,1121.010009765625,1113.9300537109375,1117.510009765625,4555360000.0,^GSPC
2010-06-21,1122.7900390625,1131.22998046875,1108.239990234375,1113.199951171875,4514360000.0,^GSPC
2010-06-22,1113.9000244140625,1118.5,1094.1800537109375,1095.31005859375,4514380000.0,^GSPC
2010-06-23,1095.5699462890625,1099.6400146484375,1085.31005859375,1092.0400390625,4526150000.0,^GSPC
2010-06-24,1090.9300537109375,1090.9300537109375,1071.5999755859375,1073.68994140625,4814830000.0,^GSPC
2010-06-25,1075.0999755859375,1083.56005859375,1067.8900146484375,1076.760009765625,5128840000.0,^GSPC
2010-06-28,1077.5,1082.5999755859375,1071.449951171875,1074.5699462890625,3896410000.0,^GSPC
2010-06-29,1071.0999755859375,1071.0999755859375,1035.1800537109375,1041.239990234375,6136700000.0,^GSPC
2010-06-30,1040.56005859375,1048.0799560546875,1028.3299560546875,1030.7099609375,5067080000.0,^GSPC
2010-07-01,1031.0999755859375,1033.5799560546875,1010.9099731445312,1027.3699951171875,6435770000.0,^GSPC
2010-07-02,1027.6500244140625,1032.949951171875,1015.9299926757812,1022.5800170898438,3968500000.0,^GSPC
2010-07-06,1028.0899658203125,1042.5,1018.3499755859375,1028.06005859375,4691240000.0,^GSPC
2010-07-07,1028.5400390625,1060.8900146484375,1028.5400390625,1060.27001953125,4931220000.0,^GSPC
2010-07-08,1062.9200439453125,1071.25,1058.239990234375,1070.25,4548460000.0,^GSPC
2010-07-09,1070.5,1078.1600341796875,1068.0999755859375,1077.9599609375,3506570000.0,^GSPC
2010-07-12,1077.22998046875,1080.780029296875,1070.449951171875,1078.75,3426990000.0,^GSPC
2010-07-13,1080.6500244140625,1099.4599609375,1080.6500244140625,1095.3399658203125,4640460000.0,^GSPC
2010-07-14,1095.6099853515625,1099.0799560546875,1087.6800537109375,1095.1700439453125,4521050000.0,^GSPC
2010-07-15,1094.4599609375,1098.6600341796875,1080.530029296875,1096.47998046875,4552470000.0,^GSPC
2010-07-16,1093.8499755859375,1093.8499755859375,1063.3199462890625,1064.8800048828125,5297350000.0,^GSPC
2010-07-19,1066.8499755859375,1074.699951171875,1061.1099853515625,1071.25,4089500000.0,^GSPC
2010-07-20,1064.530029296875,1083.93994140625,1056.8800048828125,1083.47998046875,4713280000.0,^GSPC
2010-07-21,1086.6700439453125,1088.9599609375,1065.25,1069.5899658203125,4747180000.0,^GSPC
2010-07-22,1072.1400146484375,1097.5,1072.1400146484375,1093.6700439453125,4826900000.0,^GSPC
2010-07-23,1092.1700439453125,1103.72998046875,1087.8800048828125,1102.6600341796875,4524570000.0,^GSPC
2010-07-26,1102.8900146484375,1115.010009765625,1101.300048828125,1115.010009765625,4009650000.0,^GSPC
2010-07-27,1117.3599853515625,1120.949951171875,1109.780029296875,1113.8399658203125,4725690000.0,^GSPC
2010-07-28,1112.8399658203125,1114.6600341796875,1103.1099853515625,1106.1300048828125,4002390000.0,^GSPC
2010-07-29,1108.0699462890625,1115.9000244140625,1092.8199462890625,1101.530029296875,4612420000.0,^GSPC
2010-07-30,1098.43994140625,1106.43994140625,1088.010009765625,1101.5999755859375,4006450000.0,^GSPC
2010-08-02,1107.530029296875,1127.300048828125,1107.530029296875,1125.8599853515625,4144180000.0,^GSPC
2010-08-03,1125.3399658203125,1125.43994140625,1116.760009765625,1120.4599609375,4071820000.0,^GSPC
2010-08-04,1121.06005859375,1128.75,1119.4599609375,1127.239990234375,4057850000.0,^GSPC
2010-08-05,1125.780029296875,1126.56005859375,1118.81005859375,1125.81005859375,3685560000.0,^GSPC
2010-08-06,1122.0699462890625,1123.06005859375,1107.1700439453125,1121.6400146484375,3857890000.0,^GSPC
2010-08-09,1122.800048828125,1129.239990234375,1120.9100341796875,1127.7900390625,3979360000.0,^GSPC
2010-08-10,1122.9200439453125,1127.1600341796875,1111.5799560546875,1121.06005859375,3979360000.0,^GSPC
2010-08-11,1116.8900146484375,1116.8900146484375,1088.550048828125,1089.469970703125,4511860000.0,^GSPC
2010-08-12,1081.47998046875,1086.719970703125,1076.68994140625,1083.6099853515625,4521050000.0,^GSPC
2010-08-13,1082.219970703125,1086.25,1079.0,1079.25,3328890000.0,^GSPC
2010-08-16,1077.489990234375,1082.6199951171875,1069.489990234375,1079.3800048828125,3142450000.0,^GSPC
2010-08-17,1081.1600341796875,1100.1400146484375,1081.1600341796875,1092.5400390625,3968210000.0,^GSPC
2010-08-18,1092.0799560546875,1099.77001953125,1085.760009765625,1094.1600341796875,3724260000.0,^GSPC
2010-08-19,1092.43994140625,1092.43994140625,1070.6600341796875,1075.6300048828125,4290540000.0,^GSPC
2010-08-20,1075.6300048828125,1075.6300048828125,1063.9100341796875,1071.68994140625,3761570000.0,^GSPC
2010-08-23,1073.3599853515625,1081.5799560546875,1067.0799560546875,1067.3599853515625,3210950000.0,^GSPC
2010-08-24,1063.199951171875,1063.199951171875,1046.6800537109375,1051.8699951171875,4436330000.0,^GSPC
2010-08-25,1048.97998046875,1059.3800048828125,1039.8299560546875,1055.3299560546875,4360190000.0,^GSPC
2010-08-26,1056.280029296875,1061.449951171875,1045.4000244140625,1047.219970703125,3646710000.0,^GSPC
2010-08-27,1049.27001953125,1065.2099609375,1039.699951171875,1064.5899658203125,4102460000.0,^GSPC
2010-08-30,1062.9000244140625,1064.4000244140625,1048.7900390625,1048.9200439453125,2917990000.0,^GSPC
2010-08-31,1046.8800048828125,1055.1400146484375,1040.8800048828125,1049.3299560546875,4038770000.0,^GSPC
2010-09-01,1049.719970703125,1081.300048828125,1049.719970703125,1080.2900390625,4396880000.0,^GSPC
2010-09-02,1080.6600341796875,1090.0999755859375,1080.3900146484375,1090.0999755859375,3704210000.0,^GSPC
2010-09-03,1093.6099853515625,1105.0999755859375,1093.6099853515625,1104.510009765625,3534500000.0,^GSPC
2010-09-07,1102.5999755859375,1102.5999755859375,1091.1500244140625,1091.8399658203125,3107380000.0,^GSPC
2010-09-08,1092.3599853515625,1103.260009765625,1092.3599853515625,1098.8699951171875,3224640000.0,^GSPC
2010-09-09,1101.1500244140625,1110.27001953125,1101.1500244140625,1104.1800537109375,3387770000.0,^GSPC
2010-09-10,1104.5699462890625,1110.8800048828125,1103.9200439453125,1109.550048828125,3061160000.0,^GSPC
2010-09-13,1113.3800048828125,1123.8699951171875,1113.3800048828125,1121.9000244140625,4521050000.0,^GSPC
2010-09-14,1121.1600341796875,1127.3599853515625,1115.5799560546875,1121.0999755859375,4521050000.0,^GSPC
2010-09-15,1119.4300537109375,1126.4599609375,1114.6300048828125,1125.0699462890625,3369840000.0,^GSPC
2010-09-16,1123.8900146484375,1125.43994140625,1118.8800048828125,1124.6600341796875,3364080000.0,^GSPC
2010-09-17,1126.3900146484375,1131.469970703125,1122.4300537109375,1125.5899658203125,4086140000.0,^GSPC
2010-09-20,1126.5699462890625,1144.8599853515625,1126.5699462890625,1142.7099609375,3364080000.0,^GSPC
2010-09-21,1142.8199462890625,1148.5899658203125,1136.219970703125,1139.780029296875,4175660000.0,^GSPC
2010-09-22,1139.489990234375,1144.3800048828125,1131.5799560546875,1134.280029296875,3911070000.0,^GSPC
2010-09-23,1131.0999755859375,1136.77001953125,1122.7900390625,1124.8299560546875,3847850000.0,^GSPC
2010-09-24,1131.68994140625,1148.9000244140625,1131.68994140625,1148.6700439453125,4123950000.0,^GSPC
2010-09-27,1148.6400146484375,1149.9200439453125,1142.0,1142.1600341796875,3587860000.0,^GSPC
2010-09-28,1142.31005859375,1150.0,1132.0899658203125,1147.699951171875,4025840000.0,^GSPC
2010-09-29,1146.75,1148.6300048828125,1140.260009765625,1144.72998046875,3990280000.0,^GSPC
2010-09-30,1145.969970703125,1157.1600341796875,1136.0799560546875,1141.199951171875,4284160000.0,^GSPC
2010-10-01,1143.489990234375,1150.300048828125,1139.4200439453125,1146.239990234375,4298910000.0,^GSPC
2010-10-04,1144.9599609375,1148.1600341796875,1131.8699951171875,1137.030029296875,3604110000.0,^GSPC
2010-10-05,1140.6800537109375,1162.760009765625,1140.6800537109375,1160.75,4068840000.0,^GSPC
2010-10-06,1159.81005859375,1162.3299560546875,1154.8499755859375,1159.969970703125,4073160000.0,^GSPC
2010-10-07,1161.5699462890625,1163.8699951171875,1151.4100341796875,1158.06005859375,3910550000.0,^GSPC
2010-10-08,1158.3599853515625,1167.72998046875,1155.5799560546875,1165.1500244140625,3871420000.0,^GSPC
2010-10-11,1165.3199462890625,1168.6800537109375,1162.02001953125,1165.3199462890625,2505900000.0,^GSPC
2010-10-12,1164.280029296875,1172.5799560546875,1155.7099609375,1169.77001953125,4076170000.0,^GSPC
2010-10-13,1171.3199462890625,1184.3800048828125,1171.3199462890625,1178.0999755859375,4969410000.0,^GSPC
2010-10-14,1177.8199462890625,1178.8900146484375,1166.7099609375,1173.81005859375,4969410000.0,^GSPC
2010-10-15,1177.469970703125,1181.199951171875,1167.1199951171875,1176.18994140625,5724910000.0,^GSPC
2010-10-18,1176.8299560546875,1185.530029296875,1174.550048828125,1184.7099609375,4450050000.0,^GSPC
2010-10-19,1178.6400146484375,1178.6400146484375,1159.7099609375,1165.9000244140625,5600120000.0,^GSPC
2010-10-20,1166.739990234375,1182.93994140625,1166.739990234375,1178.1700439453125,5027880000.0,^GSPC
2010-10-21,1179.8199462890625,1189.4300537109375,1171.1700439453125,1180.260009765625,4625470000.0,^GSPC
2010-10-22,1180.52001953125,1183.9300537109375,1178.989990234375,1183.0799560546875,3177890000.0,^GSPC
2010-10-25,1184.739990234375,1196.1400146484375,1184.739990234375,1185.6199951171875,4221380000.0,^GSPC
2010-10-26,1184.8800048828125,1187.1099853515625,1177.719970703125,1185.6400146484375,4203680000.0,^GSPC
2010-10-27,1183.8399658203125,1183.8399658203125,1171.699951171875,1182.449951171875,4335670000.0,^GSPC
2010-10-28,1184.469970703125,1189.530029296875,1177.0999755859375,1183.780029296875,4283460000.0,^GSPC
2010-10-29,1183.8699951171875,1185.4599609375,1179.699951171875,1183.260009765625,3537880000.0,^GSPC
2010-11-01,1185.7099609375,1195.81005859375,1177.6500244140625,1184.3800048828125,4129180000.0,^GSPC
2010-11-02,1187.8599853515625,1195.8800048828125,1187.8599853515625,1193.5699462890625,3866200000.0,^GSPC
2010-11-03,1193.7900390625,1198.300048828125,1183.56005859375,1197.9599609375,4665480000.0,^GSPC
2010-11-04,1198.3399658203125,1221.25,1198.3399658203125,1221.06005859375,5695470000.0,^GSPC
2010-11-05,1221.199951171875,1227.0799560546875,1220.2900390625,1225.8499755859375,5637460000.0,^GSPC
2010-11-08,1223.239990234375,1224.5699462890625,1217.550048828125,1223.25,3937230000.0,^GSPC
2010-11-09,1223.5899658203125,1226.8399658203125,1208.93994140625,1213.4000244140625,4848040000.0,^GSPC
2010-11-10,1213.1400146484375,1218.75,1204.3299560546875,1218.7099609375,4561300000.0,^GSPC
2010-11-11,1213.0400390625,1215.449951171875,1204.489990234375,1213.5400390625,3931120000.0,^GSPC
2010-11-12,1209.0699462890625,1210.5,1194.0799560546875,1199.2099609375,4213620000.0,^GSPC
2010-11-15,1200.43994140625,1207.4300537109375,1197.1500244140625,1197.75,3503370000.0,^GSPC
2010-11-16,1194.7900390625,1194.7900390625,1173.0,1178.3399658203125,5116380000.0,^GSPC
2010-11-17,1178.3299560546875,1183.56005859375,1175.8199462890625,1178.5899658203125,3904780000.0,^GSPC
2010-11-18,1183.75,1200.2900390625,1183.75,1196.68994140625,4687260000.0,^GSPC
2010-11-19,1196.1199951171875,1199.969970703125,1189.43994140625,1199.72998046875,3675390000.0,^GSPC
2010-11-22,1198.0699462890625,1198.93994140625,1184.5799560546875,1197.8399658203125,3689500000.0,^GSPC
2010-11-23,1192.510009765625,1192.510009765625,1176.9100341796875,1180.72998046875,4133070000.0,^GSPC
2010-11-24,1183.699951171875,1198.6199951171875,1183.699951171875,1198.3499755859375,3384250000.0,^GSPC
2010-11-26,1194.1600341796875,1194.1600341796875,1186.9300537109375,1189.4000244140625,1613820000.0,^GSPC
2010-11-29,1189.0799560546875,1190.3399658203125,1173.6400146484375,1187.760009765625,3673450000.0,^GSPC
2010-11-30,1182.9599609375,1187.4000244140625,1174.1400146484375,1180.550048828125,4284700000.0,^GSPC
2010-12-01,1186.5999755859375,1207.6099853515625,1186.5999755859375,1206.0699462890625,4548110000.0,^GSPC
2010-12-02,1206.81005859375,1221.8900146484375,1206.81005859375,1221.530029296875,4970800000.0,^GSPC
2010-12-03,1219.9300537109375,1225.5699462890625,1216.8199462890625,1224.7099609375,3735780000.0,^GSPC
2010-12-06,1223.8699951171875,1225.800048828125,1220.6700439453125,1223.1199951171875,3527370000.0,^GSPC
2010-12-07,1227.25,1235.050048828125,1223.25,1223.75,6970630000.0,^GSPC
2010-12-08,1225.02001953125,1228.9300537109375,1219.5,1228.280029296875,4607590000.0,^GSPC
2010-12-09,1230.1400146484375,1234.7099609375,1226.8499755859375,1233.0,4522510000.0,^GSPC
2010-12-10,1233.8499755859375,1240.4000244140625,1232.5799560546875,1240.4000244140625,4547310000.0,^GSPC
2010-12-13,1242.52001953125,1246.72998046875,1240.3399658203125,1240.4599609375,4361240000.0,^GSPC
2010-12-14,1241.8399658203125,1246.5899658203125,1238.1700439453125,1241.5899658203125,4132350000.0,^GSPC
2010-12-15,1241.5799560546875,1244.25,1234.010009765625,1235.22998046875,4407340000.0,^GSPC
2010-12-16,1236.3399658203125,1243.75,1232.8499755859375,1242.8699951171875,4736820000.0,^GSPC
2010-12-17,1243.6300048828125,1245.81005859375,1239.8699951171875,1243.9100341796875,4632470000.0,^GSPC
2010-12-20,1245.760009765625,1250.199951171875,1241.510009765625,1247.0799560546875,3548140000.0,^GSPC
2010-12-21,1249.4300537109375,1255.8199462890625,1249.4300537109375,1254.5999755859375,3479670000.0,^GSPC
2010-12-22,1254.93994140625,1259.3900146484375,1254.93994140625,1258.8399658203125,1285590000.0,^GSPC
2010-12-23,1257.530029296875,1258.5899658203125,1254.050048828125,1256.77001953125,2515020000.0,^GSPC
2010-12-27,1254.6600341796875,1258.4300537109375,1251.47998046875,1257.5400390625,1992470000.0,^GSPC
2010-12-28,1259.0999755859375,1259.9000244140625,1256.219970703125,1258.510009765625,2478450000.0,^GSPC
2010-12-29,1258.780029296875,1262.5999755859375,1258.780029296875,1259.780029296875,2214380000.0,^GSPC
2010-12-30,1259.43994140625,1261.0899658203125,1256.3199462890625,1257.8800048828125,1970720000.0,^GSPC
2010-12-31,1256.760009765625,1259.3399658203125,1254.18994140625,1257.6400146484375,1799770000.0,^GSPC
2011-01-03,1257.6199951171875,1276.1700439453125,1257.6199951171875,1271.8699951171875,4286670000.0,^GSPC
2011-01-04,1272.949951171875,1274.1199951171875,1262.6600341796875,1270.199951171875,4796420000.0,^GSPC
2011-01-05,1268.780029296875,1277.6300048828125,1265.3599853515625,1276.56005859375,4764920000.0,^GSPC
2011-01-06,1276.2900390625,1278.1700439453125,1270.4300537109375,1273.8499755859375,4844100000.0,^GSPC
2011-01-07,1274.4100341796875,1276.8299560546875,1261.699951171875,1271.5,4963110000.0,^GSPC
2011-01-10,1270.8399658203125,1271.52001953125,1262.1800537109375,1269.75,4036450000.0,^GSPC
2011-01-11,1272.5799560546875,1277.25,1269.6199951171875,1274.47998046875,4050750000.0,^GSPC
2011-01-12,1275.6500244140625,1286.8699951171875,1275.6500244140625,1285.9599609375,4226940000.0,^GSPC
2011-01-13,1285.780029296875,1286.699951171875,1280.469970703125,1283.760009765625,4310840000.0,^GSPC
2011-01-14,1282.9000244140625,1293.239990234375,1281.239990234375,1293.239990234375,4661590000.0,^GSPC
2011-01-18,1293.219970703125,1296.06005859375,1290.1600341796875,1295.02001953125,5284990000.0,^GSPC
2011-01-19,1294.52001953125,1294.5999755859375,1278.9200439453125,1281.9200439453125,4743710000.0,^GSPC
2011-01-20,1280.8499755859375,1283.3499755859375,1271.260009765625,1280.260009765625,4935320000.0,^GSPC
2011-01-21,1283.6300048828125,1291.2099609375,1282.0699462890625,1283.3499755859375,4935320000.0,^GSPC
2011-01-24,1283.2900390625,1291.9300537109375,1282.469970703125,1290.8399658203125,3902470000.0,^GSPC
2011-01-25,1288.1700439453125,1291.260009765625,1281.0699462890625,1291.1800537109375,4595380000.0,^GSPC
2011-01-26,1291.969970703125,1299.739990234375,1291.969970703125,1296.6300048828125,4730980000.0,^GSPC
2011-01-27,1297.510009765625,1301.2900390625,1294.4100341796875,1299.5400390625,4309190000.0,^GSPC
2011-01-28,1299.6300048828125,1302.6700439453125,1275.0999755859375,1276.3399658203125,5618630000.0,^GSPC
2011-01-31,1276.5,1287.1700439453125,1276.5,1286.1199951171875,4167160000.0,^GSPC
2011-02-01,1289.1400146484375,1308.8599853515625,1289.1400146484375,1307.5899658203125,5164500000.0,^GSPC
2011-02-02,1305.9100341796875,1307.6099853515625,1302.6199951171875,1304.030029296875,4098260000.0,^GSPC
2011-02-03,1302.77001953125,1308.5999755859375,1294.8299560546875,1307.0999755859375,4370990000.0,^GSPC
2011-02-04,1307.010009765625,1311.0,1301.6700439453125,1310.8699951171875,3925950000.0,^GSPC
2011-02-07,1311.8499755859375,1322.8499755859375,1311.8499755859375,1319.050048828125,3902270000.0,^GSPC
2011-02-08,1318.760009765625,1324.8699951171875,1316.030029296875,1324.5699462890625,3881530000.0,^GSPC
2011-02-09,1322.47998046875,1324.5400390625,1314.8900146484375,1320.8800048828125,3922240000.0,^GSPC
2011-02-10,1318.1300048828125,1322.780029296875,1311.739990234375,1321.8699951171875,4184610000.0,^GSPC
2011-02-11,1318.6600341796875,1330.7900390625,1316.0799560546875,1329.1500244140625,4219300000.0,^GSPC
2011-02-14,1328.72998046875,1332.9599609375,1326.9000244140625,1332.3199462890625,3567040000.0,^GSPC
2011-02-15,1330.4300537109375,1330.4300537109375,1324.6099853515625,1328.010009765625,3926860000.0,^GSPC
2011-02-16,1329.510009765625,1337.6099853515625,1329.510009765625,1336.3199462890625,1966450000.0,^GSPC
2011-02-17,1334.3699951171875,1341.5,1331.0,1340.4300537109375,1966450000.0,^GSPC
2011-02-18,1340.3800048828125,1344.0699462890625,1338.1199951171875,1343.010009765625,1162310000.0,^GSPC
2011-02-22,1338.9100341796875,1338.9100341796875,1312.3299560546875,1315.43994140625,1322780000.0,^GSPC
2011-02-23,1315.43994140625,1317.9100341796875,1299.550048828125,1307.4000244140625,1330340000.0,^GSPC
2011-02-24,1307.0899658203125,1310.9100341796875,1294.260009765625,1306.0999755859375,1222900000.0,^GSPC
2011-02-25,1307.3399658203125,1320.6099853515625,1307.3399658203125,1319.8800048828125,3836030000.0,^GSPC
2011-02-28,1321.6099853515625,1329.3800048828125,1320.550048828125,1327.219970703125,1252850000.0,^GSPC
2011-03-01,1328.6400146484375,1332.0899658203125,1306.1400146484375,1306.3299560546875,1180420000.0,^GSPC
2011-03-02,1305.469970703125,1314.18994140625,1302.5799560546875,1308.43994140625,1025000000.0,^GSPC
2011-03-03,1312.3699951171875,1332.280029296875,1312.3699951171875,1330.969970703125,4340470000.0,^GSPC
2011-03-04,1330.72998046875,1331.0799560546875,1312.5899658203125,1321.1500244140625,4223740000.0,^GSPC
2011-03-07,1322.719970703125,1327.6800537109375,1303.989990234375,1310.1300048828125,3964730000.0,^GSPC
2011-03-08,1311.050048828125,1325.739990234375,1306.8599853515625,1321.8199462890625,4531420000.0,^GSPC
2011-03-09,1319.9200439453125,1323.2099609375,1312.27001953125,1320.02001953125,3709520000.0,^GSPC
2011-03-10,1315.719970703125,1315.719970703125,1294.2099609375,1295.1099853515625,4723020000.0,^GSPC
2011-03-11,1293.4300537109375,1308.3499755859375,1291.989990234375,1304.280029296875,3740400000.0,^GSPC
2011-03-14,1301.18994140625,1301.18994140625,1286.3699951171875,1296.3900146484375,4050370000.0,^GSPC
2011-03-15,1288.4599609375,1288.4599609375,1261.1199951171875,1281.8699951171875,5201400000.0,^GSPC
2011-03-16,1279.4599609375,1280.9100341796875,1249.050048828125,1256.8800048828125,5833000000.0,^GSPC
2011-03-17,1261.6099853515625,1278.8800048828125,1261.6099853515625,1273.719970703125,4134950000.0,^GSPC
2011-03-18,1276.7099609375,1288.8800048828125,1276.1800537109375,1279.2099609375,4685500000.0,^GSPC
2011-03-21,1281.6500244140625,1300.5799560546875,1281.6500244140625,1298.3800048828125,4223730000.0,^GSPC
2011-03-22,1298.2900390625,1299.3499755859375,1292.699951171875,1293.77001953125,3576550000.0,^GSPC
2011-03-23,1292.18994140625,1300.510009765625,1284.050048828125,1297.5400390625,3842350000.0,^GSPC
2011-03-24,1300.6099853515625,1311.3399658203125,1297.739990234375,1309.6600341796875,4223740000.0,^GSPC
2011-03-25,1311.800048828125,1319.1800537109375,1310.1500244140625,1313.800048828125,4223740000.0,^GSPC
2011-03-28,1315.449951171875,1319.739990234375,1310.18994140625,1310.18994140625,3215170000.0,^GSPC
2011-03-29,1309.3699951171875,1319.449951171875,1305.260009765625,1319.43994140625,3482580000.0,^GSPC
2011-03-30,1321.8900146484375,1331.739990234375,1321.8900146484375,1328.260009765625,3809570000.0,^GSPC
2011-03-31,1327.43994140625,1329.77001953125,1325.030029296875,1325.8299560546875,3566270000.0,^GSPC
2011-04-01,1329.47998046875,1337.8499755859375,1328.8900146484375,1332.4100341796875,4223740000.0,^GSPC
2011-04-04,1333.56005859375,1336.739990234375,1329.0999755859375,1332.8699951171875,4223740000.0,^GSPC
2011-04-05,1332.030029296875,1338.2099609375,1330.030029296875,1332.6300048828125,3852280000.0,^GSPC
2011-04-06,1335.93994140625,1339.3800048828125,1331.0899658203125,1335.5400390625,4223740000.0,^GSPC
2011-04-07,1334.8199462890625,1338.800048828125,1326.56005859375,1333.510009765625,4005600000.0,^GSPC
2011-04-08,1336.1600341796875,1339.4599609375,1322.93994140625,1328.1700439453125,3582810000.0,^GSPC
2011-04-11,1329.010009765625,1333.77001953125,1321.06005859375,1324.4599609375,3478970000.0,^GSPC
2011-04-12,1321.9599609375,1321.9599609375,1309.510009765625,1314.1600341796875,4275490000.0,^GSPC
2011-04-13,1314.030029296875,1321.3499755859375,1309.18994140625,1314.4100341796875,3850860000.0,^GSPC
2011-04-14,1311.1300048828125,1316.7900390625,1302.4200439453125,1314.52001953125,3872630000.0,^GSPC
2011-04-15,1314.5400390625,1322.8800048828125,1313.6800537109375,1319.6800537109375,4223740000.0,^GSPC
2011-04-18,1313.3499755859375,1313.3499755859375,1294.699951171875,1305.1400146484375,4223740000.0,^GSPC
2011-04-19,1305.989990234375,1312.699951171875,1303.969970703125,1312.6199951171875,3886300000.0,^GSPC
2011-04-20,1319.1199951171875,1332.6600341796875,1319.1199951171875,1330.3599853515625,4236280000.0,^GSPC
2011-04-21,1333.22998046875,1337.489990234375,1332.8299560546875,1337.3800048828125,3587240000.0,^GSPC
2011-04-25,1337.1400146484375,1337.550048828125,1331.469970703125,1335.25,2142130000.0,^GSPC
2011-04-26,1336.75,1349.550048828125,1336.75,1347.239990234375,3908060000.0,^GSPC
2011-04-27,1348.4300537109375,1357.489990234375,1344.25,1355.6600341796875,4051570000.0,^GSPC
2011-04-28,1353.8599853515625,1361.7099609375,1353.5999755859375,1360.47998046875,4036820000.0,^GSPC
2011-04-29,1360.1400146484375,1364.56005859375,1358.68994140625,1363.6099853515625,3479070000.0,^GSPC
2011-05-02,1365.2099609375,1370.5799560546875,1358.5899658203125,1361.219970703125,3846250000.0,^GSPC
2011-05-03,1359.760009765625,1360.8399658203125,1349.52001953125,1356.6199951171875,4223740000.0,^GSPC
2011-05-04,1355.9000244140625,1355.9000244140625,1341.5,1347.3199462890625,4223740000.0,^GSPC
2011-05-05,1344.1600341796875,1348.0,1329.1700439453125,1335.0999755859375,3846250000.0,^GSPC
2011-05-06,1340.239990234375,1354.3599853515625,1335.5799560546875,1340.199951171875,4223740000.0,^GSPC
2011-05-09,1340.199951171875,1349.43994140625,1338.6400146484375,1346.2900390625,4265250000.0,^GSPC
2011-05-10,1348.3399658203125,1359.43994140625,1348.3399658203125,1357.1600341796875,4223740000.0,^GSPC
2011-05-11,1354.510009765625,1354.510009765625,1336.3599853515625,1342.0799560546875,3846250000.0,^GSPC
2011-05-12,1339.3900146484375,1351.050048828125,1332.030029296875,1348.6500244140625,3777210000.0,^GSPC
2011-05-13,1348.68994140625,1350.469970703125,1333.3599853515625,1337.77001953125,3426660000.0,^GSPC
2011-05-16,1334.77001953125,1343.3299560546875,1327.3199462890625,1329.469970703125,3846250000.0,^GSPC
2011-05-17,1326.0999755859375,1330.4200439453125,1318.510009765625,1328.97998046875,4053970000.0,^GSPC
2011-05-18,1328.5400390625,1341.8199462890625,1326.5899658203125,1340.6800537109375,3922030000.0,^GSPC
2011-05-19,1342.4000244140625,1346.8199462890625,1336.3599853515625,1343.5999755859375,3626110000.0,^GSPC
2011-05-20,1342.0,1342.0,1330.6700439453125,1333.27001953125,4066020000.0,^GSPC
2011-05-23,1333.0699462890625,1333.0699462890625,1312.8800048828125,1317.3699951171875,3255580000.0,^GSPC
2011-05-24,1317.699951171875,1323.719970703125,1313.8699951171875,1316.280029296875,3846250000.0,^GSPC
2011-05-25,1316.3599853515625,1325.8599853515625,1311.800048828125,1320.469970703125,4109670000.0,^GSPC
2011-05-26,1320.6400146484375,1328.510009765625,1314.4100341796875,1325.68994140625,3259470000.0,^GSPC
2011-05-27,1325.68994140625,1334.6199951171875,1325.68994140625,1331.0999755859375,3124560000.0,^GSPC
2011-05-31,1331.0999755859375,1345.199951171875,1331.0999755859375,1345.199951171875,4696240000.0,^GSPC
2011-06-01,1345.199951171875,1345.199951171875,1313.7099609375,1314.550048828125,4241090000.0,^GSPC
2011-06-02,1314.550048828125,1318.030029296875,1305.6099853515625,1312.93994140625,3762170000.0,^GSPC
2011-06-03,1312.93994140625,1312.93994140625,1297.9000244140625,1300.1600341796875,3505030000.0,^GSPC
2011-06-06,1300.260009765625,1300.260009765625,1284.719970703125,1286.1700439453125,3555980000.0,^GSPC
2011-06-07,1286.31005859375,1296.219970703125,1284.739990234375,1284.93994140625,3846250000.0,^GSPC
2011-06-08,1284.6300048828125,1287.0400390625,1277.4200439453125,1279.56005859375,3970810000.0,^GSPC
2011-06-09,1279.6300048828125,1294.5400390625,1279.6300048828125,1289.0,3332510000.0,^GSPC
2011-06-10,1288.5999755859375,1288.5999755859375,1268.280029296875,1270.97998046875,3846250000.0,^GSPC
2011-06-13,1271.31005859375,1277.0400390625,1265.6400146484375,1271.8299560546875,4132520000.0,^GSPC
2011-06-14,1272.219970703125,1292.5,1272.219970703125,1287.8699951171875,3500280000.0,^GSPC
2011-06-15,1287.8699951171875,1287.8699951171875,1261.9000244140625,1265.4200439453125,4070500000.0,^GSPC
2011-06-16,1265.530029296875,1274.1099853515625,1258.0699462890625,1267.6400146484375,3846250000.0,^GSPC
2011-06-17,1268.5799560546875,1279.8199462890625,1267.4000244140625,1271.5,4916460000.0,^GSPC
2011-06-20,1271.5,1280.4200439453125,1267.56005859375,1278.3599853515625,3464660000.0,^GSPC
2011-06-21,1278.4000244140625,1297.6199951171875,1278.4000244140625,1295.52001953125,4056150000.0,^GSPC
2011-06-22,1295.47998046875,1298.6099853515625,1286.7900390625,1287.1400146484375,3718420000.0,^GSPC
2011-06-23,1286.5999755859375,1286.5999755859375,1262.8699951171875,1283.5,4983450000.0,^GSPC
2011-06-24,1283.0400390625,1283.9300537109375,1267.239990234375,1268.449951171875,3665340000.0,^GSPC
2011-06-27,1268.43994140625,1284.9100341796875,1267.530029296875,1280.0999755859375,3479070000.0,^GSPC
2011-06-28,1280.2099609375,1296.800048828125,1280.2099609375,1296.6700439453125,3681500000.0,^GSPC
2011-06-29,1296.8499755859375,1309.2099609375,1296.8499755859375,1307.4100341796875,4347540000.0,^GSPC
2011-06-30,1307.6400146484375,1321.969970703125,1307.6400146484375,1320.6400146484375,4200500000.0,^GSPC
2011-07-01,1320.6400146484375,1341.010009765625,1318.1800537109375,1339.6700439453125,3796930000.0,^GSPC
2011-07-05,1339.5899658203125,1340.8900146484375,1334.300048828125,1337.8800048828125,3722320000.0,^GSPC
2011-07-06,1337.56005859375,1340.93994140625,1330.9200439453125,1339.219970703125,3564190000.0,^GSPC
2011-07-07,1339.6199951171875,1356.47998046875,1339.6199951171875,1353.219970703125,4069530000.0,^GSPC
2011-07-08,1352.3900146484375,1352.3900146484375,1333.7099609375,1343.800048828125,3594360000.0,^GSPC
2011-07-11,1343.31005859375,1343.31005859375,1316.4200439453125,1319.489990234375,3879130000.0,^GSPC
2011-07-12,1319.6099853515625,1327.1700439453125,1313.3299560546875,1313.6400146484375,4227890000.0,^GSPC
2011-07-13,1314.449951171875,1331.47998046875,1314.449951171875,1317.719970703125,4060080000.0,^GSPC
2011-07-14,1317.739990234375,1326.8800048828125,1306.510009765625,1308.8699951171875,4358570000.0,^GSPC
2011-07-15,1308.8699951171875,1317.699951171875,1307.52001953125,1316.1400146484375,4242760000.0,^GSPC
2011-07-18,1315.93994140625,1315.93994140625,1295.9200439453125,1305.43994140625,4118160000.0,^GSPC
2011-07-19,1307.0699462890625,1328.1400146484375,1307.0699462890625,1326.72998046875,4304600000.0,^GSPC
2011-07-20,1328.6600341796875,1330.4300537109375,1323.6500244140625,1325.8399658203125,3767420000.0,^GSPC
2011-07-21,1325.6500244140625,1347.0,1325.6500244140625,1343.800048828125,4837430000.0,^GSPC
2011-07-22,1343.800048828125,1346.0999755859375,1336.949951171875,1345.02001953125,3522830000.0,^GSPC
2011-07-25,1344.3199462890625,1344.3199462890625,1331.0899658203125,1337.4300537109375,3536890000.0,^GSPC
2011-07-26,1337.3900146484375,1338.510009765625,1329.5899658203125,1331.93994140625,4007050000.0,^GSPC
2011-07-27,1331.9100341796875,1331.9100341796875,1303.489990234375,1304.8900146484375,3479040000.0,^GSPC
2011-07-28,1304.8399658203125,1316.3199462890625,1299.1600341796875,1300.6700439453125,4951800000.0,^GSPC
2011-07-29,1300.1199951171875,1304.1600341796875,1282.8599853515625,1292.280029296875,5061190000.0,^GSPC
2011-08-01,1292.5899658203125,1307.3800048828125,1274.72998046875,1286.93994140625,4967390000.0,^GSPC
2011-08-02,1286.56005859375,1286.56005859375,1254.030029296875,1254.050048828125,5206290000.0,^GSPC
2011-08-03,1254.25,1261.199951171875,1234.56005859375,1260.3399658203125,6446940000.0,^GSPC
2011-08-04,1260.22998046875,1260.22998046875,1199.5400390625,1200.0699462890625,4266530000.0,^GSPC
2011-08-05,1200.280029296875,1218.1099853515625,1168.0899658203125,1199.3800048828125,5454590000.0,^GSPC
2011-08-08,1198.47998046875,1198.47998046875,1119.280029296875,1119.4599609375,2615150000.0,^GSPC
2011-08-09,1120.22998046875,1172.8800048828125,1101.5400390625,1172.530029296875,2366660000.0,^GSPC
2011-08-10,1171.77001953125,1171.77001953125,1118.010009765625,1120.760009765625,5018070000.0,^GSPC
2011-08-11,1121.300048828125,1186.2900390625,1121.300048828125,1172.6400146484375,3685050000.0,^GSPC
2011-08-12,1172.8699951171875,1189.0400390625,1170.739990234375,1178.81005859375,5640380000.0,^GSPC
2011-08-15,1178.8599853515625,1204.489990234375,1178.8599853515625,1204.489990234375,4272850000.0,^GSPC
2011-08-16,1204.219970703125,1204.219970703125,1180.530029296875,1192.760009765625,5071600000.0,^GSPC
2011-08-17,1192.8900146484375,1208.469970703125,1184.3599853515625,1193.8900146484375,4388340000.0,^GSPC
2011-08-18,1189.6199951171875,1189.6199951171875,1131.030029296875,1140.6500244140625,3234810000.0,^GSPC
2011-08-19,1140.469970703125,1154.5400390625,1122.050048828125,1123.530029296875,5167560000.0,^GSPC
2011-08-22,1123.550048828125,1145.489990234375,1121.0899658203125,1123.8199462890625,5436260000.0,^GSPC
2011-08-23,1124.3599853515625,1162.3499755859375,1124.3599853515625,1162.3499755859375,5013170000.0,^GSPC
2011-08-24,1162.1600341796875,1178.56005859375,1156.300048828125,1177.5999755859375,5315310000.0,^GSPC
2011-08-25,1176.68994140625,1190.6800537109375,1155.469970703125,1159.27001953125,5748420000.0,^GSPC
2011-08-26,1158.8499755859375,1181.22998046875,1135.9100341796875,1176.800048828125,5035320000.0,^GSPC
2011-08-29,1177.9100341796875,1210.280029296875,1177.9100341796875,1210.0799560546875,4228070000.0,^GSPC
2011-08-30,1209.760009765625,1220.0999755859375,1195.77001953125,1212.9200439453125,4572570000.0,^GSPC
2011-08-31,1213.0,1230.7099609375,1209.3499755859375,1218.8900146484375,5267840000.0,^GSPC
2011-09-01,1219.1199951171875,1229.2900390625,1203.8499755859375,1204.4200439453125,4780410000.0,^GSPC
2011-09-02,1203.9000244140625,1203.9000244140625,1170.56005859375,1173.969970703125,4401740000.0,^GSPC
2011-09-06,1173.969970703125,1173.969970703125,1140.1300048828125,1165.239990234375,5103980000.0,^GSPC
2011-09-07,1165.8499755859375,1198.6199951171875,1165.8499755859375,1198.6199951171875,4441040000.0,^GSPC
2011-09-08,1197.97998046875,1204.4000244140625,1183.3399658203125,1185.9000244140625,4465170000.0,^GSPC
2011-09-09,1185.3699951171875,1185.3699951171875,1148.3699951171875,1154.22998046875,4586370000.0,^GSPC
2011-09-12,1153.5,1162.52001953125,1136.0699462890625,1162.27001953125,5168550000.0,^GSPC
2011-09-13,1162.5899658203125,1176.4100341796875,1157.43994140625,1172.8699951171875,4681370000.0,^GSPC
2011-09-14,1173.3199462890625,1202.3800048828125,1162.72998046875,1188.6800537109375,4986740000.0,^GSPC
2011-09-15,1189.43994140625,1209.1099853515625,1189.43994140625,1209.1099853515625,4479730000.0,^GSPC
2011-09-16,1209.2099609375,1220.06005859375,1204.4599609375,1216.010009765625,5248890000.0,^GSPC
2011-09-19,1214.989990234375,1214.989990234375,1188.3599853515625,1204.0899658203125,4254190000.0,^GSPC
2011-09-20,1204.5,1220.3900146484375,1201.2900390625,1202.0899658203125,4315610000.0,^GSPC
2011-09-21,1203.6300048828125,1206.300048828125,1166.2099609375,1166.760009765625,4728550000.0,^GSPC
2011-09-22,1164.550048828125,1164.550048828125,1114.219970703125,1129.56005859375,6703140000.0,^GSPC
2011-09-23,1128.8199462890625,1141.719970703125,1121.3599853515625,1136.4300537109375,5639930000.0,^GSPC
2011-09-26,1136.9100341796875,1164.18994140625,1131.0699462890625,1162.949951171875,4762830000.0,^GSPC
2011-09-27,1163.3199462890625,1195.8599853515625,1163.3199462890625,1175.3800048828125,5548130000.0,^GSPC
2011-09-28,1175.3900146484375,1184.7099609375,1150.4000244140625,1151.06005859375,4787920000.0,^GSPC
2011-09-29,1151.739990234375,1175.8699951171875,1139.9300537109375,1160.4000244140625,5285740000.0,^GSPC
2011-09-30,1159.9300537109375,1159.9300537109375,1131.3399658203125,1131.4200439453125,4416790000.0,^GSPC
2011-10-03,1131.2099609375,1138.989990234375,1098.9200439453125,1099.22998046875,5670340000.0,^GSPC
2011-10-04,1097.4200439453125,1125.1199951171875,1074.77001953125,1123.949951171875,3714670000.0,^GSPC
2011-10-05,1124.030029296875,1146.0699462890625,1115.6800537109375,1144.030029296875,2510620000.0,^GSPC
2011-10-06,1144.1099853515625,1165.550048828125,1134.949951171875,1164.969970703125,5098330000.0,^GSPC
2011-10-07,1165.030029296875,1171.4000244140625,1150.260009765625,1155.4599609375,5580380000.0,^GSPC
2011-10-10,1158.1500244140625,1194.9100341796875,1158.1500244140625,1194.8900146484375,4446800000.0,^GSPC
2011-10-11,1194.5999755859375,1199.239990234375,1187.300048828125,1195.5400390625,4424500000.0,^GSPC
2011-10-12,1196.18994140625,1220.25,1196.18994140625,1207.25,5355360000.0,^GSPC
2011-10-13,1206.9599609375,1207.4599609375,1190.5799560546875,1203.6600341796875,4436270000.0,^GSPC
2011-10-14,1205.6500244140625,1224.6099853515625,1205.6500244140625,1224.5799560546875,4116690000.0,^GSPC
2011-10-17,1224.469970703125,1224.469970703125,1198.550048828125,1200.8599853515625,4300700000.0,^GSPC
2011-10-18,1200.75,1233.0999755859375,1191.47998046875,1225.3800048828125,4840170000.0,^GSPC
2011-10-19,1223.4599609375,1229.6400146484375,1206.31005859375,1209.8800048828125,4846390000.0,^GSPC
2011-10-20,1209.9200439453125,1219.530029296875,1197.3399658203125,1215.3900146484375,4870290000.0,^GSPC
2011-10-21,1215.3900146484375,1239.030029296875,1215.3900146484375,1238.25,4980770000.0,^GSPC
2011-10-24,1238.719970703125,1256.550048828125,1238.719970703125,1254.18994140625,4309380000.0,^GSPC
2011-10-25,1254.18994140625,1254.18994140625,1226.7900390625,1229.050048828125,4473970000.0,^GSPC
2011-10-26,1229.1700439453125,1246.280029296875,1221.06005859375,1242.0,4873530000.0,^GSPC
2011-10-27,1243.969970703125,1292.6600341796875,1243.969970703125,1284.5899658203125,6367610000.0,^GSPC
2011-10-28,1284.3900146484375,1287.0799560546875,1277.010009765625,1285.0899658203125,4536690000.0,^GSPC
2011-10-31,1284.9599609375,1284.9599609375,1253.1600341796875,1253.300048828125,4310210000.0,^GSPC
2011-11-01,1251.0,1251.0,1215.4200439453125,1218.280029296875,5645540000.0,^GSPC
2011-11-02,1219.6199951171875,1242.47998046875,1219.6199951171875,1237.9000244140625,4110530000.0,^GSPC
2011-11-03,1238.25,1263.2099609375,1234.81005859375,1261.1500244140625,4849140000.0,^GSPC
2011-11-04,1260.8199462890625,1260.8199462890625,1238.9200439453125,1253.22998046875,3830650000.0,^GSPC
2011-11-07,1253.2099609375,1261.699951171875,1240.75,1261.1199951171875,3429740000.0,^GSPC
2011-11-08,1261.1199951171875,1277.550048828125,1254.989990234375,1275.9200439453125,3908490000.0,^GSPC
2011-11-09,1275.1800537109375,1275.1800537109375,1226.6400146484375,1229.0999755859375,4659740000.0,^GSPC
2011-11-10,1229.5899658203125,1246.219970703125,1227.699951171875,1239.699951171875,4002760000.0,^GSPC
2011-11-11,1240.1199951171875,1266.97998046875,1240.1199951171875,1263.8499755859375,3370180000.0,^GSPC
2011-11-14,1263.8499755859375,1263.8499755859375,1246.6800537109375,1251.780029296875,3219680000.0,^GSPC
2011-11-15,1251.699951171875,1264.25,1244.3399658203125,1257.81005859375,3599300000.0,^GSPC
2011-11-16,1257.81005859375,1259.6099853515625,1235.6700439453125,1236.9100341796875,4085010000.0,^GSPC
2011-11-17,1236.56005859375,1237.72998046875,1209.4300537109375,1216.1300048828125,4596450000.0,^GSPC
2011-11-18,1216.18994140625,1223.510009765625,1211.3599853515625,1215.6500244140625,3827610000.0,^GSPC
2011-11-21,1215.6199951171875,1215.6199951171875,1183.1600341796875,1192.97998046875,4050070000.0,^GSPC
2011-11-22,1192.97998046875,1196.81005859375,1181.6500244140625,1188.0400390625,3911710000.0,^GSPC
2011-11-23,1187.47998046875,1187.47998046875,1161.7900390625,1161.7900390625,3798940000.0,^GSPC
2011-11-25,1161.4100341796875,1172.6600341796875,1158.6600341796875,1158.6700439453125,1664200000.0,^GSPC
2011-11-28,1158.6700439453125,1197.3499755859375,1158.6700439453125,1192.550048828125,3920750000.0,^GSPC
2011-11-29,1192.56005859375,1203.6700439453125,1191.800048828125,1195.18994140625,3992650000.0,^GSPC
2011-11-30,1196.719970703125,1247.1099853515625,1196.719970703125,1246.9599609375,5801910000.0,^GSPC
2011-12-01,1246.9100341796875,1251.0899658203125,1239.72998046875,1244.5799560546875,3818680000.0,^GSPC
2011-12-02,1246.030029296875,1260.0799560546875,1243.3499755859375,1244.280029296875,4144310000.0,^GSPC
2011-12-05,1244.3299560546875,1266.72998046875,1244.3299560546875,1257.0799560546875,4148060000.0,^GSPC
2011-12-06,1257.18994140625,1266.030029296875,1253.030029296875,1258.469970703125,3734230000.0,^GSPC
2011-12-07,1258.1400146484375,1267.06005859375,1244.800048828125,1261.010009765625,4160540000.0,^GSPC
2011-12-08,1260.8699951171875,1260.8699951171875,1231.469970703125,1234.3499755859375,4298370000.0,^GSPC
2011-12-09,1234.47998046875,1258.25,1234.47998046875,1255.18994140625,3830610000.0,^GSPC
2011-12-12,1255.050048828125,1255.050048828125,1227.25,1236.469970703125,3600570000.0,^GSPC
2011-12-13,1236.8299560546875,1249.8599853515625,1219.4300537109375,1225.72998046875,4121570000.0,^GSPC
2011-12-14,1225.72998046875,1225.72998046875,1209.469970703125,1211.8199462890625,4298290000.0,^GSPC
2011-12-15,1212.1199951171875,1225.5999755859375,1212.1199951171875,1215.75,3810340000.0,^GSPC
2011-12-16,1216.0899658203125,1231.0400390625,1215.199951171875,1219.6600341796875,5345800000.0,^GSPC
2011-12-19,1219.739990234375,1224.5699462890625,1202.3699951171875,1205.3499755859375,3659820000.0,^GSPC
2011-12-20,1205.719970703125,1242.8199462890625,1205.719970703125,1241.300048828125,4055590000.0,^GSPC
2011-12-21,1241.25,1245.0899658203125,1229.510009765625,1243.719970703125,2959020000.0,^GSPC
2011-12-22,1243.719970703125,1255.219970703125,1243.719970703125,1254.0,3492250000.0,^GSPC
2011-12-23,1254.0,1265.4200439453125,1254.0,1265.3299560546875,2233830000.0,^GSPC
2011-12-27,1265.02001953125,1269.3699951171875,1262.300048828125,1265.4300537109375,2130590000.0,^GSPC
2011-12-28,1265.3800048828125,1265.8499755859375,1248.6400146484375,1249.6400146484375,2349980000.0,^GSPC
2011-12-29,1249.75,1263.5400390625,1249.75,1263.02001953125,2278130000.0,^GSPC
2011-12-30,1262.8199462890625,1264.1199951171875,1257.4599609375,1257.5999755859375,2271850000.0,^GSPC
2012-01-03,1258.8599853515625,1284.6199951171875,1258.8599853515625,1277.06005859375,3943710000.0,^GSPC
2012-01-04,1277.030029296875,1278.72998046875,1268.0999755859375,1277.300048828125,3592580000.0,^GSPC
2012-01-05,1277.300048828125,1283.050048828125,1265.260009765625,1281.06005859375,4315950000.0,^GSPC
2012-01-06,1280.9300537109375,1281.8399658203125,1273.3399658203125,1277.81005859375,3656830000.0,^GSPC
2012-01-09,1277.8299560546875,1281.989990234375,1274.550048828125,1280.699951171875,3371600000.0,^GSPC
2012-01-10,1280.77001953125,1296.4599609375,1280.77001953125,1292.0799560546875,4221960000.0,^GSPC
2012-01-11,1292.02001953125,1293.800048828125,1285.4100341796875,1292.47998046875,3968120000.0,^GSPC
2012-01-12,1292.47998046875,1296.8199462890625,1285.77001953125,1295.5,4019890000.0,^GSPC
2012-01-13,1294.8199462890625,1294.8199462890625,1277.5799560546875,1289.0899658203125,3692370000.0,^GSPC
2012-01-17,1290.219970703125,1303.0,1290.219970703125,1293.6700439453125,4010490000.0,^GSPC
2012-01-18,1293.6500244140625,1308.1099853515625,1290.989990234375,1308.0400390625,4096160000.0,^GSPC
2012-01-19,1308.0699462890625,1315.489990234375,1308.0699462890625,1314.5,4465890000.0,^GSPC
2012-01-20,1314.489990234375,1315.3800048828125,1309.1700439453125,1315.3800048828125,3912620000.0,^GSPC
2012-01-23,1315.2900390625,1322.280029296875,1309.8900146484375,1316.0,3770910000.0,^GSPC
2012-01-24,1315.9599609375,1315.9599609375,1306.06005859375,1314.6500244140625,3693560000.0,^GSPC
2012-01-25,1314.4000244140625,1328.300048828125,1307.6500244140625,1326.06005859375,4410910000.0,^GSPC
2012-01-26,1326.280029296875,1333.469970703125,1313.5999755859375,1318.4300537109375,4522070000.0,^GSPC
2012-01-27,1318.25,1320.06005859375,1311.719970703125,1316.3299560546875,4007380000.0,^GSPC
2012-01-30,1316.1600341796875,1316.1600341796875,1300.489990234375,1313.010009765625,3659010000.0,^GSPC
2012-01-31,1313.530029296875,1321.4100341796875,1306.68994140625,1312.4100341796875,4235550000.0,^GSPC
2012-02-01,1312.449951171875,1330.52001953125,1312.449951171875,1324.0899658203125,4504360000.0,^GSPC
2012-02-02,1324.239990234375,1329.18994140625,1321.5699462890625,1325.5400390625,4120920000.0,^GSPC
2012-02-03,1326.2099609375,1345.3399658203125,1326.2099609375,1344.9000244140625,4608550000.0,^GSPC
2012-02-06,1344.3199462890625,1344.3599853515625,1337.52001953125,1344.3299560546875,3379700000.0,^GSPC
2012-02-07,1344.3299560546875,1349.239990234375,1335.9200439453125,1347.050048828125,3742460000.0,^GSPC
2012-02-08,1347.0400390625,1351.0,1341.949951171875,1349.9599609375,4096730000.0,^GSPC
2012-02-09,1349.969970703125,1354.3199462890625,1344.6300048828125,1351.949951171875,4209890000.0,^GSPC
2012-02-10,1351.2099609375,1351.2099609375,1337.3499755859375,1342.6400146484375,3877580000.0,^GSPC
2012-02-13,1343.06005859375,1353.3499755859375,1343.06005859375,1351.77001953125,3618040000.0,^GSPC
2012-02-14,1351.300048828125,1351.300048828125,1340.8299560546875,1350.5,3889520000.0,^GSPC
2012-02-15,1350.52001953125,1355.8699951171875,1340.800048828125,1343.22998046875,4080340000.0,^GSPC
2012-02-16,1342.6099853515625,1359.02001953125,1341.219970703125,1358.0400390625,4108880000.0,^GSPC
2012-02-17,1358.06005859375,1363.4000244140625,1357.239990234375,1361.22998046875,3717640000.0,^GSPC
2012-02-21,1361.219970703125,1367.760009765625,1358.1099853515625,1362.2099609375,3795200000.0,^GSPC
2012-02-22,1362.1099853515625,1362.699951171875,1355.530029296875,1357.6600341796875,3633710000.0,^GSPC
2012-02-23,1357.530029296875,1364.239990234375,1352.280029296875,1363.4599609375,3786450000.0,^GSPC
2012-02-24,1363.4599609375,1368.9200439453125,1363.4599609375,1365.739990234375,3505360000.0,^GSPC
2012-02-27,1365.199951171875,1371.93994140625,1354.9200439453125,1367.5899658203125,3648890000.0,^GSPC
2012-02-28,1367.56005859375,1373.0899658203125,1365.969970703125,1372.1800537109375,3579120000.0,^GSPC
2012-02-29,1372.199951171875,1378.0400390625,1363.81005859375,1365.6800537109375,4482370000.0,^GSPC
2012-03-01,1365.9000244140625,1376.1700439453125,1365.9000244140625,1374.0899658203125,3919240000.0,^GSPC
2012-03-02,1374.0899658203125,1374.530029296875,1366.4200439453125,1369.6300048828125,3283490000.0,^GSPC
2012-03-05,1369.5899658203125,1369.5899658203125,1359.1300048828125,1364.3299560546875,3429480000.0,^GSPC
2012-03-06,1363.6300048828125,1363.6300048828125,1340.030029296875,1343.3599853515625,4191060000.0,^GSPC
2012-03-07,1343.3900146484375,1354.8499755859375,1343.3900146484375,1352.6300048828125,3580380000.0,^GSPC
2012-03-08,1352.6500244140625,1368.719970703125,1352.6500244140625,1365.9100341796875,3543060000.0,^GSPC
2012-03-09,1365.969970703125,1374.760009765625,1365.969970703125,1370.8699951171875,3639470000.0,^GSPC
2012-03-12,1370.780029296875,1373.0400390625,1366.68994140625,1371.0899658203125,3081870000.0,^GSPC
2012-03-13,1371.9200439453125,1396.1300048828125,1371.9200439453125,1395.949951171875,4386470000.0,^GSPC
2012-03-14,1395.949951171875,1399.4200439453125,1389.969970703125,1394.280029296875,4502280000.0,^GSPC
2012-03-15,1394.1700439453125,1402.6300048828125,1392.780029296875,1402.5999755859375,4271650000.0,^GSPC
2012-03-16,1402.550048828125,1405.8800048828125,1401.469970703125,1404.1700439453125,5163950000.0,^GSPC
2012-03-19,1404.1700439453125,1414.0,1402.4300537109375,1409.75,3932570000.0,^GSPC
2012-03-20,1409.5899658203125,1409.5899658203125,1397.6800537109375,1405.52001953125,3695280000.0,^GSPC
2012-03-21,1405.52001953125,1407.75,1400.6400146484375,1402.8900146484375,3573590000.0,^GSPC
2012-03-22,1402.8900146484375,1402.8900146484375,1388.72998046875,1392.780029296875,3740590000.0,^GSPC
2012-03-23,1392.780029296875,1399.1800537109375,1386.8699951171875,1397.1099853515625,3472950000.0,^GSPC
2012-03-26,1397.1099853515625,1416.5799560546875,1397.1099853515625,1416.510009765625,3576950000.0,^GSPC
2012-03-27,1416.550048828125,1419.1500244140625,1411.949951171875,1412.52001953125,3513640000.0,^GSPC
2012-03-28,1412.52001953125,1413.6500244140625,1397.199951171875,1405.5400390625,3892800000.0,^GSPC
2012-03-29,1405.3900146484375,1405.3900146484375,1391.56005859375,1403.280029296875,3832000000.0,^GSPC
2012-03-30,1403.31005859375,1410.8900146484375,1401.4200439453125,1408.469970703125,3676890000.0,^GSPC
2012-04-02,1408.469970703125,1422.3800048828125,1404.4599609375,1419.0400390625,3572010000.0,^GSPC
2012-04-03,1418.97998046875,1419.0,1404.6199951171875,1413.3800048828125,3822090000.0,^GSPC
2012-04-04,1413.0899658203125,1413.0899658203125,1394.0899658203125,1398.9599609375,3938290000.0,^GSPC
2012-04-05,1398.7900390625,1401.5999755859375,1392.9200439453125,1398.0799560546875,3303740000.0,^GSPC
2012-04-09,1397.449951171875,1397.449951171875,1378.239990234375,1382.199951171875,3468980000.0,^GSPC
2012-04-10,1382.1800537109375,1383.010009765625,1357.3800048828125,1358.5899658203125,4631730000.0,^GSPC
2012-04-11,1358.97998046875,1374.7099609375,1358.97998046875,1368.7099609375,3743040000.0,^GSPC
2012-04-12,1368.77001953125,1388.1300048828125,1368.77001953125,1387.5699462890625,3618280000.0,^GSPC
2012-04-13,1387.6099853515625,1387.6099853515625,1369.8499755859375,1370.260009765625,3631160000.0,^GSPC
2012-04-16,1370.27001953125,1379.6600341796875,1365.3800048828125,1369.5699462890625,3574780000.0,^GSPC
2012-04-17,1369.5699462890625,1392.760009765625,1369.5699462890625,1390.780029296875,3456200000.0,^GSPC
2012-04-18,1390.780029296875,1390.780029296875,1383.2900390625,1385.1400146484375,3463140000.0,^GSPC
2012-04-19,1385.0799560546875,1390.4599609375,1370.300048828125,1376.9200439453125,4180020000.0,^GSPC
2012-04-20,1376.9599609375,1387.4000244140625,1376.9599609375,1378.530029296875,3833320000.0,^GSPC
2012-04-23,1378.530029296875,1378.530029296875,1358.7900390625,1366.93994140625,3654860000.0,^GSPC
2012-04-24,1366.969970703125,1375.5699462890625,1366.8199462890625,1371.969970703125,3617100000.0,^GSPC
2012-04-25,1372.1099853515625,1391.3699951171875,1372.1099853515625,1390.68994140625,3998430000.0,^GSPC
2012-04-26,1390.6400146484375,1402.0899658203125,1387.280029296875,1399.97998046875,4034700000.0,^GSPC
2012-04-27,1400.18994140625,1406.6400146484375,1397.31005859375,1403.3599853515625,3645830000.0,^GSPC
2012-04-30,1403.260009765625,1403.260009765625,1394.0,1397.9100341796875,3574010000.0,^GSPC
2012-05-01,1397.8599853515625,1415.3199462890625,1395.72998046875,1405.8199462890625,3807950000.0,^GSPC
2012-05-02,1405.5,1405.5,1393.9200439453125,1402.31005859375,3803860000.0,^GSPC
2012-05-03,1402.3199462890625,1403.0699462890625,1388.7099609375,1391.5699462890625,4004910000.0,^GSPC
2012-05-04,1391.510009765625,1391.510009765625,1367.9599609375,1369.0999755859375,3975140000.0,^GSPC
2012-05-07,1368.7900390625,1373.9100341796875,1363.93994140625,1369.5799560546875,3559390000.0,^GSPC
2012-05-08,1369.1600341796875,1369.1600341796875,1347.75,1363.719970703125,4261670000.0,^GSPC
2012-05-09,1363.199951171875,1363.72998046875,1343.1300048828125,1354.5799560546875,4288540000.0,^GSPC
2012-05-10,1354.5799560546875,1365.8800048828125,1354.5799560546875,1357.989990234375,3727990000.0,^GSPC
2012-05-11,1358.1099853515625,1365.6600341796875,1348.8900146484375,1353.3900146484375,3869070000.0,^GSPC
2012-05-14,1351.9300537109375,1351.9300537109375,1336.6099853515625,1338.3499755859375,3688120000.0,^GSPC
2012-05-15,1338.3599853515625,1344.93994140625,1328.4100341796875,1330.6600341796875,4114040000.0,^GSPC
2012-05-16,1330.780029296875,1341.780029296875,1324.7900390625,1324.800048828125,4280420000.0,^GSPC
2012-05-17,1324.8199462890625,1326.3599853515625,1304.8599853515625,1304.8599853515625,4664280000.0,^GSPC
2012-05-18,1305.050048828125,1312.239990234375,1291.97998046875,1295.219970703125,4512470000.0,^GSPC
2012-05-21,1295.72998046875,1316.3900146484375,1295.72998046875,1315.989990234375,3786750000.0,^GSPC
2012-05-22,1316.0899658203125,1328.489990234375,1310.0400390625,1316.6300048828125,4123680000.0,^GSPC
2012-05-23,1316.02001953125,1320.7099609375,1296.530029296875,1318.8599853515625,4108330000.0,^GSPC
2012-05-24,1318.719970703125,1324.1400146484375,1310.5,1320.6800537109375,3937670000.0,^GSPC
2012-05-25,1320.81005859375,1324.199951171875,1314.22998046875,1317.8199462890625,2872660000.0,^GSPC
2012-05-29,1318.9000244140625,1334.9300537109375,1318.9000244140625,1332.4200439453125,3441640000.0,^GSPC
2012-05-30,1331.25,1331.25,1310.760009765625,1313.3199462890625,3534290000.0,^GSPC
2012-05-31,1313.0899658203125,1319.739990234375,1298.9000244140625,1310.3299560546875,4557620000.0,^GSPC
2012-06-01,1309.8699951171875,1309.8699951171875,1277.25,1278.0400390625,4669350000.0,^GSPC
2012-06-04,1278.2900390625,1282.550048828125,1266.739990234375,1278.1800537109375,4011960000.0,^GSPC
2012-06-05,1277.8199462890625,1287.6199951171875,1274.1600341796875,1285.5,3403230000.0,^GSPC
2012-06-06,1285.6099853515625,1315.1300048828125,1285.6099853515625,1315.1300048828125,4268360000.0,^GSPC
2012-06-07,1316.1500244140625,1329.050048828125,1312.6800537109375,1314.989990234375,4258140000.0,^GSPC
2012-06-08,1314.989990234375,1325.81005859375,1307.77001953125,1325.6600341796875,3497190000.0,^GSPC
2012-06-11,1325.719970703125,1335.52001953125,1307.72998046875,1308.9300537109375,3537530000.0,^GSPC
2012-06-12,1309.4000244140625,1324.31005859375,1306.6199951171875,1324.1800537109375,3442920000.0,^GSPC
2012-06-13,1324.02001953125,1327.280029296875,1310.510009765625,1314.8800048828125,3506510000.0,^GSPC
2012-06-14,1314.8800048828125,1333.6800537109375,1314.1400146484375,1329.0999755859375,3687720000.0,^GSPC
2012-06-15,1329.18994140625,1343.3199462890625,1329.18994140625,1342.8399658203125,4401570000.0,^GSPC
2012-06-18,1342.4200439453125,1348.219970703125,1334.4599609375,1344.780029296875,3259430000.0,^GSPC
2012-06-19,1344.8299560546875,1363.4599609375,1344.8299560546875,1357.97998046875,3815350000.0,^GSPC
2012-06-20,1358.0400390625,1361.5699462890625,1346.449951171875,1355.68994140625,3695700000.0,^GSPC
2012-06-21,1355.4300537109375,1358.27001953125,1324.4100341796875,1325.510009765625,4094470000.0,^GSPC
2012-06-22,1325.9200439453125,1337.8199462890625,1325.9200439453125,1335.02001953125,5271490000.0,^GSPC
2012-06-25,1334.9000244140625,1334.9000244140625,1309.27001953125,1313.719970703125,3501820000.0,^GSPC
2012-06-26,1314.0899658203125,1324.239990234375,1310.300048828125,1319.989990234375,3412940000.0,^GSPC
2012-06-27,1320.7099609375,1334.4000244140625,1320.7099609375,1331.8499755859375,3286910000.0,^GSPC
2012-06-28,1331.52001953125,1331.52001953125,1313.2900390625,1329.0400390625,3969370000.0,^GSPC
2012-06-29,1330.1199951171875,1362.1700439453125,1330.1199951171875,1362.1600341796875,4590480000.0,^GSPC
2012-07-02,1362.3299560546875,1366.3499755859375,1355.699951171875,1365.510009765625,3301650000.0,^GSPC
2012-07-03,1365.75,1374.81005859375,1363.530029296875,1374.02001953125,2116390000.0,^GSPC
2012-07-05,1373.719970703125,1373.8499755859375,1363.02001953125,1367.5799560546875,3041520000.0,^GSPC
2012-07-06,1367.0899658203125,1367.0899658203125,1348.030029296875,1354.6800537109375,2745140000.0,^GSPC
2012-07-09,1354.6600341796875,1354.8699951171875,1346.6500244140625,1352.4599609375,2904860000.0,^GSPC
2012-07-10,1352.9599609375,1361.5400390625,1336.27001953125,1341.469970703125,3470600000.0,^GSPC
2012-07-11,1341.4000244140625,1345.0,1333.25,1341.449951171875,3426290000.0,^GSPC
2012-07-12,1341.2900390625,1341.2900390625,1325.4100341796875,1334.760009765625,3654440000.0,^GSPC
2012-07-13,1334.81005859375,1357.699951171875,1334.81005859375,1356.780029296875,3212930000.0,^GSPC
2012-07-16,1356.5,1357.260009765625,1348.510009765625,1353.6400146484375,2862720000.0,^GSPC
2012-07-17,1353.6800537109375,1365.3599853515625,1345.0699462890625,1363.6700439453125,3566680000.0,^GSPC
2012-07-18,1363.5799560546875,1375.260009765625,1358.9599609375,1372.780029296875,3642630000.0,^GSPC
2012-07-19,1373.010009765625,1380.3900146484375,1371.2099609375,1376.510009765625,4043360000.0,^GSPC
2012-07-20,1376.510009765625,1376.510009765625,1362.18994140625,1362.6600341796875,3925020000.0,^GSPC
2012-07-23,1362.3399658203125,1362.3399658203125,1337.56005859375,1350.52001953125,3717180000.0,^GSPC
2012-07-24,1350.52001953125,1351.530029296875,1329.239990234375,1338.31005859375,3891290000.0,^GSPC
2012-07-25,1338.3499755859375,1343.97998046875,1331.5,1337.8900146484375,3719170000.0,^GSPC
2012-07-26,1338.1700439453125,1363.1300048828125,1338.1700439453125,1360.02001953125,4429300000.0,^GSPC
2012-07-27,1360.050048828125,1389.18994140625,1360.050048828125,1385.969970703125,4399010000.0,^GSPC
2012-07-30,1385.93994140625,1391.739990234375,1381.3699951171875,1385.300048828125,3212060000.0,^GSPC
2012-07-31,1385.27001953125,1387.1600341796875,1379.1700439453125,1379.3199462890625,3821570000.0,^GSPC
2012-08-01,1379.3199462890625,1385.030029296875,1373.3499755859375,1375.3199462890625,4440920000.0,^GSPC
2012-08-02,1375.1300048828125,1375.1300048828125,1354.6500244140625,1365.0,4193740000.0,^GSPC
2012-08-03,1365.449951171875,1394.1600341796875,1365.449951171875,1390.989990234375,3751170000.0,^GSPC
2012-08-06,1391.0400390625,1399.6300048828125,1391.0400390625,1394.22998046875,3122050000.0,^GSPC
2012-08-07,1394.4599609375,1407.1400146484375,1394.4599609375,1401.3499755859375,3682490000.0,^GSPC
2012-08-08,1401.22998046875,1404.1400146484375,1396.1300048828125,1402.219970703125,3221790000.0,^GSPC
2012-08-09,1402.260009765625,1405.949951171875,1398.800048828125,1402.800048828125,3119610000.0,^GSPC
2012-08-10,1402.5799560546875,1405.97998046875,1395.6199951171875,1405.8699951171875,2767980000.0,^GSPC
2012-08-13,1405.8699951171875,1405.8699951171875,1397.3199462890625,1404.1099853515625,2499990000.0,^GSPC
2012-08-14,1404.3599853515625,1410.030029296875,1400.5999755859375,1403.9300537109375,2930900000.0,^GSPC
2012-08-15,1403.8900146484375,1407.72998046875,1401.8299560546875,1405.530029296875,2655750000.0,^GSPC
2012-08-16,1405.5699462890625,1417.43994140625,1404.1500244140625,1415.510009765625,3114100000.0,^GSPC
2012-08-17,1415.8399658203125,1418.7099609375,1414.6700439453125,1418.1600341796875,2922990000.0,^GSPC
2012-08-20,1417.8499755859375,1418.1300048828125,1412.1199951171875,1418.1300048828125,2766320000.0,^GSPC
2012-08-21,1418.1300048828125,1426.6800537109375,1410.8599853515625,1413.1700439453125,3282950000.0,^GSPC
2012-08-22,1413.0899658203125,1416.1199951171875,1406.780029296875,1413.489990234375,3062690000.0,^GSPC
2012-08-23,1413.489990234375,1413.489990234375,1400.5,1402.0799560546875,3008240000.0,^GSPC
2012-08-24,1401.989990234375,1413.4599609375,1398.0400390625,1411.1300048828125,2598790000.0,^GSPC
2012-08-27,1411.1300048828125,1416.1700439453125,1409.1099853515625,1410.43994140625,2472500000.0,^GSPC
2012-08-28,1410.43994140625,1413.6300048828125,1405.5899658203125,1409.300048828125,2629090000.0,^GSPC
2012-08-29,1409.3199462890625,1413.949951171875,1406.5699462890625,1410.489990234375,2571220000.0,^GSPC
2012-08-30,1410.0799560546875,1410.0799560546875,1397.010009765625,1399.47998046875,2530280000.0,^GSPC
2012-08-31,1400.0699462890625,1413.0899658203125,1398.9599609375,1406.5799560546875,2938250000.0,^GSPC
2012-09-04,1406.5400390625,1409.31005859375,1396.56005859375,1404.93994140625,3200310000.0,^GSPC
2012-09-05,1404.93994140625,1408.81005859375,1401.25,1403.43994140625,3389110000.0,^GSPC
2012-09-06,1403.739990234375,1432.1199951171875,1403.739990234375,1432.1199951171875,3952870000.0,^GSPC
2012-09-07,1432.1199951171875,1437.9200439453125,1431.449951171875,1437.9200439453125,3717620000.0,^GSPC
2012-09-10,1437.9200439453125,1438.739990234375,1428.97998046875,1429.0799560546875,3223670000.0,^GSPC
2012-09-11,1429.1300048828125,1437.760009765625,1429.1300048828125,1433.56005859375,3509630000.0,^GSPC
2012-09-12,1433.56005859375,1439.1500244140625,1432.989990234375,1436.56005859375,3641200000.0,^GSPC
2012-09-13,1436.56005859375,1463.760009765625,1435.3399658203125,1459.989990234375,4606550000.0,^GSPC
2012-09-14,1460.0699462890625,1474.510009765625,1460.0699462890625,1465.77001953125,5041990000.0,^GSPC
2012-09-17,1465.4200439453125,1465.6300048828125,1457.550048828125,1461.18994140625,3482430000.0,^GSPC
2012-09-18,1461.18994140625,1461.469970703125,1456.1300048828125,1459.3199462890625,3377390000.0,^GSPC
2012-09-19,1459.5,1465.1500244140625,1457.8800048828125,1461.050048828125,3451360000.0,^GSPC
2012-09-20,1461.050048828125,1461.22998046875,1449.97998046875,1460.260009765625,3382520000.0,^GSPC
2012-09-21,1460.3399658203125,1467.0699462890625,1459.510009765625,1460.1500244140625,4833870000.0,^GSPC
2012-09-24,1459.760009765625,1460.719970703125,1452.06005859375,1456.8900146484375,3008920000.0,^GSPC
2012-09-25,1456.93994140625,1463.239990234375,1441.5899658203125,1441.5899658203125,3739900000.0,^GSPC
2012-09-26,1441.5999755859375,1441.5999755859375,1430.530029296875,1433.3199462890625,3565380000.0,^GSPC
2012-09-27,1433.3599853515625,1450.199951171875,1433.3599853515625,1447.1500244140625,3150330000.0,^GSPC
2012-09-28,1447.1300048828125,1447.1300048828125,1435.5999755859375,1440.6700439453125,3509230000.0,^GSPC
2012-10-01,1440.9000244140625,1457.1400146484375,1440.9000244140625,1444.489990234375,3505080000.0,^GSPC
2012-10-02,1444.989990234375,1451.52001953125,1439.010009765625,1445.75,3321790000.0,^GSPC
2012-10-03,1446.050048828125,1454.300048828125,1441.989990234375,1450.989990234375,3531640000.0,^GSPC
2012-10-04,1451.0799560546875,1463.1400146484375,1451.0799560546875,1461.4000244140625,3615860000.0,^GSPC
2012-10-05,1461.4000244140625,1470.9599609375,1456.8900146484375,1460.9300537109375,3172940000.0,^GSPC
2012-10-08,1460.9300537109375,1460.9300537109375,1453.0999755859375,1455.8800048828125,2328720000.0,^GSPC
2012-10-09,1455.9000244140625,1455.9000244140625,1441.1800537109375,1441.47998046875,3216320000.0,^GSPC
2012-10-10,1441.47998046875,1442.52001953125,1430.6400146484375,1432.56005859375,3225060000.0,^GSPC
2012-10-11,1432.8199462890625,1443.9000244140625,1432.8199462890625,1432.8399658203125,3672540000.0,^GSPC
2012-10-12,1432.8399658203125,1438.4300537109375,1425.530029296875,1428.5899658203125,3134750000.0,^GSPC
2012-10-15,1428.75,1441.31005859375,1427.239990234375,1440.1300048828125,3483810000.0,^GSPC
2012-10-16,1440.31005859375,1455.510009765625,1440.31005859375,1454.9200439453125,3568770000.0,^GSPC
2012-10-17,1454.219970703125,1462.199951171875,1453.3499755859375,1460.9100341796875,3655320000.0,^GSPC
2012-10-18,1460.93994140625,1464.02001953125,1452.6300048828125,1457.3399658203125,3880030000.0,^GSPC
2012-10-19,1457.3399658203125,1457.3399658203125,1429.8499755859375,1433.18994140625,3875170000.0,^GSPC
2012-10-22,1433.2099609375,1435.4599609375,1422.06005859375,1433.8199462890625,3216220000.0,^GSPC
2012-10-23,1433.739990234375,1433.739990234375,1407.56005859375,1413.1099853515625,3587670000.0,^GSPC
2012-10-24,1413.199951171875,1420.0400390625,1407.0999755859375,1408.75,3385970000.0,^GSPC
2012-10-25,1409.739990234375,1421.1199951171875,1405.1400146484375,1412.969970703125,3512640000.0,^GSPC
2012-10-26,1412.969970703125,1417.0899658203125,1403.280029296875,1411.93994140625,3284910000.0,^GSPC
2012-10-31,1410.989990234375,1418.760009765625,1405.949951171875,1412.1600341796875,3577110000.0,^GSPC
2012-11-01,1412.199951171875,1428.3499755859375,1412.199951171875,1427.5899658203125,3929890000.0,^GSPC
2012-11-02,1427.5899658203125,1434.27001953125,1412.9100341796875,1414.199951171875,3732480000.0,^GSPC
2012-11-05,1414.02001953125,1419.9000244140625,1408.1300048828125,1417.260009765625,2921040000.0,^GSPC
2012-11-06,1417.260009765625,1433.3800048828125,1417.260009765625,1428.3900146484375,3306970000.0,^GSPC
2012-11-07,1428.27001953125,1428.27001953125,1388.1400146484375,1394.530029296875,4356490000.0,^GSPC
2012-11-08,1394.530029296875,1401.22998046875,1377.510009765625,1377.510009765625,3779520000.0,^GSPC
2012-11-09,1377.550048828125,1391.3900146484375,1373.030029296875,1379.8499755859375,3647350000.0,^GSPC
2012-11-12,1379.8599853515625,1384.8699951171875,1377.18994140625,1380.030029296875,2567540000.0,^GSPC
2012-11-13,1380.030029296875,1388.81005859375,1371.3900146484375,1374.530029296875,3455550000.0,^GSPC
2012-11-14,1374.6400146484375,1380.1300048828125,1352.5,1355.489990234375,4109510000.0,^GSPC
2012-11-15,1355.4100341796875,1360.6199951171875,1348.050048828125,1353.3299560546875,3928870000.0,^GSPC
2012-11-16,1353.3599853515625,1362.030029296875,1343.3499755859375,1359.8800048828125,4045910000.0,^GSPC
2012-11-19,1359.8800048828125,1386.8900146484375,1359.8800048828125,1386.8900146484375,3374800000.0,^GSPC
2012-11-20,1386.8199462890625,1389.77001953125,1377.0400390625,1387.81005859375,3207160000.0,^GSPC
2012-11-21,1387.7900390625,1391.25,1386.3900146484375,1391.030029296875,2667090000.0,^GSPC
2012-11-23,1391.030029296875,1409.1600341796875,1391.030029296875,1409.1500244140625,1504960000.0,^GSPC
2012-11-26,1409.1500244140625,1409.1500244140625,1397.6800537109375,1406.2900390625,2948960000.0,^GSPC
2012-11-27,1406.2900390625,1409.010009765625,1398.030029296875,1398.93994140625,3323120000.0,^GSPC
2012-11-28,1398.77001953125,1410.31005859375,1385.4300537109375,1409.9300537109375,3359250000.0,^GSPC
2012-11-29,1409.9599609375,1419.699951171875,1409.0400390625,1415.949951171875,3356850000.0,^GSPC
2012-11-30,1415.949951171875,1418.8599853515625,1411.6300048828125,1416.1800537109375,3966000000.0,^GSPC
2012-12-03,1416.3399658203125,1423.72998046875,1408.4599609375,1409.4599609375,3074280000.0,^GSPC
2012-12-04,1409.4599609375,1413.1400146484375,1403.6500244140625,1407.050048828125,3247710000.0,^GSPC
2012-12-05,1407.050048828125,1415.56005859375,1398.22998046875,1409.280029296875,4253920000.0,^GSPC
2012-12-06,1409.4300537109375,1413.949951171875,1405.9300537109375,1413.93994140625,3229700000.0,^GSPC
2012-12-07,1413.949951171875,1420.3399658203125,1410.9000244140625,1418.0699462890625,3125160000.0,^GSPC
2012-12-10,1418.0699462890625,1421.6400146484375,1415.6400146484375,1418.550048828125,2999430000.0,^GSPC
2012-12-11,1418.550048828125,1434.27001953125,1418.550048828125,1427.8399658203125,3650230000.0,^GSPC
2012-12-12,1427.8399658203125,1438.5899658203125,1426.760009765625,1428.47998046875,3709050000.0,^GSPC
2012-12-13,1428.47998046875,1431.3599853515625,1416.0,1419.449951171875,3349960000.0,^GSPC
2012-12-14,1419.449951171875,1419.449951171875,1411.8800048828125,1413.5799560546875,3210170000.0,^GSPC
2012-12-17,1413.5400390625,1430.6700439453125,1413.5400390625,1430.3599853515625,3455610000.0,^GSPC
2012-12-18,1430.469970703125,1448.0,1430.469970703125,1446.7900390625,4302240000.0,^GSPC
2012-12-19,1446.7900390625,1447.75,1435.800048828125,1435.81005859375,3869800000.0,^GSPC
2012-12-20,1435.81005859375,1443.699951171875,1432.8199462890625,1443.68994140625,3686580000.0,^GSPC
2012-12-21,1443.6700439453125,1443.6700439453125,1422.5799560546875,1430.1500244140625,5229160000.0,^GSPC
2012-12-24,1430.1500244140625,1430.1500244140625,1424.6600341796875,1426.6600341796875,1248960000.0,^GSPC
2012-12-26,1426.6600341796875,1429.4200439453125,1416.4300537109375,1419.8299560546875,2285030000.0,^GSPC
2012-12-27,1419.8299560546875,1422.800048828125,1401.800048828125,1418.0999755859375,2830180000.0,^GSPC
2012-12-28,1418.0999755859375,1418.0999755859375,1401.5799560546875,1402.4300537109375,2426680000.0,^GSPC
2012-12-31,1402.4300537109375,1426.739990234375,1398.1099853515625,1426.18994140625,3204330000.0,^GSPC
2013-01-02,1426.18994140625,1462.4300537109375,1426.18994140625,1462.4200439453125,4202600000.0,^GSPC
2013-01-03,1462.4200439453125,1465.469970703125,1455.530029296875,1459.3699951171875,3829730000.0,^GSPC
2013-01-04,1459.3699951171875,1467.93994140625,1458.989990234375,1466.469970703125,3424290000.0,^GSPC
2013-01-07,1466.469970703125,1466.469970703125,1456.6199951171875,1461.8900146484375,3304970000.0,^GSPC
2013-01-08,1461.8900146484375,1461.8900146484375,1451.6400146484375,1457.1500244140625,3601600000.0,^GSPC
2013-01-09,1457.1500244140625,1464.72998046875,1457.1500244140625,1461.02001953125,3674390000.0,^GSPC
2013-01-10,1461.02001953125,1472.300048828125,1461.02001953125,1472.1199951171875,4081840000.0,^GSPC
2013-01-11,1472.1199951171875,1472.75,1467.5799560546875,1472.050048828125,3340650000.0,^GSPC
2013-01-14,1472.050048828125,1472.050048828125,1465.68994140625,1470.6800537109375,3003010000.0,^GSPC
2013-01-15,1470.6700439453125,1473.31005859375,1463.760009765625,1472.3399658203125,3135350000.0,^GSPC
2013-01-16,1472.3299560546875,1473.9599609375,1467.5999755859375,1472.6300048828125,3384080000.0,^GSPC
2013-01-17,1472.6300048828125,1485.1600341796875,1472.6300048828125,1480.93994140625,3706710000.0,^GSPC
2013-01-18,1480.949951171875,1485.97998046875,1475.81005859375,1485.97998046875,3795740000.0,^GSPC
2013-01-22,1485.97998046875,1492.56005859375,1481.1600341796875,1492.56005859375,3570950000.0,^GSPC
2013-01-23,1492.56005859375,1496.1300048828125,1489.9000244140625,1494.81005859375,3552010000.0,^GSPC
2013-01-24,1494.81005859375,1502.27001953125,1489.4599609375,1494.8199462890625,3699430000.0,^GSPC
2013-01-25,1494.8199462890625,1503.260009765625,1494.8199462890625,1502.9599609375,3476290000.0,^GSPC
2013-01-28,1502.9599609375,1503.22998046875,1496.3299560546875,1500.1800537109375,3388540000.0,^GSPC
2013-01-29,1500.1800537109375,1509.3499755859375,1498.0899658203125,1507.8399658203125,3949640000.0,^GSPC
2013-01-30,1507.8399658203125,1509.93994140625,1500.1099853515625,1501.9599609375,3726810000.0,^GSPC
2013-01-31,1501.9599609375,1504.18994140625,1496.760009765625,1498.1099853515625,3999880000.0,^GSPC
2013-02-01,1498.1099853515625,1514.4100341796875,1498.1099853515625,1513.1700439453125,3836320000.0,^GSPC
2013-02-04,1513.1700439453125,1513.1700439453125,1495.02001953125,1495.7099609375,3390000000.0,^GSPC
2013-02-05,1495.7099609375,1514.9599609375,1495.7099609375,1511.2900390625,3618360000.0,^GSPC
2013-02-06,1511.2900390625,1512.530029296875,1504.7099609375,1512.1199951171875,3611570000.0,^GSPC
2013-02-07,1512.1199951171875,1512.9000244140625,1498.489990234375,1509.3900146484375,3614580000.0,^GSPC
2013-02-08,1509.3900146484375,1518.31005859375,1509.3900146484375,1517.9300537109375,2986150000.0,^GSPC
2013-02-11,1517.9300537109375,1518.31005859375,1513.6099853515625,1517.010009765625,2684100000.0,^GSPC
2013-02-12,1517.010009765625,1522.2900390625,1515.6099853515625,1519.4300537109375,3414370000.0,^GSPC
2013-02-13,1519.4300537109375,1524.68994140625,1515.9300537109375,1520.3299560546875,3385880000.0,^GSPC
2013-02-14,1520.3299560546875,1523.1400146484375,1514.02001953125,1521.3800048828125,3759740000.0,^GSPC
2013-02-15,1521.3800048828125,1524.239990234375,1514.1400146484375,1519.7900390625,3838510000.0,^GSPC
2013-02-19,1519.7900390625,1530.93994140625,1519.7900390625,1530.93994140625,3748910000.0,^GSPC
2013-02-20,1530.93994140625,1530.93994140625,1511.4100341796875,1511.949951171875,4240570000.0,^GSPC
2013-02-21,1511.949951171875,1511.949951171875,1497.2900390625,1502.4200439453125,4274600000.0,^GSPC
2013-02-22,1502.4200439453125,1515.6400146484375,1502.4200439453125,1515.5999755859375,3419320000.0,^GSPC
2013-02-25,1515.5999755859375,1525.8399658203125,1487.8499755859375,1487.8499755859375,4011050000.0,^GSPC
2013-02-26,1487.8499755859375,1498.989990234375,1485.010009765625,1496.93994140625,3975280000.0,^GSPC
2013-02-27,1496.93994140625,1520.0799560546875,1494.8800048828125,1515.989990234375,3551850000.0,^GSPC
2013-02-28,1515.989990234375,1525.3399658203125,1514.4599609375,1514.6800537109375,3912320000.0,^GSPC
2013-03-01,1514.6800537109375,1519.989990234375,1501.47998046875,1518.199951171875,3695610000.0,^GSPC
2013-03-04,1518.199951171875,1525.27001953125,1512.2900390625,1525.199951171875,3414430000.0,^GSPC
2013-03-05,1525.199951171875,1543.469970703125,1525.199951171875,1539.7900390625,3610690000.0,^GSPC
2013-03-06,1539.7900390625,1545.25,1538.1099853515625,1541.4599609375,3676890000.0,^GSPC
2013-03-07,1541.4599609375,1545.780029296875,1541.4599609375,1544.260009765625,3634710000.0,^GSPC
2013-03-08,1544.260009765625,1552.47998046875,1542.93994140625,1551.1800537109375,3652260000.0,^GSPC
2013-03-11,1551.1500244140625,1556.27001953125,1547.3599853515625,1556.219970703125,3091080000.0,^GSPC
2013-03-12,1556.219970703125,1556.77001953125,1548.239990234375,1552.47998046875,3274910000.0,^GSPC
2013-03-13,1552.47998046875,1556.3900146484375,1548.25,1554.52001953125,3073830000.0,^GSPC
2013-03-14,1554.52001953125,1563.3199462890625,1554.52001953125,1563.22998046875,3459260000.0,^GSPC
2013-03-15,1563.2099609375,1563.6199951171875,1555.739990234375,1560.699951171875,5175850000.0,^GSPC
2013-03-18,1560.699951171875,1560.699951171875,1545.1300048828125,1552.0999755859375,3164560000.0,^GSPC
2013-03-19,1552.0999755859375,1557.25,1538.5699462890625,1548.3399658203125,3796210000.0,^GSPC
2013-03-20,1548.3399658203125,1561.56005859375,1548.3399658203125,1558.7099609375,3349090000.0,^GSPC
2013-03-21,1558.7099609375,1558.7099609375,1543.550048828125,1545.800048828125,3243270000.0,^GSPC
2013-03-22,1545.9000244140625,1557.739990234375,1545.9000244140625,1556.8900146484375,2948380000.0,^GSPC
2013-03-25,1556.8900146484375,1564.9100341796875,1546.219970703125,1551.68994140625,3178170000.0,^GSPC
2013-03-26,1551.68994140625,1563.949951171875,1551.68994140625,1563.77001953125,2869260000.0,^GSPC
2013-03-27,1563.75,1564.0699462890625,1551.9000244140625,1562.8499755859375,2914210000.0,^GSPC
2013-03-28,1562.8599853515625,1570.280029296875,1561.0799560546875,1569.18994140625,3304440000.0,^GSPC
2013-04-01,1569.1800537109375,1570.5699462890625,1558.469970703125,1562.1700439453125,2753110000.0,^GSPC
2013-04-02,1562.1700439453125,1573.6600341796875,1562.1700439453125,1570.25,3312160000.0,^GSPC
2013-04-03,1570.25,1571.469970703125,1549.800048828125,1553.68994140625,4060610000.0,^GSPC
2013-04-04,1553.68994140625,1562.5999755859375,1552.52001953125,1559.97998046875,3350670000.0,^GSPC
2013-04-05,1559.97998046875,1559.97998046875,1539.5,1553.280029296875,3515410000.0,^GSPC
2013-04-08,1553.260009765625,1563.0699462890625,1548.6300048828125,1563.0699462890625,2887120000.0,^GSPC
2013-04-09,1563.1099853515625,1573.8900146484375,1560.9200439453125,1568.6099853515625,3252780000.0,^GSPC
2013-04-10,1568.6099853515625,1589.0699462890625,1568.6099853515625,1587.72998046875,3453350000.0,^GSPC
2013-04-11,1587.72998046875,1597.3499755859375,1586.1700439453125,1593.3699951171875,3393950000.0,^GSPC
2013-04-12,1593.300048828125,1593.300048828125,1579.969970703125,1588.8499755859375,3206290000.0,^GSPC
2013-04-15,1588.8399658203125,1588.8399658203125,1552.280029296875,1552.3599853515625,4660130000.0,^GSPC
2013-04-16,1552.3599853515625,1575.3499755859375,1552.3599853515625,1574.5699462890625,3654700000.0,^GSPC
2013-04-17,1574.5699462890625,1574.5699462890625,1543.68994140625,1552.010009765625,4250310000.0,^GSPC
2013-04-18,1552.030029296875,1554.3800048828125,1536.030029296875,1541.6099853515625,3890800000.0,^GSPC
2013-04-19,1541.6099853515625,1555.8900146484375,1539.4000244140625,1555.25,3569870000.0,^GSPC
2013-04-22,1555.25,1565.550048828125,1548.18994140625,1562.5,2979880000.0,^GSPC
2013-04-23,1562.5,1579.5799560546875,1562.5,1578.780029296875,3565150000.0,^GSPC
2013-04-24,1578.780029296875,1583.0,1575.800048828125,1578.7900390625,3598240000.0,^GSPC
2013-04-25,1578.9300537109375,1592.6400146484375,1578.9300537109375,1585.1600341796875,3908580000.0,^GSPC
2013-04-26,1585.1600341796875,1585.780029296875,1577.56005859375,1582.239990234375,3198620000.0,^GSPC
2013-04-29,1582.3399658203125,1596.6500244140625,1582.3399658203125,1593.6099853515625,2891200000.0,^GSPC
2013-04-30,1593.5799560546875,1597.5699462890625,1586.5,1597.5699462890625,3745070000.0,^GSPC
2013-05-01,1597.550048828125,1597.550048828125,1581.280029296875,1582.699951171875,3530320000.0,^GSPC
2013-05-02,1582.77001953125,1598.5999755859375,1582.77001953125,1597.5899658203125,3366950000.0,^GSPC
2013-05-03,1597.5999755859375,1618.4599609375,1597.5999755859375,1614.4200439453125,3603910000.0,^GSPC
2013-05-06,1614.4000244140625,1619.77001953125,1614.2099609375,1617.5,3062240000.0,^GSPC
2013-05-07,1617.550048828125,1626.030029296875,1616.6400146484375,1625.9599609375,3309580000.0,^GSPC
2013-05-08,1625.949951171875,1632.780029296875,1622.699951171875,1632.68994140625,3554700000.0,^GSPC
2013-05-09,1632.68994140625,1635.010009765625,1623.0899658203125,1626.6700439453125,3457400000.0,^GSPC
2013-05-10,1626.68994140625,1633.699951171875,1623.7099609375,1633.699951171875,3086470000.0,^GSPC
2013-05-13,1632.0999755859375,1636.0,1626.739990234375,1633.77001953125,2910600000.0,^GSPC
2013-05-14,1633.75,1651.0999755859375,1633.75,1650.3399658203125,3457790000.0,^GSPC
2013-05-15,1649.1300048828125,1661.489990234375,1646.6800537109375,1658.780029296875,3657440000.0,^GSPC
2013-05-16,1658.0699462890625,1660.510009765625,1648.5999755859375,1650.469970703125,3513130000.0,^GSPC
2013-05-17,1652.449951171875,1667.469970703125,1652.449951171875,1667.469970703125,3440710000.0,^GSPC
2013-05-20,1665.7099609375,1672.8399658203125,1663.52001953125,1666.2900390625,3275080000.0,^GSPC
2013-05-21,1666.199951171875,1674.9300537109375,1662.6700439453125,1669.1600341796875,3513560000.0,^GSPC
2013-05-22,1669.3900146484375,1687.1800537109375,1648.8599853515625,1655.3499755859375,4361020000.0,^GSPC
2013-05-23,1651.6199951171875,1655.5,1635.530029296875,1650.510009765625,3945510000.0,^GSPC
2013-05-24,1646.6700439453125,1649.780029296875,1636.8800048828125,1649.5999755859375,2758080000.0,^GSPC
2013-05-28,1652.6300048828125,1674.2099609375,1652.6300048828125,1660.06005859375,3457400000.0,^GSPC
2013-05-29,1656.5699462890625,1656.5699462890625,1640.050048828125,1648.3599853515625,3587140000.0,^GSPC
2013-05-30,1649.1400146484375,1661.9100341796875,1648.6099853515625,1654.4100341796875,3498620000.0,^GSPC
2013-05-31,1652.1300048828125,1658.989990234375,1630.739990234375,1630.739990234375,4099600000.0,^GSPC
2013-06-03,1631.7099609375,1640.4200439453125,1622.719970703125,1640.4200439453125,3952070000.0,^GSPC
2013-06-04,1640.72998046875,1646.530029296875,1623.6199951171875,1631.3800048828125,3653840000.0,^GSPC
2013-06-05,1629.050048828125,1629.31005859375,1607.0899658203125,1608.9000244140625,3632350000.0,^GSPC
2013-06-06,1609.2900390625,1622.56005859375,1598.22998046875,1622.56005859375,3547380000.0,^GSPC
2013-06-07,1625.27001953125,1644.4000244140625,1625.27001953125,1643.3800048828125,3371990000.0,^GSPC
2013-06-10,1644.6700439453125,1648.68994140625,1639.260009765625,1642.81005859375,2978730000.0,^GSPC
2013-06-11,1638.6400146484375,1640.1300048828125,1622.9200439453125,1626.1300048828125,3435710000.0,^GSPC
2013-06-12,1629.93994140625,1637.7099609375,1610.9200439453125,1612.52001953125,3202550000.0,^GSPC
2013-06-13,1612.1500244140625,1639.25,1608.0699462890625,1636.3599853515625,3378620000.0,^GSPC
2013-06-14,1635.52001953125,1640.800048828125,1623.9599609375,1626.72998046875,2939400000.0,^GSPC
2013-06-17,1630.6400146484375,1646.5,1630.3399658203125,1639.0400390625,3137080000.0,^GSPC
2013-06-18,1639.77001953125,1654.18994140625,1639.77001953125,1651.81005859375,3120980000.0,^GSPC
2013-06-19,1651.8299560546875,1652.449951171875,1628.9100341796875,1628.9300537109375,3545060000.0,^GSPC
2013-06-20,1624.6199951171875,1624.6199951171875,1584.3199462890625,1588.18994140625,4858850000.0,^GSPC
2013-06-21,1588.6199951171875,1599.18994140625,1577.699951171875,1592.4300537109375,5797280000.0,^GSPC
2013-06-24,1588.77001953125,1588.77001953125,1560.3299560546875,1573.0899658203125,4733660000.0,^GSPC
2013-06-25,1577.52001953125,1593.7900390625,1577.0899658203125,1588.030029296875,3761170000.0,^GSPC
2013-06-26,1592.27001953125,1606.8299560546875,1592.27001953125,1603.260009765625,3558340000.0,^GSPC
2013-06-27,1606.43994140625,1620.0699462890625,1606.43994140625,1613.199951171875,3364540000.0,^GSPC
2013-06-28,1611.1199951171875,1615.93994140625,1601.06005859375,1606.280029296875,4977190000.0,^GSPC
2013-07-01,1609.780029296875,1626.6099853515625,1609.780029296875,1614.9599609375,3104690000.0,^GSPC
2013-07-02,1614.2900390625,1624.260009765625,1606.77001953125,1614.0799560546875,3317130000.0,^GSPC
2013-07-03,1611.47998046875,1618.969970703125,1604.5699462890625,1615.4100341796875,1966050000.0,^GSPC
2013-07-05,1618.6500244140625,1632.0699462890625,1614.7099609375,1631.8900146484375,2634140000.0,^GSPC
2013-07-08,1634.199951171875,1644.6800537109375,1634.199951171875,1640.4599609375,3514590000.0,^GSPC
2013-07-09,1642.8900146484375,1654.1800537109375,1642.8900146484375,1652.3199462890625,3155360000.0,^GSPC
2013-07-10,1651.56005859375,1657.9200439453125,1647.6600341796875,1652.6199951171875,3011010000.0,^GSPC
2013-07-11,1657.4100341796875,1676.6300048828125,1657.4100341796875,1675.02001953125,3446340000.0,^GSPC
2013-07-12,1675.260009765625,1680.18994140625,1672.3299560546875,1680.18994140625,3039070000.0,^GSPC
2013-07-15,1679.5899658203125,1684.510009765625,1677.8900146484375,1682.5,2623200000.0,^GSPC
2013-07-16,1682.699951171875,1683.72998046875,1671.8399658203125,1676.260009765625,3081710000.0,^GSPC
2013-07-17,1677.9100341796875,1684.75,1677.9100341796875,1680.9100341796875,3153440000.0,^GSPC
2013-07-18,1681.050048828125,1693.1199951171875,1681.050048828125,1689.3699951171875,3452370000.0,^GSPC
2013-07-19,1686.1500244140625,1692.0899658203125,1684.0799560546875,1692.0899658203125,3302580000.0,^GSPC
2013-07-22,1694.4100341796875,1697.6099853515625,1690.6700439453125,1695.530029296875,2779130000.0,^GSPC
2013-07-23,1696.6300048828125,1698.780029296875,1691.1300048828125,1692.3900146484375,3096180000.0,^GSPC
2013-07-24,1696.06005859375,1698.3800048828125,1682.5699462890625,1685.93994140625,3336120000.0,^GSPC
2013-07-25,1685.2099609375,1690.93994140625,1680.0699462890625,1690.25,3322500000.0,^GSPC
2013-07-26,1687.31005859375,1691.8499755859375,1676.030029296875,1691.6500244140625,2762770000.0,^GSPC
2013-07-29,1690.3199462890625,1690.9200439453125,1681.8599853515625,1685.3299560546875,2840520000.0,^GSPC
2013-07-30,1687.9200439453125,1693.18994140625,1682.4200439453125,1685.9599609375,3320530000.0,^GSPC
2013-07-31,1687.760009765625,1698.4300537109375,1684.93994140625,1685.72998046875,3847390000.0,^GSPC
2013-08-01,1689.4200439453125,1707.8499755859375,1689.4200439453125,1706.8699951171875,3775170000.0,^GSPC
2013-08-02,1706.0999755859375,1709.6700439453125,1700.6800537109375,1709.6700439453125,3136630000.0,^GSPC
2013-08-05,1708.010009765625,1709.239990234375,1703.550048828125,1707.1400146484375,2529300000.0,^GSPC
2013-08-06,1705.7900390625,1705.7900390625,1693.2900390625,1697.3699951171875,3141210000.0,^GSPC
2013-08-07,1695.300048828125,1695.300048828125,1684.9100341796875,1690.9100341796875,3010230000.0,^GSPC
2013-08-08,1693.3499755859375,1700.1800537109375,1688.3800048828125,1697.47998046875,3271660000.0,^GSPC
2013-08-09,1696.0999755859375,1699.4200439453125,1686.02001953125,1691.4200439453125,2957670000.0,^GSPC
2013-08-12,1688.3699951171875,1691.489990234375,1683.3499755859375,1689.469970703125,2789160000.0,^GSPC
2013-08-13,1690.6500244140625,1696.81005859375,1682.6199951171875,1694.1600341796875,3035560000.0,^GSPC
2013-08-14,1693.8800048828125,1695.52001953125,1684.8299560546875,1685.3900146484375,2871430000.0,^GSPC
2013-08-15,1679.6099853515625,1679.6099853515625,1658.5899658203125,1661.3199462890625,3426690000.0,^GSPC
2013-08-16,1661.219970703125,1663.5999755859375,1652.6099853515625,1655.8299560546875,3211450000.0,^GSPC
2013-08-19,1655.25,1659.1800537109375,1645.8399658203125,1646.06005859375,2904530000.0,^GSPC
2013-08-20,1646.81005859375,1658.9200439453125,1646.0799560546875,1652.3499755859375,2994090000.0,^GSPC
2013-08-21,1650.6600341796875,1656.989990234375,1639.4300537109375,1642.800048828125,2932180000.0,^GSPC
2013-08-22,1645.030029296875,1659.550048828125,1645.030029296875,1656.9599609375,2537460000.0,^GSPC
2013-08-23,1659.9200439453125,1664.8499755859375,1654.81005859375,1663.5,2582670000.0,^GSPC
2013-08-26,1664.2900390625,1669.510009765625,1656.02001953125,1656.780029296875,2430670000.0,^GSPC
2013-08-27,1652.5400390625,1652.5400390625,1629.050048828125,1630.47998046875,3219190000.0,^GSPC
2013-08-28,1630.25,1641.1800537109375,1627.469970703125,1634.9599609375,2784010000.0,^GSPC
2013-08-29,1633.5,1646.4100341796875,1630.8800048828125,1638.1700439453125,2527550000.0,^GSPC
2013-08-30,1638.8900146484375,1640.0799560546875,1628.050048828125,1632.969970703125,2734300000.0,^GSPC
2013-09-03,1635.949951171875,1651.3499755859375,1633.4100341796875,1639.77001953125,3731610000.0,^GSPC
2013-09-04,1640.719970703125,1655.719970703125,1637.4100341796875,1653.0799560546875,3312150000.0,^GSPC
2013-09-05,1653.280029296875,1659.1700439453125,1653.0699462890625,1655.0799560546875,2957110000.0,^GSPC
2013-09-06,1657.43994140625,1664.8299560546875,1640.6199951171875,1655.1700439453125,3123880000.0,^GSPC
2013-09-09,1656.8499755859375,1672.4000244140625,1656.8499755859375,1671.7099609375,3102780000.0,^GSPC
2013-09-10,1675.1099853515625,1684.0899658203125,1675.1099853515625,1683.989990234375,3691800000.0,^GSPC
2013-09-11,1681.0400390625,1689.1300048828125,1678.699951171875,1689.1300048828125,3135460000.0,^GSPC
2013-09-12,1689.2099609375,1689.969970703125,1681.9599609375,1683.4200439453125,3106290000.0,^GSPC
2013-09-13,1685.0400390625,1688.72998046875,1682.219970703125,1687.989990234375,2736500000.0,^GSPC
2013-09-16,1691.699951171875,1704.949951171875,1691.699951171875,1697.5999755859375,3079800000.0,^GSPC
2013-09-17,1697.72998046875,1705.52001953125,1697.72998046875,1704.760009765625,2774240000.0,^GSPC
2013-09-18,1705.739990234375,1729.43994140625,1700.3499755859375,1725.52001953125,3989760000.0,^GSPC
2013-09-19,1727.3399658203125,1729.8599853515625,1720.199951171875,1722.3399658203125,3740130000.0,^GSPC
2013-09-20,1722.43994140625,1725.22998046875,1708.8900146484375,1709.9100341796875,5074030000.0,^GSPC
2013-09-23,1711.43994140625,1711.43994140625,1697.0999755859375,1701.8399658203125,3126950000.0,^GSPC
2013-09-24,1702.5999755859375,1707.6300048828125,1694.9000244140625,1697.4200439453125,3268930000.0,^GSPC
2013-09-25,1698.02001953125,1701.7099609375,1691.8800048828125,1692.77001953125,3148730000.0,^GSPC
2013-09-26,1694.050048828125,1703.8499755859375,1693.1099853515625,1698.6700439453125,2813930000.0,^GSPC
2013-09-27,1695.52001953125,1695.52001953125,1687.1099853515625,1691.75,2951700000.0,^GSPC
2013-09-30,1687.260009765625,1687.260009765625,1674.989990234375,1681.550048828125,3308630000.0,^GSPC
2013-10-01,1682.4100341796875,1696.550048828125,1682.0699462890625,1695.0,3238690000.0,^GSPC
2013-10-02,1691.9000244140625,1693.8699951171875,1680.3399658203125,1693.8699951171875,3148600000.0,^GSPC
2013-10-03,1692.3499755859375,1692.3499755859375,1670.3599853515625,1678.6600341796875,3279650000.0,^GSPC
2013-10-04,1678.7900390625,1691.93994140625,1677.3299560546875,1690.5,2880270000.0,^GSPC
2013-10-07,1687.1500244140625,1687.1500244140625,1674.699951171875,1676.1199951171875,2678490000.0,^GSPC
2013-10-08,1676.219970703125,1676.7900390625,1655.030029296875,1655.449951171875,3569230000.0,^GSPC
2013-10-09,1656.989990234375,1662.469970703125,1646.469970703125,1656.4000244140625,3577840000.0,^GSPC
2013-10-10,1660.8800048828125,1692.56005859375,1660.8800048828125,1692.56005859375,3362300000.0,^GSPC
2013-10-11,1691.0899658203125,1703.43994140625,1688.52001953125,1703.199951171875,2944670000.0,^GSPC
2013-10-14,1699.8599853515625,1711.030029296875,1692.1300048828125,1710.1400146484375,2580580000.0,^GSPC
2013-10-15,1709.1700439453125,1711.5699462890625,1695.9300537109375,1698.06005859375,3327740000.0,^GSPC
2013-10-16,1700.489990234375,1721.760009765625,1700.489990234375,1721.5400390625,3486180000.0,^GSPC
2013-10-17,1720.1700439453125,1733.449951171875,1714.1199951171875,1733.1500244140625,3453590000.0,^GSPC
2013-10-18,1736.719970703125,1745.31005859375,1735.739990234375,1744.5,3664890000.0,^GSPC
2013-10-21,1745.199951171875,1747.7900390625,1740.6700439453125,1744.6600341796875,3052710000.0,^GSPC
2013-10-22,1746.47998046875,1759.3299560546875,1746.47998046875,1754.6700439453125,3850840000.0,^GSPC
2013-10-23,1752.27001953125,1752.27001953125,1740.5,1746.3800048828125,3713380000.0,^GSPC
2013-10-24,1747.47998046875,1753.93994140625,1745.5,1752.0699462890625,3671700000.0,^GSPC
2013-10-25,1756.010009765625,1759.8199462890625,1752.449951171875,1759.77001953125,3175720000.0,^GSPC
2013-10-28,1759.4200439453125,1764.989990234375,1757.6700439453125,1762.1099853515625,3282300000.0,^GSPC
2013-10-29,1762.9300537109375,1772.0899658203125,1762.9300537109375,1771.949951171875,3358460000.0,^GSPC
2013-10-30,1772.27001953125,1775.219970703125,1757.239990234375,1763.31005859375,3523040000.0,^GSPC
2013-10-31,1763.239990234375,1768.530029296875,1755.719970703125,1756.5400390625,3826530000.0,^GSPC
2013-11-01,1758.699951171875,1765.6700439453125,1752.699951171875,1761.6400146484375,3686290000.0,^GSPC
2013-11-04,1763.4000244140625,1768.780029296875,1761.56005859375,1767.9300537109375,3194870000.0,^GSPC
2013-11-05,1765.6700439453125,1767.030029296875,1755.760009765625,1762.969970703125,3516680000.0,^GSPC
2013-11-06,1765.0,1773.739990234375,1764.4000244140625,1770.489990234375,3322100000.0,^GSPC
2013-11-07,1770.739990234375,1774.5400390625,1746.199951171875,1747.1500244140625,4143200000.0,^GSPC
2013-11-08,1748.3699951171875,1770.780029296875,1747.6300048828125,1770.6099853515625,3837170000.0,^GSPC
2013-11-11,1769.9599609375,1773.43994140625,1767.8499755859375,1771.8900146484375,2534060000.0,^GSPC
2013-11-12,1769.510009765625,1771.780029296875,1762.2900390625,1767.68994140625,3221030000.0,^GSPC
2013-11-13,1764.3699951171875,1782.0,1760.6400146484375,1782.0,3327480000.0,^GSPC
2013-11-14,1782.75,1791.530029296875,1780.219970703125,1790.6199951171875,3139060000.0,^GSPC
2013-11-15,1790.6600341796875,1798.219970703125,1790.6600341796875,1798.1800537109375,3254820000.0,^GSPC
2013-11-18,1798.8199462890625,1802.3299560546875,1788.0,1791.530029296875,3168520000.0,^GSPC
2013-11-19,1790.7900390625,1795.510009765625,1784.719970703125,1787.8699951171875,3224450000.0,^GSPC
2013-11-20,1789.5899658203125,1795.72998046875,1777.22998046875,1781.3699951171875,3109140000.0,^GSPC
2013-11-21,1783.52001953125,1797.1600341796875,1783.52001953125,1795.8499755859375,3256630000.0,^GSPC
2013-11-22,1797.2099609375,1804.8399658203125,1794.699951171875,1804.760009765625,3055140000.0,^GSPC
2013-11-25,1806.3299560546875,1808.0999755859375,1800.5799560546875,1802.47998046875,2998540000.0,^GSPC
2013-11-26,1802.8699951171875,1808.4200439453125,1800.77001953125,1802.75,3427120000.0,^GSPC
2013-11-27,1803.47998046875,1808.27001953125,1802.77001953125,1807.22998046875,2613590000.0,^GSPC
2013-11-29,1808.68994140625,1813.550048828125,1803.97998046875,1805.81005859375,1598300000.0,^GSPC
2013-12-02,1806.550048828125,1810.02001953125,1798.5999755859375,1800.9000244140625,3095430000.0,^GSPC
2013-12-03,1800.0999755859375,1800.0999755859375,1787.8499755859375,1795.1500244140625,3475680000.0,^GSPC
2013-12-04,1793.1500244140625,1799.800048828125,1779.0899658203125,1792.81005859375,3610540000.0,^GSPC
2013-12-05,1792.8199462890625,1792.8199462890625,1783.3800048828125,1785.030029296875,3336880000.0,^GSPC
2013-12-06,1788.3599853515625,1806.0400390625,1788.3599853515625,1805.0899658203125,3150030000.0,^GSPC
2013-12-09,1806.2099609375,1811.52001953125,1806.2099609375,1808.3699951171875,3129500000.0,^GSPC
2013-12-10,1807.5999755859375,1808.52001953125,1801.75,1802.6199951171875,3117150000.0,^GSPC
2013-12-11,1802.760009765625,1802.969970703125,1780.0899658203125,1782.219970703125,3472240000.0,^GSPC
2013-12-12,1781.7099609375,1782.989990234375,1772.280029296875,1775.5,3306640000.0,^GSPC
2013-12-13,1777.97998046875,1780.9200439453125,1772.449951171875,1775.3199462890625,3061070000.0,^GSPC
2013-12-16,1777.47998046875,1792.219970703125,1777.47998046875,1786.5400390625,3209890000.0,^GSPC
2013-12-17,1786.469970703125,1786.77001953125,1777.050048828125,1781.0,3270030000.0,^GSPC
2013-12-18,1781.4599609375,1811.0799560546875,1767.989990234375,1810.6500244140625,4327770000.0,^GSPC
2013-12-19,1809.0,1810.8800048828125,1801.3499755859375,1809.5999755859375,3497210000.0,^GSPC
2013-12-20,1810.3900146484375,1823.75,1810.25,1818.3199462890625,5097700000.0,^GSPC
2013-12-23,1822.9200439453125,1829.75,1822.9200439453125,1827.989990234375,2851540000.0,^GSPC
2013-12-24,1828.02001953125,1833.3199462890625,1828.02001953125,1833.3199462890625,1307630000.0,^GSPC
2013-12-26,1834.9599609375,1842.8399658203125,1834.9599609375,1842.02001953125,1982270000.0,^GSPC
2013-12-27,1842.969970703125,1844.8900146484375,1839.81005859375,1841.4000244140625,2052920000.0,^GSPC
2013-12-30,1841.469970703125,1842.469970703125,1838.77001953125,1841.0699462890625,2293860000.0,^GSPC
2013-12-31,1842.6099853515625,1849.43994140625,1842.4100341796875,1848.3599853515625,2312840000.0,^GSPC
2014-01-02,1845.8599853515625,1845.8599853515625,1827.739990234375,1831.97998046875,3080600000.0,^GSPC
2014-01-03,1833.2099609375,1838.239990234375,1829.1300048828125,1831.3699951171875,2774270000.0,^GSPC
2014-01-06,1832.31005859375,1837.1600341796875,1823.72998046875,1826.77001953125,3294850000.0,^GSPC
2014-01-07,1828.7099609375,1840.0999755859375,1828.7099609375,1837.8800048828125,3511750000.0,^GSPC
2014-01-08,1837.9000244140625,1840.02001953125,1831.4000244140625,1837.489990234375,3652140000.0,^GSPC
2014-01-09,1839.0,1843.22998046875,1830.3800048828125,1838.1300048828125,3581150000.0,^GSPC
2014-01-10,1840.06005859375,1843.1500244140625,1832.4300537109375,1842.3699951171875,3335710000.0,^GSPC
2014-01-13,1841.260009765625,1843.449951171875,1815.52001953125,1819.199951171875,3591350000.0,^GSPC
2014-01-14,1821.3599853515625,1839.260009765625,1821.3599853515625,1838.8800048828125,3353270000.0,^GSPC
2014-01-15,1840.52001953125,1850.8399658203125,1840.52001953125,1848.3800048828125,3777800000.0,^GSPC
2014-01-16,1847.989990234375,1847.989990234375,1840.300048828125,1845.8900146484375,3491310000.0,^GSPC
2014-01-17,1844.22998046875,1846.0400390625,1835.22998046875,1838.699951171875,3626120000.0,^GSPC
2014-01-21,1841.050048828125,1849.31005859375,1832.3800048828125,1843.800048828125,3782470000.0,^GSPC
2014-01-22,1844.7099609375,1846.8699951171875,1840.8800048828125,1844.8599853515625,3374170000.0,^GSPC
2014-01-23,1842.2900390625,1842.2900390625,1820.06005859375,1828.4599609375,3972250000.0,^GSPC
2014-01-24,1826.9599609375,1826.9599609375,1790.2900390625,1790.2900390625,4618450000.0,^GSPC
2014-01-27,1791.030029296875,1795.97998046875,1772.8800048828125,1781.56005859375,4045200000.0,^GSPC
2014-01-28,1783.0,1793.8699951171875,1779.489990234375,1792.5,3437830000.0,^GSPC
2014-01-29,1790.1500244140625,1790.1500244140625,1770.449951171875,1774.199951171875,3964020000.0,^GSPC
2014-01-30,1777.1700439453125,1798.77001953125,1777.1700439453125,1794.18994140625,3547510000.0,^GSPC
2014-01-31,1790.8800048828125,1793.8800048828125,1772.260009765625,1782.5899658203125,4059690000.0,^GSPC
2014-02-03,1782.6800537109375,1784.8299560546875,1739.6600341796875,1741.8900146484375,4726040000.0,^GSPC
2014-02-04,1743.8199462890625,1758.72998046875,1743.8199462890625,1755.199951171875,4068410000.0,^GSPC
2014-02-05,1753.3800048828125,1755.7900390625,1737.9200439453125,1751.6400146484375,3984290000.0,^GSPC
2014-02-06,1752.989990234375,1774.06005859375,1752.989990234375,1773.4300537109375,3825410000.0,^GSPC
2014-02-07,1776.010009765625,1798.030029296875,1776.010009765625,1797.02001953125,3775990000.0,^GSPC
2014-02-10,1796.199951171875,1799.93994140625,1791.8299560546875,1799.8399658203125,3312160000.0,^GSPC
2014-02-11,1800.449951171875,1823.5400390625,1800.4100341796875,1819.75,3699380000.0,^GSPC
2014-02-12,1820.1199951171875,1826.550048828125,1815.969970703125,1819.260009765625,3326380000.0,^GSPC
2014-02-13,1814.8199462890625,1830.25,1809.219970703125,1829.8299560546875,3289510000.0,^GSPC
2014-02-14,1828.4599609375,1841.6500244140625,1825.5899658203125,1838.6300048828125,3114750000.0,^GSPC
2014-02-18,1839.030029296875,1842.8699951171875,1835.010009765625,1840.760009765625,3421110000.0,^GSPC
2014-02-19,1838.9000244140625,1847.5,1826.989990234375,1828.75,3661570000.0,^GSPC
2014-02-20,1829.239990234375,1842.7900390625,1824.5799560546875,1839.780029296875,3404980000.0,^GSPC
2014-02-21,1841.0699462890625,1846.1300048828125,1835.5999755859375,1836.25,3403880000.0,^GSPC
2014-02-24,1836.780029296875,1858.7099609375,1836.780029296875,1847.6099853515625,4014530000.0,^GSPC
2014-02-25,1847.6600341796875,1852.9100341796875,1840.18994140625,1845.1199951171875,3515560000.0,^GSPC
2014-02-26,1845.7900390625,1852.6500244140625,1840.6600341796875,1845.1600341796875,3716730000.0,^GSPC
2014-02-27,1844.9000244140625,1854.530029296875,1841.1300048828125,1854.2900390625,3547460000.0,^GSPC
2014-02-28,1855.1199951171875,1867.9200439453125,1847.6700439453125,1859.449951171875,3917450000.0,^GSPC
2014-03-03,1857.6800537109375,1857.6800537109375,1834.43994140625,1845.72998046875,3428220000.0,^GSPC
2014-03-04,1849.22998046875,1876.22998046875,1849.22998046875,1873.9100341796875,3765770000.0,^GSPC
2014-03-05,1874.050048828125,1876.530029296875,1871.1099853515625,1873.81005859375,3392990000.0,^GSPC
2014-03-06,1874.1800537109375,1881.93994140625,1874.1800537109375,1877.030029296875,3360450000.0,^GSPC
2014-03-07,1878.52001953125,1883.5699462890625,1870.56005859375,1878.0400390625,3564740000.0,^GSPC
2014-03-10,1877.8599853515625,1877.8699951171875,1867.0400390625,1877.1700439453125,3021350000.0,^GSPC
2014-03-11,1878.260009765625,1882.3499755859375,1863.8800048828125,1867.6300048828125,3392400000.0,^GSPC
2014-03-12,1866.1500244140625,1868.3800048828125,1854.3800048828125,1868.199951171875,3270860000.0,^GSPC
2014-03-13,1869.06005859375,1874.4000244140625,1841.8599853515625,1846.3399658203125,3670990000.0,^GSPC
2014-03-14,1845.0699462890625,1852.43994140625,1839.5699462890625,1841.1300048828125,3285460000.0,^GSPC
2014-03-17,1842.81005859375,1862.300048828125,1842.81005859375,1858.8299560546875,2860490000.0,^GSPC
2014-03-18,1858.9200439453125,1873.760009765625,1858.9200439453125,1872.25,2930190000.0,^GSPC
2014-03-19,1872.25,1874.1400146484375,1850.3499755859375,1860.77001953125,3289210000.0,^GSPC
2014-03-20,1860.0899658203125,1873.489990234375,1854.6300048828125,1872.010009765625,3327540000.0,^GSPC
2014-03-21,1874.530029296875,1883.969970703125,1863.4599609375,1866.52001953125,5270710000.0,^GSPC
2014-03-24,1867.6700439453125,1873.3399658203125,1849.68994140625,1857.43994140625,3409000000.0,^GSPC
2014-03-25,1859.47998046875,1871.8699951171875,1855.9599609375,1865.6199951171875,3200560000.0,^GSPC
2014-03-26,1867.0899658203125,1875.9200439453125,1852.56005859375,1852.56005859375,3480850000.0,^GSPC
2014-03-27,1852.1099853515625,1855.550048828125,1842.1099853515625,1849.0400390625,3733430000.0,^GSPC
2014-03-28,1850.0699462890625,1866.6300048828125,1850.0699462890625,1857.6199951171875,2955520000.0,^GSPC
2014-03-31,1859.1600341796875,1875.1800537109375,1859.1600341796875,1872.3399658203125,3274300000.0,^GSPC
2014-04-01,1873.9599609375,1885.8399658203125,1873.9599609375,1885.52001953125,3336190000.0,^GSPC
2014-04-02,1886.6099853515625,1893.1700439453125,1883.7900390625,1890.9000244140625,3131660000.0,^GSPC
2014-04-03,1891.4300537109375,1893.800048828125,1882.6500244140625,1888.77001953125,3055600000.0,^GSPC
2014-04-04,1890.25,1897.280029296875,1863.260009765625,1865.0899658203125,3583750000.0,^GSPC
2014-04-07,1863.9200439453125,1864.0400390625,1841.47998046875,1845.0400390625,3801540000.0,^GSPC
2014-04-08,1845.47998046875,1854.949951171875,1837.489990234375,1851.9599609375,3721450000.0,^GSPC
2014-04-09,1852.6400146484375,1872.4300537109375,1852.3800048828125,1872.1800537109375,3308650000.0,^GSPC
2014-04-10,1872.280029296875,1872.530029296875,1830.8699951171875,1833.0799560546875,3758780000.0,^GSPC
2014-04-11,1830.6500244140625,1835.0699462890625,1814.3599853515625,1815.68994140625,3743460000.0,^GSPC
2014-04-14,1818.1800537109375,1834.18994140625,1815.800048828125,1830.6099853515625,3111540000.0,^GSPC
2014-04-15,1831.449951171875,1844.02001953125,1816.2900390625,1842.97998046875,3736440000.0,^GSPC
2014-04-16,1846.010009765625,1862.31005859375,1846.010009765625,1862.31005859375,3155080000.0,^GSPC
2014-04-17,1861.72998046875,1869.6300048828125,1856.719970703125,1864.8499755859375,3341430000.0,^GSPC
2014-04-21,1865.7900390625,1871.8900146484375,1863.1800537109375,1871.8900146484375,2642500000.0,^GSPC
2014-04-22,1872.5699462890625,1884.8900146484375,1872.5699462890625,1879.550048828125,3215440000.0,^GSPC
2014-04-23,1879.3199462890625,1879.75,1873.9100341796875,1875.3900146484375,3085720000.0,^GSPC
2014-04-24,1881.969970703125,1884.06005859375,1870.239990234375,1878.6099853515625,3191830000.0,^GSPC
2014-04-25,1877.719970703125,1877.719970703125,1859.699951171875,1863.4000244140625,3213020000.0,^GSPC
2014-04-28,1865.0,1877.010009765625,1850.6099853515625,1869.4300537109375,4034680000.0,^GSPC
2014-04-29,1870.780029296875,1880.5999755859375,1870.780029296875,1878.3299560546875,3647820000.0,^GSPC
2014-04-30,1877.0999755859375,1885.199951171875,1872.68994140625,1883.949951171875,3779230000.0,^GSPC
2014-05-01,1884.3900146484375,1888.5899658203125,1878.0400390625,1883.6800537109375,3416740000.0,^GSPC
2014-05-02,1885.300048828125,1891.3299560546875,1878.5,1881.1400146484375,3159560000.0,^GSPC
2014-05-05,1879.449951171875,1885.510009765625,1866.77001953125,1884.6600341796875,2733730000.0,^GSPC
2014-05-06,1883.68994140625,1883.68994140625,1867.719970703125,1867.719970703125,3327260000.0,^GSPC
2014-05-07,1868.530029296875,1878.8299560546875,1859.7900390625,1878.2099609375,3632950000.0,^GSPC
2014-05-08,1877.3900146484375,1889.0699462890625,1870.050048828125,1875.6300048828125,3393420000.0,^GSPC
2014-05-09,1875.27001953125,1878.5699462890625,1867.02001953125,1878.47998046875,3025020000.0,^GSPC
2014-05-12,1880.030029296875,1897.1300048828125,1880.030029296875,1896.6500244140625,3005740000.0,^GSPC
2014-05-13,1896.75,1902.1700439453125,1896.06005859375,1897.449951171875,2915680000.0,^GSPC
2014-05-14,1897.1300048828125,1897.1300048828125,1885.77001953125,1888.530029296875,2822060000.0,^GSPC
2014-05-15,1888.1600341796875,1888.1600341796875,1862.3599853515625,1870.8499755859375,3552640000.0,^GSPC
2014-05-16,1871.18994140625,1878.280029296875,1864.8199462890625,1877.8599853515625,3173650000.0,^GSPC
2014-05-19,1876.6600341796875,1886.0,1872.4200439453125,1885.0799560546875,2664250000.0,^GSPC
2014-05-20,1884.8800048828125,1884.8800048828125,1868.1400146484375,1872.8299560546875,3007700000.0,^GSPC
2014-05-21,1873.3399658203125,1888.800048828125,1873.3399658203125,1888.030029296875,2777140000.0,^GSPC
2014-05-22,1888.18994140625,1896.3299560546875,1885.3900146484375,1892.489990234375,2759800000.0,^GSPC
2014-05-23,1893.3199462890625,1901.260009765625,1893.3199462890625,1900.530029296875,2396280000.0,^GSPC
2014-05-27,1902.010009765625,1912.280029296875,1902.010009765625,1911.9100341796875,2911020000.0,^GSPC
2014-05-28,1911.77001953125,1914.4599609375,1907.300048828125,1909.780029296875,2976450000.0,^GSPC
2014-05-29,1910.5999755859375,1920.030029296875,1909.8199462890625,1920.030029296875,2709050000.0,^GSPC
2014-05-30,1920.3299560546875,1924.030029296875,1916.6400146484375,1923.5699462890625,3263490000.0,^GSPC
2014-06-02,1923.8699951171875,1925.8800048828125,1915.97998046875,1924.969970703125,2509020000.0,^GSPC
2014-06-03,1923.0699462890625,1925.0699462890625,1918.7900390625,1924.239990234375,2867180000.0,^GSPC
2014-06-04,1923.06005859375,1928.6300048828125,1918.5999755859375,1927.8800048828125,2793920000.0,^GSPC
2014-06-05,1928.52001953125,1941.739990234375,1922.9300537109375,1940.4599609375,3113270000.0,^GSPC
2014-06-06,1942.4100341796875,1949.43994140625,1942.4100341796875,1949.43994140625,2864300000.0,^GSPC
2014-06-09,1948.969970703125,1955.550048828125,1947.1600341796875,1951.27001953125,2812180000.0,^GSPC
2014-06-10,1950.3399658203125,1950.8599853515625,1944.6400146484375,1950.7900390625,2702360000.0,^GSPC
2014-06-11,1949.3699951171875,1949.3699951171875,1940.0799560546875,1943.8900146484375,2710620000.0,^GSPC
2014-06-12,1943.3499755859375,1943.3499755859375,1925.780029296875,1930.1099853515625,3040480000.0,^GSPC
2014-06-13,1930.800048828125,1937.300048828125,1927.68994140625,1936.1600341796875,2598230000.0,^GSPC
2014-06-16,1934.8399658203125,1941.1500244140625,1930.9100341796875,1937.780029296875,2926130000.0,^GSPC
2014-06-17,1937.1500244140625,1943.68994140625,1933.550048828125,1941.989990234375,2971260000.0,^GSPC
2014-06-18,1942.72998046875,1957.739990234375,1939.2900390625,1956.97998046875,3065220000.0,^GSPC
2014-06-19,1957.5,1959.8699951171875,1952.260009765625,1959.47998046875,2952150000.0,^GSPC
2014-06-20,1960.449951171875,1963.9100341796875,1959.1700439453125,1962.8699951171875,4336240000.0,^GSPC
2014-06-23,1962.9200439453125,1963.739990234375,1958.8900146484375,1962.6099853515625,2717630000.0,^GSPC
2014-06-24,1961.969970703125,1968.1700439453125,1948.3399658203125,1949.97998046875,3089700000.0,^GSPC
2014-06-25,1949.27001953125,1960.8299560546875,1947.489990234375,1959.530029296875,3106710000.0,^GSPC
2014-06-26,1959.8900146484375,1959.8900146484375,1944.68994140625,1957.219970703125,2778840000.0,^GSPC
2014-06-27,1956.56005859375,1961.469970703125,1952.1800537109375,1960.9599609375,4290590000.0,^GSPC
2014-06-30,1960.7900390625,1964.239990234375,1958.219970703125,1960.22998046875,3037350000.0,^GSPC
2014-07-01,1962.2900390625,1978.5799560546875,1962.2900390625,1973.3199462890625,3188240000.0,^GSPC
2014-07-02,1973.06005859375,1976.6700439453125,1972.5799560546875,1974.6199951171875,2851480000.0,^GSPC
2014-07-03,1975.8800048828125,1985.5899658203125,1975.8800048828125,1985.43994140625,1998090000.0,^GSPC
2014-07-07,1984.219970703125,1984.219970703125,1974.8800048828125,1977.6500244140625,2681260000.0,^GSPC
2014-07-08,1976.3900146484375,1976.3900146484375,1959.4599609375,1963.7099609375,3302430000.0,^GSPC
2014-07-09,1965.0999755859375,1974.1500244140625,1965.0999755859375,1972.8299560546875,2858800000.0,^GSPC
2014-07-10,1966.6700439453125,1969.8399658203125,1952.8599853515625,1964.6800537109375,3165690000.0,^GSPC
2014-07-11,1965.760009765625,1968.6700439453125,1959.6300048828125,1967.5699462890625,2684630000.0,^GSPC
2014-07-14,1969.8599853515625,1979.8499755859375,1969.8599853515625,1977.0999755859375,2744920000.0,^GSPC
2014-07-15,1977.3599853515625,1982.52001953125,1965.3399658203125,1973.280029296875,3328740000.0,^GSPC
2014-07-16,1976.3499755859375,1983.93994140625,1975.6700439453125,1981.5699462890625,3390950000.0,^GSPC
2014-07-17,1979.75,1981.800048828125,1955.5899658203125,1958.1199951171875,3381680000.0,^GSPC
2014-07-18,1961.5400390625,1979.9100341796875,1960.8199462890625,1978.219970703125,3106060000.0,^GSPC
2014-07-21,1976.9300537109375,1976.9300537109375,1965.77001953125,1973.6300048828125,2611160000.0,^GSPC
2014-07-22,1975.6500244140625,1986.239990234375,1975.6500244140625,1983.530029296875,2890480000.0,^GSPC
2014-07-23,1985.3199462890625,1989.22998046875,1982.43994140625,1987.010009765625,2869720000.0,^GSPC
2014-07-24,1988.0699462890625,1991.3900146484375,1985.7900390625,1987.97998046875,3203530000.0,^GSPC
2014-07-25,1984.5999755859375,1984.5999755859375,1974.3699951171875,1978.3399658203125,2638960000.0,^GSPC
2014-07-28,1978.25,1981.52001953125,1967.31005859375,1978.9100341796875,2803320000.0,^GSPC
2014-07-29,1980.030029296875,1984.8499755859375,1969.949951171875,1969.949951171875,3183300000.0,^GSPC
2014-07-30,1973.2099609375,1978.9000244140625,1962.4200439453125,1970.0699462890625,3448250000.0,^GSPC
2014-07-31,1965.1400146484375,1965.1400146484375,1930.6700439453125,1930.6700439453125,4193000000.0,^GSPC
2014-08-01,1929.800048828125,1937.3499755859375,1916.3699951171875,1925.1500244140625,3789660000.0,^GSPC
2014-08-04,1926.6199951171875,1942.9200439453125,1921.199951171875,1938.989990234375,3072920000.0,^GSPC
2014-08-05,1936.3399658203125,1936.3399658203125,1913.77001953125,1920.2099609375,3462520000.0,^GSPC
2014-08-06,1917.2900390625,1927.9100341796875,1911.449951171875,1920.239990234375,3539150000.0,^GSPC
2014-08-07,1923.030029296875,1928.8900146484375,1904.780029296875,1909.5699462890625,3230520000.0,^GSPC
2014-08-08,1910.3499755859375,1932.3800048828125,1909.010009765625,1931.5899658203125,2902280000.0,^GSPC
2014-08-11,1933.4300537109375,1944.9000244140625,1933.4300537109375,1936.9200439453125,2784890000.0,^GSPC
2014-08-12,1935.72998046875,1939.6500244140625,1928.2900390625,1933.75,2611700000.0,^GSPC
2014-08-13,1935.5999755859375,1948.4100341796875,1935.5999755859375,1946.719970703125,2718020000.0,^GSPC
2014-08-14,1947.4100341796875,1955.22998046875,1947.4100341796875,1955.1800537109375,2609460000.0,^GSPC
2014-08-15,1958.8699951171875,1964.0400390625,1941.5,1955.06005859375,3023380000.0,^GSPC
2014-08-18,1958.3599853515625,1971.989990234375,1958.3599853515625,1971.739990234375,2638160000.0,^GSPC
2014-08-19,1972.72998046875,1982.5699462890625,1972.72998046875,1981.5999755859375,2656430000.0,^GSPC
2014-08-20,1980.4599609375,1988.5699462890625,1977.6800537109375,1986.510009765625,2579560000.0,^GSPC
2014-08-21,1986.8199462890625,1994.760009765625,1986.8199462890625,1992.3699951171875,2638920000.0,^GSPC
2014-08-22,1992.5999755859375,1993.5400390625,1984.760009765625,1988.4000244140625,2301860000.0,^GSPC
2014-08-25,1991.739990234375,2001.949951171875,1991.739990234375,1997.9200439453125,2233880000.0,^GSPC
2014-08-26,1998.5899658203125,2005.0400390625,1998.5899658203125,2000.02001953125,2451950000.0,^GSPC
2014-08-27,2000.5400390625,2002.1400146484375,1996.199951171875,2000.1199951171875,2344350000.0,^GSPC
2014-08-28,1997.4200439453125,1998.550048828125,1990.52001953125,1996.739990234375,2282400000.0,^GSPC
2014-08-29,1998.449951171875,2003.3800048828125,1994.6500244140625,2003.3699951171875,2259130000.0,^GSPC
2014-09-02,2004.0699462890625,2006.1199951171875,1994.8499755859375,2002.280029296875,2819980000.0,^GSPC
2014-09-03,2003.5699462890625,2009.280029296875,1998.1400146484375,2000.719970703125,2809980000.0,^GSPC
2014-09-04,2001.6700439453125,2011.1700439453125,1992.5400390625,1997.6500244140625,3072410000.0,^GSPC
2014-09-05,1998.0,2007.7099609375,1990.0999755859375,2007.7099609375,2818300000.0,^GSPC
2014-09-08,2007.1700439453125,2007.1700439453125,1995.5999755859375,2001.5400390625,2789090000.0,^GSPC
2014-09-09,2000.72998046875,2001.010009765625,1984.6099853515625,1988.43994140625,2882830000.0,^GSPC
2014-09-10,1988.4100341796875,1996.6600341796875,1982.989990234375,1995.68994140625,2912430000.0,^GSPC
2014-09-11,1992.8499755859375,1997.6500244140625,1985.9300537109375,1997.449951171875,2941690000.0,^GSPC
2014-09-12,1996.739990234375,1996.739990234375,1980.260009765625,1985.5400390625,3206570000.0,^GSPC
2014-09-15,1986.0400390625,1987.1800537109375,1978.47998046875,1984.1300048828125,2776530000.0,^GSPC
2014-09-16,1981.9300537109375,2002.280029296875,1979.06005859375,1998.97998046875,3160310000.0,^GSPC
2014-09-17,1999.300048828125,2010.739990234375,1993.2900390625,2001.5699462890625,3209420000.0,^GSPC
2014-09-18,2003.0699462890625,2012.3399658203125,2003.0699462890625,2011.3599853515625,3235340000.0,^GSPC
2014-09-19,2012.739990234375,2019.260009765625,2006.5899658203125,2010.4000244140625,4880220000.0,^GSPC
2014-09-22,2009.0799560546875,2009.0799560546875,1991.010009765625,1994.2900390625,3349670000.0,^GSPC
2014-09-23,1992.780029296875,1995.4100341796875,1982.77001953125,1982.77001953125,3279350000.0,^GSPC
2014-09-24,1983.3399658203125,1999.7900390625,1978.6300048828125,1998.300048828125,3313850000.0,^GSPC
2014-09-25,1997.3199462890625,1997.3199462890625,1965.989990234375,1965.989990234375,3273050000.0,^GSPC
2014-09-26,1966.219970703125,1986.3699951171875,1966.219970703125,1982.8499755859375,2929440000.0,^GSPC
2014-09-29,1978.9599609375,1981.280029296875,1964.0400390625,1977.800048828125,3094440000.0,^GSPC
2014-09-30,1978.2099609375,1985.1700439453125,1968.9599609375,1972.2900390625,3951100000.0,^GSPC
2014-10-01,1971.43994140625,1971.43994140625,1941.719970703125,1946.1600341796875,4188590000.0,^GSPC
2014-10-02,1945.8299560546875,1952.3199462890625,1926.030029296875,1946.1700439453125,4012510000.0,^GSPC
2014-10-03,1948.1199951171875,1971.18994140625,1948.1199951171875,1967.9000244140625,3560970000.0,^GSPC
2014-10-06,1970.010009765625,1977.8399658203125,1958.4300537109375,1964.8199462890625,3358220000.0,^GSPC
2014-10-07,1962.3599853515625,1962.3599853515625,1934.8699951171875,1935.0999755859375,3687870000.0,^GSPC
2014-10-08,1935.550048828125,1970.3599853515625,1925.25,1968.8900146484375,4441890000.0,^GSPC
2014-10-09,1967.6800537109375,1967.6800537109375,1927.56005859375,1928.2099609375,4344020000.0,^GSPC
2014-10-10,1925.6300048828125,1936.97998046875,1906.050048828125,1906.1300048828125,4550540000.0,^GSPC
2014-10-13,1905.6500244140625,1912.0899658203125,1874.1400146484375,1874.739990234375,4352580000.0,^GSPC
2014-10-14,1877.1099853515625,1898.7099609375,1871.7900390625,1877.699951171875,4812010000.0,^GSPC
2014-10-15,1874.1800537109375,1874.1800537109375,1820.6600341796875,1862.489990234375,6090800000.0,^GSPC
2014-10-16,1855.949951171875,1876.010009765625,1835.02001953125,1862.760009765625,5073150000.0,^GSPC
2014-10-17,1864.9100341796875,1898.1600341796875,1864.9100341796875,1886.760009765625,4482120000.0,^GSPC
2014-10-20,1885.6199951171875,1905.030029296875,1882.300048828125,1904.010009765625,3331210000.0,^GSPC
2014-10-21,1909.3800048828125,1942.449951171875,1909.3800048828125,1941.280029296875,3987090000.0,^GSPC
2014-10-22,1941.2900390625,1949.31005859375,1926.8299560546875,1927.1099853515625,3761930000.0,^GSPC
2014-10-23,1931.02001953125,1961.949951171875,1931.02001953125,1950.8199462890625,3789250000.0,^GSPC
2014-10-24,1951.5899658203125,1965.27001953125,1946.27001953125,1964.5799560546875,3078380000.0,^GSPC
2014-10-27,1962.969970703125,1964.6400146484375,1951.3699951171875,1961.6300048828125,3538860000.0,^GSPC
2014-10-28,1964.1400146484375,1985.050048828125,1964.1400146484375,1985.050048828125,3653260000.0,^GSPC
2014-10-29,1983.2900390625,1991.4000244140625,1969.0400390625,1982.300048828125,3740350000.0,^GSPC
2014-10-30,1979.489990234375,1999.4000244140625,1974.75,1994.6500244140625,3586150000.0,^GSPC
2014-10-31,2001.199951171875,2018.18994140625,2001.199951171875,2018.050048828125,4292290000.0,^GSPC
2014-11-03,2018.2099609375,2024.4599609375,2013.6800537109375,2017.81005859375,3555440000.0,^GSPC
2014-11-04,2015.81005859375,2015.97998046875,2001.010009765625,2012.0999755859375,3956260000.0,^GSPC
2014-11-05,2015.2900390625,2023.77001953125,2014.4200439453125,2023.5699462890625,3766590000.0,^GSPC
2014-11-06,2023.3299560546875,2031.6099853515625,2015.8599853515625,2031.2099609375,3669770000.0,^GSPC
2014-11-07,2032.3599853515625,2034.260009765625,2025.0699462890625,2031.9200439453125,3704280000.0,^GSPC
2014-11-10,2032.010009765625,2038.699951171875,2030.1700439453125,2038.260009765625,3284940000.0,^GSPC
2014-11-11,2038.199951171875,2041.280029296875,2035.280029296875,2039.6800537109375,2958320000.0,^GSPC
2014-11-12,2037.75,2040.3299560546875,2031.949951171875,2038.25,3246650000.0,^GSPC
2014-11-13,2039.2099609375,2046.1800537109375,2030.43994140625,2039.3299560546875,3455270000.0,^GSPC
2014-11-14,2039.739990234375,2042.219970703125,2035.199951171875,2039.8199462890625,3227130000.0,^GSPC
2014-11-17,2038.2900390625,2043.0699462890625,2034.4599609375,2041.3199462890625,3152890000.0,^GSPC
2014-11-18,2041.47998046875,2056.080078125,2041.47998046875,2051.800048828125,3416190000.0,^GSPC
2014-11-19,2051.159912109375,2052.139892578125,2040.3699951171875,2048.719970703125,3390850000.0,^GSPC
2014-11-20,2045.8699951171875,2053.840087890625,2040.489990234375,2052.75,3128290000.0,^GSPC
2014-11-21,2057.4599609375,2071.4599609375,2056.75,2063.5,3916420000.0,^GSPC
2014-11-24,2065.070068359375,2070.169921875,2065.070068359375,2069.409912109375,3128060000.0,^GSPC
2014-11-25,2070.14990234375,2074.2099609375,2064.75,2067.030029296875,3392940000.0,^GSPC
2014-11-26,2067.360107421875,2073.2900390625,2066.6201171875,2072.830078125,2745260000.0,^GSPC
2014-11-28,2074.780029296875,2075.760009765625,2065.06005859375,2067.56005859375,2504640000.0,^GSPC
2014-12-01,2065.780029296875,2065.780029296875,2049.570068359375,2053.43994140625,4159010000.0,^GSPC
2014-12-02,2053.77001953125,2068.77001953125,2053.77001953125,2066.550048828125,3686650000.0,^GSPC
2014-12-03,2067.449951171875,2076.280029296875,2066.64990234375,2074.330078125,3612680000.0,^GSPC
2014-12-04,2073.639892578125,2077.340087890625,2062.340087890625,2071.919921875,3408340000.0,^GSPC
2014-12-05,2072.780029296875,2079.469970703125,2070.81005859375,2075.3701171875,3419620000.0,^GSPC
2014-12-08,2074.840087890625,2075.780029296875,2054.27001953125,2060.31005859375,3800990000.0,^GSPC
2014-12-09,2056.550048828125,2060.60009765625,2034.1700439453125,2059.820068359375,3970150000.0,^GSPC
2014-12-10,2058.860107421875,2058.860107421875,2024.260009765625,2026.1400146484375,4114440000.0,^GSPC
2014-12-11,2027.9200439453125,2055.530029296875,2027.9200439453125,2035.3299560546875,3917950000.0,^GSPC
2014-12-12,2030.3599853515625,2032.25,2002.3299560546875,2002.3299560546875,4157650000.0,^GSPC
2014-12-15,2005.030029296875,2018.68994140625,1982.260009765625,1989.6300048828125,4361990000.0,^GSPC
2014-12-16,1986.7099609375,2016.8900146484375,1972.56005859375,1972.739990234375,4958680000.0,^GSPC
2014-12-17,1973.77001953125,2016.75,1973.77001953125,2012.8900146484375,4942370000.0,^GSPC
2014-12-18,2018.97998046875,2061.22998046875,2018.97998046875,2061.22998046875,4703380000.0,^GSPC
2014-12-19,2061.0400390625,2077.85009765625,2061.030029296875,2070.64990234375,6465530000.0,^GSPC
2014-12-22,2069.280029296875,2078.760009765625,2069.280029296875,2078.5400390625,3369520000.0,^GSPC
2014-12-23,2081.47998046875,2086.72998046875,2079.77001953125,2082.169921875,3043950000.0,^GSPC
2014-12-24,2083.25,2087.56005859375,2081.860107421875,2081.8798828125,1416980000.0,^GSPC
2014-12-26,2084.300048828125,2092.699951171875,2084.300048828125,2088.77001953125,1735230000.0,^GSPC
2014-12-29,2087.6298828125,2093.550048828125,2085.75,2090.570068359375,2452360000.0,^GSPC
2014-12-30,2088.489990234375,2088.489990234375,2079.530029296875,2080.35009765625,2440280000.0,^GSPC
2014-12-31,2082.110107421875,2085.580078125,2057.93994140625,2058.89990234375,2606070000.0,^GSPC
2015-01-02,2058.89990234375,2072.360107421875,2046.0400390625,2058.199951171875,2708700000.0,^GSPC
2015-01-05,2054.43994140625,2054.43994140625,2017.3399658203125,2020.5799560546875,3799120000.0,^GSPC
2015-01-06,2022.1500244140625,2030.25,1992.43994140625,2002.6099853515625,4460110000.0,^GSPC
2015-01-07,2005.550048828125,2029.6099853515625,2005.550048828125,2025.9000244140625,3805480000.0,^GSPC
2015-01-08,2030.6099853515625,2064.080078125,2030.6099853515625,2062.139892578125,3934010000.0,^GSPC
2015-01-09,2063.449951171875,2064.429931640625,2038.3299560546875,2044.81005859375,3364140000.0,^GSPC
2015-01-12,2046.1300048828125,2049.300048828125,2022.5799560546875,2028.260009765625,3456460000.0,^GSPC
2015-01-13,2031.5799560546875,2056.929931640625,2008.25,2023.030029296875,4107300000.0,^GSPC
2015-01-14,2018.4000244140625,2018.4000244140625,1988.43994140625,2011.27001953125,4378680000.0,^GSPC
2015-01-15,2013.75,2021.3499755859375,1991.469970703125,1992.6700439453125,4276720000.0,^GSPC
2015-01-16,1992.25,2020.4599609375,1988.1199951171875,2019.4200439453125,4056410000.0,^GSPC
2015-01-20,2020.760009765625,2028.93994140625,2004.489990234375,2022.550048828125,3944340000.0,^GSPC
2015-01-21,2020.18994140625,2038.2900390625,2012.0400390625,2032.1199951171875,3730070000.0,^GSPC
2015-01-22,2034.300048828125,2064.6201171875,2026.3800048828125,2063.14990234375,4176050000.0,^GSPC
2015-01-23,2062.97998046875,2062.97998046875,2050.5400390625,2051.820068359375,3573560000.0,^GSPC
2015-01-26,2050.419921875,2057.6201171875,2040.969970703125,2057.090087890625,3465760000.0,^GSPC
2015-01-27,2047.8599853515625,2047.8599853515625,2019.9100341796875,2029.550048828125,3329810000.0,^GSPC
2015-01-28,2032.3399658203125,2042.489990234375,2001.489990234375,2002.1600341796875,4067530000.0,^GSPC
2015-01-29,2002.449951171875,2024.6400146484375,1989.1800537109375,2021.25,4127140000.0,^GSPC
2015-01-30,2019.3499755859375,2023.3199462890625,1993.3800048828125,1994.989990234375,4568650000.0,^GSPC
2015-02-02,1996.6700439453125,2021.6600341796875,1980.9000244140625,2020.8499755859375,4008330000.0,^GSPC
2015-02-03,2022.7099609375,2050.300048828125,2022.7099609375,2050.030029296875,4615900000.0,^GSPC
2015-02-04,2048.860107421875,2054.739990234375,2036.719970703125,2041.510009765625,4141920000.0,^GSPC
2015-02-05,2043.449951171875,2063.550048828125,2043.449951171875,2062.52001953125,3821990000.0,^GSPC
2015-02-06,2062.280029296875,2072.39990234375,2049.969970703125,2055.469970703125,4232970000.0,^GSPC
2015-02-09,2053.469970703125,2056.159912109375,2041.8800048828125,2046.739990234375,3549540000.0,^GSPC
2015-02-10,2049.3798828125,2070.860107421875,2048.6201171875,2068.590087890625,3669850000.0,^GSPC
2015-02-11,2068.550048828125,2073.47998046875,2057.989990234375,2068.530029296875,3596860000.0,^GSPC
2015-02-12,2069.97998046875,2088.530029296875,2069.97998046875,2088.47998046875,3788350000.0,^GSPC
2015-02-13,2088.780029296875,2097.030029296875,2086.699951171875,2096.989990234375,3527450000.0,^GSPC
2015-02-17,2096.469970703125,2101.300048828125,2089.800048828125,2100.340087890625,3361750000.0,^GSPC
2015-02-18,2099.159912109375,2100.22998046875,2092.14990234375,2099.679931640625,3370020000.0,^GSPC
2015-02-19,2099.25,2102.1298828125,2090.7900390625,2097.449951171875,3247100000.0,^GSPC
2015-02-20,2097.64990234375,2110.610107421875,2085.43994140625,2110.300048828125,3281600000.0,^GSPC
2015-02-23,2109.830078125,2110.050048828125,2103.0,2109.659912109375,3093680000.0,^GSPC
2015-02-24,2109.10009765625,2117.93994140625,2105.8701171875,2115.47998046875,3199840000.0,^GSPC
2015-02-25,2115.300048828125,2119.590087890625,2109.889892578125,2113.860107421875,3312340000.0,^GSPC
2015-02-26,2113.909912109375,2113.909912109375,2103.760009765625,2110.739990234375,3408690000.0,^GSPC
2015-02-27,2110.8798828125,2112.739990234375,2103.75,2104.5,3547380000.0,^GSPC
2015-03-02,2105.22998046875,2117.52001953125,2104.5,2117.389892578125,3409490000.0,^GSPC
2015-03-03,2115.760009765625,2115.760009765625,2098.260009765625,2107.780029296875,3262300000.0,^GSPC
2015-03-04,2107.719970703125,2107.719970703125,2094.489990234375,2098.530029296875,3421110000.0,^GSPC
2015-03-05,2098.5400390625,2104.25,2095.219970703125,2101.0400390625,3103030000.0,^GSPC
2015-03-06,2100.909912109375,2100.909912109375,2067.27001953125,2071.260009765625,3853570000.0,^GSPC
2015-03-09,2072.25,2083.489990234375,2072.2099609375,2079.429931640625,3349090000.0,^GSPC
2015-03-10,2076.139892578125,2076.139892578125,2044.1600341796875,2044.1600341796875,3668900000.0,^GSPC
2015-03-11,2044.68994140625,2050.080078125,2039.68994140625,2040.239990234375,3406570000.0,^GSPC
2015-03-12,2041.0999755859375,2066.409912109375,2041.0999755859375,2065.949951171875,3405860000.0,^GSPC
2015-03-13,2064.56005859375,2064.56005859375,2041.1700439453125,2053.39990234375,3498560000.0,^GSPC
2015-03-16,2055.35009765625,2081.409912109375,2055.35009765625,2081.18994140625,3295600000.0,^GSPC
2015-03-17,2080.590087890625,2080.590087890625,2065.080078125,2074.280029296875,3221840000.0,^GSPC
2015-03-18,2072.840087890625,2106.85009765625,2061.22998046875,2099.5,4128210000.0,^GSPC
2015-03-19,2098.68994140625,2098.68994140625,2085.56005859375,2089.27001953125,3305220000.0,^GSPC
2015-03-20,2090.320068359375,2113.919921875,2090.320068359375,2108.10009765625,5554120000.0,^GSPC
2015-03-23,2107.989990234375,2114.860107421875,2104.419921875,2104.419921875,3267960000.0,^GSPC
2015-03-24,2103.93994140625,2107.6298828125,2091.5,2091.5,3189820000.0,^GSPC
2015-03-25,2093.10009765625,2097.429931640625,2061.050048828125,2061.050048828125,3521140000.0,^GSPC
2015-03-26,2059.93994140625,2067.14990234375,2045.5,2056.14990234375,3510670000.0,^GSPC
2015-03-27,2055.780029296875,2062.830078125,2052.9599609375,2061.02001953125,3008550000.0,^GSPC
2015-03-30,2064.110107421875,2088.969970703125,2064.110107421875,2086.239990234375,2917690000.0,^GSPC
2015-03-31,2084.050048828125,2084.050048828125,2067.0400390625,2067.889892578125,3376550000.0,^GSPC
2015-04-01,2067.6298828125,2067.6298828125,2048.3798828125,2059.68994140625,3543270000.0,^GSPC
2015-04-02,2060.030029296875,2072.169921875,2057.320068359375,2066.9599609375,3095960000.0,^GSPC
2015-04-06,2064.8701171875,2086.989990234375,2056.52001953125,2080.6201171875,3302970000.0,^GSPC
2015-04-07,2080.7900390625,2089.81005859375,2076.10009765625,2076.330078125,3065510000.0,^GSPC
2015-04-08,2076.93994140625,2086.68994140625,2073.300048828125,2081.89990234375,3265330000.0,^GSPC
2015-04-09,2081.2900390625,2093.31005859375,2074.2900390625,2091.179931640625,3172360000.0,^GSPC
2015-04-10,2091.510009765625,2102.610107421875,2091.510009765625,2102.06005859375,3156200000.0,^GSPC
2015-04-13,2102.030029296875,2107.64990234375,2092.330078125,2092.429931640625,2908420000.0,^GSPC
2015-04-14,2092.280029296875,2098.6201171875,2083.239990234375,2095.840087890625,3301270000.0,^GSPC
2015-04-15,2097.820068359375,2111.909912109375,2097.820068359375,2106.6298828125,4013760000.0,^GSPC
2015-04-16,2105.9599609375,2111.300048828125,2100.02001953125,2104.989990234375,3434120000.0,^GSPC
2015-04-17,2102.580078125,2102.580078125,2072.3701171875,2081.179931640625,3627600000.0,^GSPC
2015-04-20,2084.110107421875,2103.93994140625,2084.110107421875,2100.39990234375,3000160000.0,^GSPC
2015-04-21,2102.820068359375,2109.639892578125,2094.3798828125,2097.2900390625,3243410000.0,^GSPC
2015-04-22,2098.27001953125,2109.97998046875,2091.050048828125,2107.9599609375,3348480000.0,^GSPC
2015-04-23,2107.2099609375,2120.489990234375,2103.18994140625,2112.929931640625,3636670000.0,^GSPC
2015-04-24,2112.800048828125,2120.919921875,2112.800048828125,2117.68994140625,3375780000.0,^GSPC
2015-04-27,2119.2900390625,2125.919921875,2107.0400390625,2108.919921875,3438750000.0,^GSPC
2015-04-28,2108.35009765625,2116.0400390625,2094.889892578125,2114.760009765625,3546270000.0,^GSPC
2015-04-29,2112.489990234375,2113.64990234375,2097.409912109375,2106.85009765625,4074970000.0,^GSPC
2015-04-30,2105.52001953125,2105.52001953125,2077.590087890625,2085.510009765625,4509680000.0,^GSPC
2015-05-01,2087.3798828125,2108.409912109375,2087.3798828125,2108.2900390625,3379390000.0,^GSPC
2015-05-04,2110.22998046875,2120.949951171875,2110.22998046875,2114.489990234375,3091580000.0,^GSPC
2015-05-05,2112.6298828125,2115.239990234375,2088.4599609375,2089.4599609375,3793950000.0,^GSPC
2015-05-06,2091.260009765625,2098.419921875,2067.929931640625,2080.14990234375,3792210000.0,^GSPC
2015-05-07,2079.9599609375,2092.89990234375,2074.989990234375,2088.0,3676640000.0,^GSPC
2015-05-08,2092.1298828125,2117.659912109375,2092.1298828125,2116.10009765625,3399440000.0,^GSPC
2015-05-11,2115.56005859375,2117.68994140625,2104.580078125,2105.330078125,2992670000.0,^GSPC
2015-05-12,2102.8701171875,2105.06005859375,2085.570068359375,2099.1201171875,3139520000.0,^GSPC
2015-05-13,2099.6201171875,2110.18994140625,2096.0400390625,2098.47998046875,3374260000.0,^GSPC
2015-05-14,2100.429931640625,2121.449951171875,2100.429931640625,2121.10009765625,3225740000.0,^GSPC
2015-05-15,2122.070068359375,2123.889892578125,2116.81005859375,2122.72998046875,3092080000.0,^GSPC
2015-05-18,2121.300048828125,2131.780029296875,2120.010009765625,2129.199951171875,2888190000.0,^GSPC
2015-05-19,2129.449951171875,2133.02001953125,2124.5,2127.830078125,3296030000.0,^GSPC
2015-05-20,2127.7900390625,2134.719970703125,2122.590087890625,2125.85009765625,3025880000.0,^GSPC
2015-05-21,2125.550048828125,2134.280029296875,2122.949951171875,2130.820068359375,3070460000.0,^GSPC
2015-05-22,2130.360107421875,2132.14990234375,2126.06005859375,2126.06005859375,2571860000.0,^GSPC
2015-05-26,2125.340087890625,2125.340087890625,2099.179931640625,2104.199951171875,3342130000.0,^GSPC
2015-05-27,2105.1298828125,2126.219970703125,2105.1298828125,2123.47998046875,3127960000.0,^GSPC
2015-05-28,2122.27001953125,2122.27001953125,2112.860107421875,2120.7900390625,2980350000.0,^GSPC
2015-05-29,2120.659912109375,2120.659912109375,2104.889892578125,2107.389892578125,3927390000.0,^GSPC
2015-06-01,2108.639892578125,2119.14990234375,2102.5400390625,2111.72998046875,3011710000.0,^GSPC
2015-06-02,2110.409912109375,2117.590087890625,2099.139892578125,2109.60009765625,3049350000.0,^GSPC
2015-06-03,2110.639892578125,2121.919921875,2109.610107421875,2114.070068359375,3099980000.0,^GSPC
2015-06-04,2112.35009765625,2112.889892578125,2093.22998046875,2095.840087890625,3200050000.0,^GSPC
2015-06-05,2095.090087890625,2100.989990234375,2085.669921875,2092.830078125,3243690000.0,^GSPC
2015-06-08,2092.340087890625,2093.010009765625,2079.110107421875,2079.280029296875,2917150000.0,^GSPC
2015-06-09,2079.070068359375,2085.6201171875,2072.139892578125,2080.14990234375,3034580000.0,^GSPC
2015-06-10,2081.1201171875,2108.5,2081.1201171875,2105.199951171875,3414320000.0,^GSPC
2015-06-11,2106.239990234375,2115.02001953125,2106.239990234375,2108.860107421875,3128600000.0,^GSPC
2015-06-12,2107.429931640625,2107.429931640625,2091.330078125,2094.110107421875,2719400000.0,^GSPC
2015-06-15,2091.340087890625,2091.340087890625,2072.489990234375,2084.429931640625,3061570000.0,^GSPC
2015-06-16,2084.260009765625,2097.39990234375,2082.10009765625,2096.2900390625,2919900000.0,^GSPC
2015-06-17,2097.39990234375,2106.7900390625,2088.860107421875,2100.43994140625,3222240000.0,^GSPC
2015-06-18,2101.580078125,2126.64990234375,2101.580078125,2121.239990234375,3520360000.0,^GSPC
2015-06-19,2121.06005859375,2121.639892578125,2109.449951171875,2109.989990234375,4449810000.0,^GSPC
2015-06-22,2112.5,2129.8701171875,2112.5,2122.85009765625,3030020000.0,^GSPC
2015-06-23,2123.159912109375,2128.030029296875,2119.889892578125,2124.199951171875,3091190000.0,^GSPC
2015-06-24,2123.64990234375,2125.10009765625,2108.580078125,2108.580078125,3102480000.0,^GSPC
2015-06-25,2109.9599609375,2116.0400390625,2101.780029296875,2102.31005859375,3214610000.0,^GSPC
2015-06-26,2102.6201171875,2108.919921875,2095.3798828125,2101.489990234375,5025470000.0,^GSPC
2015-06-29,2098.6298828125,2098.6298828125,2056.639892578125,2057.639892578125,3678960000.0,^GSPC
2015-06-30,2061.18994140625,2074.280029296875,2056.320068359375,2063.110107421875,4078540000.0,^GSPC
2015-07-01,2067.0,2082.780029296875,2067.0,2077.419921875,3727260000.0,^GSPC
2015-07-02,2078.030029296875,2085.06005859375,2071.02001953125,2076.780029296875,2996540000.0,^GSPC
2015-07-06,2073.949951171875,2078.610107421875,2058.39990234375,2068.760009765625,3486360000.0,^GSPC
2015-07-07,2069.52001953125,2083.739990234375,2044.02001953125,2081.340087890625,4458660000.0,^GSPC
2015-07-08,2077.659912109375,2077.659912109375,2044.6600341796875,2046.6800537109375,3608780000.0,^GSPC
2015-07-09,2049.72998046875,2074.280029296875,2049.72998046875,2051.31005859375,3446810000.0,^GSPC
2015-07-10,2052.739990234375,2081.31005859375,2052.739990234375,2076.6201171875,3065070000.0,^GSPC
2015-07-13,2080.030029296875,2100.669921875,2080.030029296875,2099.60009765625,3096730000.0,^GSPC
2015-07-14,2099.719970703125,2111.97998046875,2098.179931640625,2108.949951171875,3002120000.0,^GSPC
2015-07-15,2109.010009765625,2114.139892578125,2102.489990234375,2107.39990234375,3261810000.0,^GSPC
2015-07-16,2110.550048828125,2124.419921875,2110.550048828125,2124.2900390625,3227080000.0,^GSPC
2015-07-17,2126.800048828125,2128.909912109375,2119.8798828125,2126.639892578125,3362750000.0,^GSPC
2015-07-20,2126.85009765625,2132.820068359375,2123.659912109375,2128.280029296875,3245870000.0,^GSPC
2015-07-21,2127.550048828125,2128.489990234375,2115.39990234375,2119.2099609375,3343690000.0,^GSPC
2015-07-22,2118.2099609375,2118.510009765625,2110.0,2114.14990234375,3694070000.0,^GSPC
2015-07-23,2114.159912109375,2116.8701171875,2098.6298828125,2102.14990234375,3772810000.0,^GSPC
2015-07-24,2102.239990234375,2106.010009765625,2077.090087890625,2079.64990234375,3870040000.0,^GSPC
2015-07-27,2078.18994140625,2078.18994140625,2063.52001953125,2067.639892578125,3836750000.0,^GSPC
2015-07-28,2070.75,2095.60009765625,2069.090087890625,2093.25,4117740000.0,^GSPC
2015-07-29,2094.699951171875,2110.60009765625,2094.080078125,2108.570068359375,4038900000.0,^GSPC
2015-07-30,2106.780029296875,2110.47998046875,2094.969970703125,2108.6298828125,3579410000.0,^GSPC
2015-07-31,2111.60009765625,2114.239990234375,2102.070068359375,2103.840087890625,3681340000.0,^GSPC
2015-08-03,2104.489990234375,2105.699951171875,2087.31005859375,2098.0400390625,3476770000.0,^GSPC
2015-08-04,2097.679931640625,2102.510009765625,2088.60009765625,2093.320068359375,3546710000.0,^GSPC
2015-08-05,2095.27001953125,2112.659912109375,2095.27001953125,2099.840087890625,3968680000.0,^GSPC
2015-08-06,2100.75,2103.320068359375,2075.530029296875,2083.56005859375,4246570000.0,^GSPC
2015-08-07,2082.610107421875,2082.610107421875,2067.909912109375,2077.570068359375,3602320000.0,^GSPC
2015-08-10,2080.97998046875,2105.35009765625,2080.97998046875,2104.179931640625,3514460000.0,^GSPC
2015-08-11,2102.659912109375,2102.659912109375,2076.489990234375,2084.070068359375,3708880000.0,^GSPC
2015-08-12,2081.10009765625,2089.06005859375,2052.090087890625,2086.050048828125,4269130000.0,^GSPC
2015-08-13,2086.18994140625,2092.929931640625,2078.260009765625,2083.389892578125,3221300000.0,^GSPC
2015-08-14,2083.14990234375,2092.449951171875,2080.610107421875,2091.5400390625,2795590000.0,^GSPC
2015-08-17,2089.699951171875,2102.8701171875,2079.300048828125,2102.43994140625,2867690000.0,^GSPC
2015-08-18,2101.989990234375,2103.469970703125,2094.139892578125,2096.919921875,2949990000.0,^GSPC
2015-08-19,2095.68994140625,2096.169921875,2070.530029296875,2079.610107421875,3512920000.0,^GSPC
2015-08-20,2076.610107421875,2076.610107421875,2035.72998046875,2035.72998046875,3922470000.0,^GSPC
2015-08-21,2034.0799560546875,2034.0799560546875,1970.8900146484375,1970.8900146484375,5018240000.0,^GSPC
2015-08-24,1965.1500244140625,1965.1500244140625,1867.010009765625,1893.2099609375,6612690000.0,^GSPC
2015-08-25,1898.0799560546875,1948.0400390625,1867.0799560546875,1867.6099853515625,5183560000.0,^GSPC
2015-08-26,1872.75,1943.0899658203125,1872.75,1940.510009765625,5338250000.0,^GSPC
2015-08-27,1942.77001953125,1989.5999755859375,1942.77001953125,1987.6600341796875,5006390000.0,^GSPC
2015-08-28,1986.06005859375,1993.47998046875,1975.18994140625,1988.8699951171875,3949080000.0,^GSPC
2015-08-31,1986.72998046875,1986.72998046875,1965.97998046875,1972.1800537109375,3915100000.0,^GSPC
2015-09-01,1970.0899658203125,1970.0899658203125,1903.0699462890625,1913.8499755859375,4371850000.0,^GSPC
2015-09-02,1916.52001953125,1948.9100341796875,1916.52001953125,1948.8599853515625,3742620000.0,^GSPC
2015-09-03,1950.7900390625,1975.010009765625,1944.719970703125,1951.1300048828125,3520700000.0,^GSPC
2015-09-04,1947.760009765625,1947.760009765625,1911.2099609375,1921.219970703125,3167090000.0,^GSPC
2015-09-08,1927.300048828125,1970.4200439453125,1927.300048828125,1969.4100341796875,3548650000.0,^GSPC
2015-09-09,1971.449951171875,1988.6300048828125,1937.8800048828125,1942.0400390625,3652120000.0,^GSPC
2015-09-10,1941.5899658203125,1965.2900390625,1937.18994140625,1952.2900390625,3626320000.0,^GSPC
2015-09-11,1951.449951171875,1961.050048828125,1939.18994140625,1961.050048828125,3218590000.0,^GSPC
2015-09-14,1963.06005859375,1963.06005859375,1948.27001953125,1953.030029296875,3000200000.0,^GSPC
2015-09-15,1955.0999755859375,1983.18994140625,1954.300048828125,1978.0899658203125,3239860000.0,^GSPC
2015-09-16,1978.02001953125,1997.260009765625,1977.9300537109375,1995.31005859375,3630680000.0,^GSPC
2015-09-17,1995.3299560546875,2020.8599853515625,1986.72998046875,1990.199951171875,4183790000.0,^GSPC
2015-09-18,1989.6600341796875,1989.6600341796875,1953.449951171875,1958.030029296875,6021240000.0,^GSPC
2015-09-21,1960.8399658203125,1979.6400146484375,1955.800048828125,1966.969970703125,3269350000.0,^GSPC
2015-09-22,1961.3900146484375,1961.3900146484375,1929.219970703125,1942.739990234375,3808260000.0,^GSPC
2015-09-23,1943.239990234375,1949.52001953125,1932.5699462890625,1938.760009765625,3190530000.0,^GSPC
2015-09-24,1934.81005859375,1937.1700439453125,1908.9200439453125,1932.239990234375,4091530000.0,^GSPC
2015-09-25,1935.9300537109375,1952.8900146484375,1921.5,1931.3399658203125,3721870000.0,^GSPC
2015-09-28,1929.1800537109375,1929.1800537109375,1879.2099609375,1881.77001953125,4326660000.0,^GSPC
2015-09-29,1881.9000244140625,1899.47998046875,1871.9100341796875,1884.0899658203125,4132390000.0,^GSPC
2015-09-30,1887.1400146484375,1920.530029296875,1887.1400146484375,1920.030029296875,4525070000.0,^GSPC
2015-10-01,1919.6500244140625,1927.2099609375,1900.699951171875,1923.8199462890625,3983600000.0,^GSPC
2015-10-02,1921.77001953125,1951.3599853515625,1893.699951171875,1951.3599853515625,4378570000.0,^GSPC
2015-10-05,1954.3299560546875,1989.1700439453125,1954.3299560546875,1987.050048828125,4334490000.0,^GSPC
2015-10-06,1986.6300048828125,1991.6199951171875,1971.989990234375,1979.9200439453125,4202400000.0,^GSPC
2015-10-07,1982.3399658203125,1999.31005859375,1976.43994140625,1995.8299560546875,4666470000.0,^GSPC
2015-10-08,1994.010009765625,2016.5,1987.530029296875,2013.4300537109375,3939140000.0,^GSPC
2015-10-09,2013.72998046875,2020.1300048828125,2007.6099853515625,2014.8900146484375,3706900000.0,^GSPC
2015-10-12,2015.6500244140625,2018.6600341796875,2010.550048828125,2017.4599609375,2893250000.0,^GSPC
2015-10-13,2015.0,2022.3399658203125,2001.780029296875,2003.68994140625,3401920000.0,^GSPC
2015-10-14,2003.6600341796875,2009.56005859375,1990.72998046875,1994.239990234375,3644590000.0,^GSPC
2015-10-15,1996.469970703125,2024.1500244140625,1996.469970703125,2023.8599853515625,3746290000.0,^GSPC
2015-10-16,2024.3699951171875,2033.5400390625,2020.4599609375,2033.1099853515625,3595430000.0,^GSPC
2015-10-19,2031.72998046875,2034.449951171875,2022.31005859375,2033.6600341796875,3287320000.0,^GSPC
2015-10-20,2033.1300048828125,2039.1199951171875,2026.6099853515625,2030.77001953125,3331500000.0,^GSPC
2015-10-21,2033.469970703125,2037.969970703125,2017.219970703125,2018.93994140625,3627790000.0,^GSPC
2015-10-22,2021.8800048828125,2055.199951171875,2021.8800048828125,2052.510009765625,4430850000.0,^GSPC
2015-10-23,2058.18994140625,2079.739990234375,2058.18994140625,2075.14990234375,4108460000.0,^GSPC
2015-10-26,2075.080078125,2075.139892578125,2066.530029296875,2071.179931640625,3385800000.0,^GSPC
2015-10-27,2068.75,2070.3701171875,2058.840087890625,2065.889892578125,4216880000.0,^GSPC
2015-10-28,2066.47998046875,2090.35009765625,2063.110107421875,2090.35009765625,4698110000.0,^GSPC
2015-10-29,2088.35009765625,2092.52001953125,2082.6298828125,2089.409912109375,4008940000.0,^GSPC
2015-10-30,2090.0,2094.320068359375,2079.340087890625,2079.360107421875,4256200000.0,^GSPC
2015-11-02,2080.760009765625,2106.199951171875,2080.760009765625,2104.050048828125,3760020000.0,^GSPC
2015-11-03,2102.6298828125,2116.47998046875,2097.510009765625,2109.7900390625,4272060000.0,^GSPC
2015-11-04,2110.60009765625,2114.590087890625,2096.97998046875,2102.31005859375,4078870000.0,^GSPC
2015-11-05,2101.679931640625,2108.780029296875,2090.409912109375,2099.929931640625,4051890000.0,^GSPC
2015-11-06,2098.60009765625,2101.909912109375,2083.739990234375,2099.199951171875,4369020000.0,^GSPC
2015-11-09,2096.56005859375,2096.56005859375,2068.239990234375,2078.580078125,3882350000.0,^GSPC
2015-11-10,2077.18994140625,2083.669921875,2069.909912109375,2081.719970703125,3821440000.0,^GSPC
2015-11-11,2083.409912109375,2086.93994140625,2074.85009765625,2075.0,3692410000.0,^GSPC
2015-11-12,2072.2900390625,2072.2900390625,2045.6600341796875,2045.969970703125,4016370000.0,^GSPC
2015-11-13,2044.6400146484375,2044.6400146484375,2022.02001953125,2023.0400390625,4278750000.0,^GSPC
2015-11-16,2022.0799560546875,2053.219970703125,2019.3900146484375,2053.18994140625,3741240000.0,^GSPC
2015-11-17,2053.669921875,2066.68994140625,2045.9000244140625,2050.43994140625,4427350000.0,^GSPC
2015-11-18,2051.989990234375,2085.31005859375,2051.989990234375,2083.580078125,3926390000.0,^GSPC
2015-11-19,2083.699951171875,2086.739990234375,2078.760009765625,2081.239990234375,3628110000.0,^GSPC
2015-11-20,2082.820068359375,2097.06005859375,2082.820068359375,2089.169921875,3929600000.0,^GSPC
2015-11-23,2089.409912109375,2095.610107421875,2081.389892578125,2086.590087890625,3587980000.0,^GSPC
2015-11-24,2084.419921875,2094.1201171875,2070.2900390625,2089.139892578125,3884930000.0,^GSPC
2015-11-25,2089.300048828125,2093.0,2086.300048828125,2088.8701171875,2852940000.0,^GSPC
2015-11-27,2088.820068359375,2093.2900390625,2084.1298828125,2090.110107421875,1466840000.0,^GSPC
2015-11-30,2090.949951171875,2093.81005859375,2080.409912109375,2080.409912109375,4275030000.0,^GSPC
2015-12-01,2082.929931640625,2103.3701171875,2082.929931640625,2102.6298828125,3712120000.0,^GSPC
2015-12-02,2101.7099609375,2104.27001953125,2077.110107421875,2079.510009765625,3950640000.0,^GSPC
2015-12-03,2080.7099609375,2085.0,2042.3499755859375,2049.6201171875,4306490000.0,^GSPC
2015-12-04,2051.239990234375,2093.840087890625,2051.239990234375,2091.68994140625,4214910000.0,^GSPC
2015-12-07,2090.419921875,2090.419921875,2066.780029296875,2077.070068359375,4043820000.0,^GSPC
2015-12-08,2073.389892578125,2073.85009765625,2052.320068359375,2063.590087890625,4173570000.0,^GSPC
2015-12-09,2061.169921875,2080.330078125,2036.530029296875,2047.6199951171875,4385250000.0,^GSPC
2015-12-10,2047.9300537109375,2067.64990234375,2045.6700439453125,2052.22998046875,3715150000.0,^GSPC
2015-12-11,2047.27001953125,2047.27001953125,2008.800048828125,2012.3699951171875,4301060000.0,^GSPC
2015-12-14,2013.3699951171875,2022.9200439453125,1993.260009765625,2021.93994140625,4612440000.0,^GSPC
2015-12-15,2025.550048828125,2053.8701171875,2025.550048828125,2043.4100341796875,4353540000.0,^GSPC
2015-12-16,2046.5,2076.719970703125,2042.4300537109375,2073.070068359375,4635450000.0,^GSPC
2015-12-17,2073.760009765625,2076.3701171875,2041.6600341796875,2041.8900146484375,4327390000.0,^GSPC
2015-12-18,2040.81005859375,2040.81005859375,2005.3299560546875,2005.550048828125,6683070000.0,^GSPC
2015-12-21,2010.27001953125,2022.9000244140625,2005.9300537109375,2021.1500244140625,3760280000.0,^GSPC
2015-12-22,2023.1500244140625,2042.739990234375,2020.489990234375,2038.969970703125,3520860000.0,^GSPC
2015-12-23,2042.199951171875,2064.72998046875,2042.199951171875,2064.2900390625,3484090000.0,^GSPC
2015-12-24,2063.52001953125,2067.360107421875,2058.72998046875,2060.989990234375,1411860000.0,^GSPC
2015-12-28,2057.77001953125,2057.77001953125,2044.199951171875,2056.5,2492510000.0,^GSPC
2015-12-29,2060.5400390625,2081.56005859375,2060.5400390625,2078.360107421875,2542000000.0,^GSPC
2015-12-30,2077.340087890625,2077.340087890625,2061.969970703125,2063.360107421875,2367430000.0,^GSPC
2015-12-31,2060.590087890625,2062.5400390625,2043.6199951171875,2043.93994140625,2655330000.0,^GSPC
2016-01-04,2038.199951171875,2038.199951171875,1989.6800537109375,2012.6600341796875,4304880000.0,^GSPC
2016-01-05,2013.780029296875,2021.93994140625,2004.1700439453125,2016.7099609375,3706620000.0,^GSPC
2016-01-06,2011.7099609375,2011.7099609375,1979.050048828125,1990.260009765625,4336660000.0,^GSPC
2016-01-07,1985.3199462890625,1985.3199462890625,1938.8299560546875,1943.0899658203125,5076590000.0,^GSPC
2016-01-08,1945.969970703125,1960.4000244140625,1918.4599609375,1922.030029296875,4664940000.0,^GSPC
2016-01-11,1926.1199951171875,1935.6500244140625,1901.0999755859375,1923.6700439453125,4607290000.0,^GSPC
2016-01-12,1927.8299560546875,1947.3800048828125,1914.3499755859375,1938.6800537109375,4887260000.0,^GSPC
2016-01-13,1940.3399658203125,1950.3299560546875,1886.4100341796875,1890.280029296875,5087030000.0,^GSPC
2016-01-14,1891.6800537109375,1934.469970703125,1878.9300537109375,1921.8399658203125,5241110000.0,^GSPC
2016-01-15,1916.6800537109375,1916.6800537109375,1857.8299560546875,1880.3299560546875,5468460000.0,^GSPC
2016-01-19,1888.6600341796875,1901.43994140625,1864.5999755859375,1881.3299560546875,4928350000.0,^GSPC
2016-01-20,1876.1800537109375,1876.1800537109375,1812.2900390625,1859.3299560546875,6416070000.0,^GSPC
2016-01-21,1861.4599609375,1889.8499755859375,1848.97998046875,1868.989990234375,5078810000.0,^GSPC
2016-01-22,1877.4000244140625,1908.8499755859375,1877.4000244140625,1906.9000244140625,4901760000.0,^GSPC
2016-01-25,1906.280029296875,1906.280029296875,1875.969970703125,1877.0799560546875,4401380000.0,^GSPC
2016-01-26,1878.7900390625,1906.72998046875,1878.7900390625,1903.6300048828125,4357940000.0,^GSPC
2016-01-27,1902.52001953125,1916.989990234375,1872.699951171875,1882.949951171875,4754040000.0,^GSPC
2016-01-28,1885.219970703125,1902.9599609375,1873.6500244140625,1893.3599853515625,4693010000.0,^GSPC
2016-01-29,1894.0,1940.239990234375,1894.0,1940.239990234375,5497570000.0,^GSPC
2016-02-01,1936.93994140625,1947.199951171875,1920.300048828125,1939.3800048828125,4322530000.0,^GSPC
2016-02-02,1935.260009765625,1935.260009765625,1897.2900390625,1903.030029296875,4463190000.0,^GSPC
2016-02-03,1907.0699462890625,1918.010009765625,1872.22998046875,1912.530029296875,5172950000.0,^GSPC
2016-02-04,1911.6700439453125,1927.3499755859375,1900.52001953125,1915.449951171875,5193320000.0,^GSPC
2016-02-05,1913.0699462890625,1913.0699462890625,1872.6500244140625,1880.050048828125,4929940000.0,^GSPC
2016-02-08,1873.25,1873.25,1828.4599609375,1853.43994140625,5636460000.0,^GSPC
2016-02-09,1848.4599609375,1868.25,1834.93994140625,1852.2099609375,5183220000.0,^GSPC
2016-02-10,1857.0999755859375,1881.5999755859375,1850.3199462890625,1851.8599853515625,4471170000.0,^GSPC
2016-02-11,1847.0,1847.0,1810.0999755859375,1829.0799560546875,5500800000.0,^GSPC
2016-02-12,1833.4000244140625,1864.780029296875,1833.4000244140625,1864.780029296875,4696920000.0,^GSPC
2016-02-16,1871.43994140625,1895.77001953125,1871.43994140625,1895.5799560546875,4570670000.0,^GSPC
2016-02-17,1898.800048828125,1930.6800537109375,1898.800048828125,1926.8199462890625,5011540000.0,^GSPC
2016-02-18,1927.5699462890625,1930.0,1915.0899658203125,1917.8299560546875,4436490000.0,^GSPC
2016-02-19,1916.739990234375,1918.780029296875,1902.1700439453125,1917.780029296875,4142850000.0,^GSPC
2016-02-22,1924.43994140625,1946.699951171875,1924.43994140625,1945.5,4054710000.0,^GSPC
2016-02-23,1942.3800048828125,1942.3800048828125,1919.43994140625,1921.27001953125,3890650000.0,^GSPC
2016-02-24,1917.56005859375,1932.0799560546875,1891.0,1929.800048828125,4317250000.0,^GSPC
2016-02-25,1931.8699951171875,1951.8299560546875,1925.4100341796875,1951.699951171875,4118210000.0,^GSPC
2016-02-26,1954.949951171875,1962.9599609375,1945.780029296875,1948.050048828125,4348510000.0,^GSPC
2016-02-29,1947.1300048828125,1958.27001953125,1931.81005859375,1932.22998046875,4588180000.0,^GSPC
2016-03-01,1937.0899658203125,1978.3499755859375,1937.0899658203125,1978.3499755859375,4819750000.0,^GSPC
2016-03-02,1976.5999755859375,1986.510009765625,1968.800048828125,1986.449951171875,4666610000.0,^GSPC
2016-03-03,1985.5999755859375,1993.68994140625,1977.3699951171875,1993.4000244140625,5081700000.0,^GSPC
2016-03-04,1994.010009765625,2009.1300048828125,1986.77001953125,1999.989990234375,6049930000.0,^GSPC
2016-03-07,1996.1099853515625,2006.1199951171875,1989.3800048828125,2001.760009765625,4968180000.0,^GSPC
2016-03-08,1996.8800048828125,1996.8800048828125,1977.4300537109375,1979.260009765625,4641650000.0,^GSPC
2016-03-09,1981.43994140625,1992.68994140625,1979.8399658203125,1989.260009765625,4038120000.0,^GSPC
2016-03-10,1990.969970703125,2005.0799560546875,1969.25,1989.5699462890625,4376790000.0,^GSPC
2016-03-11,1994.7099609375,2022.3699951171875,1994.7099609375,2022.18994140625,4078620000.0,^GSPC
2016-03-14,2019.27001953125,2024.5699462890625,2012.050048828125,2019.6400146484375,3487850000.0,^GSPC
2016-03-15,2015.27001953125,2015.93994140625,2005.22998046875,2015.9300537109375,3560280000.0,^GSPC
2016-03-16,2014.239990234375,2032.02001953125,2010.0400390625,2027.219970703125,4057020000.0,^GSPC
2016-03-17,2026.9000244140625,2046.239990234375,2022.1600341796875,2040.5899658203125,4530480000.0,^GSPC
2016-03-18,2041.1600341796875,2052.360107421875,2041.1600341796875,2049.580078125,6503140000.0,^GSPC
2016-03-21,2047.8800048828125,2053.909912109375,2043.1400146484375,2051.60009765625,3376600000.0,^GSPC
2016-03-22,2048.639892578125,2056.60009765625,2040.5699462890625,2049.800048828125,3418460000.0,^GSPC
2016-03-23,2048.550048828125,2048.550048828125,2034.8599853515625,2036.7099609375,3639510000.0,^GSPC
2016-03-24,2032.47998046875,2036.0400390625,2022.489990234375,2035.93994140625,3407720000.0,^GSPC
2016-03-28,2037.8900146484375,2042.6700439453125,2031.9599609375,2037.050048828125,2809090000.0,^GSPC
2016-03-29,2035.75,2055.909912109375,2028.31005859375,2055.010009765625,3822330000.0,^GSPC
2016-03-30,2058.27001953125,2072.2099609375,2058.27001953125,2063.949951171875,3590310000.0,^GSPC
2016-03-31,2063.77001953125,2067.919921875,2057.4599609375,2059.739990234375,3715280000.0,^GSPC
2016-04-01,2056.6201171875,2075.070068359375,2043.97998046875,2072.780029296875,3749990000.0,^GSPC
2016-04-04,2073.18994140625,2074.02001953125,2062.570068359375,2066.1298828125,3485710000.0,^GSPC
2016-04-05,2062.5,2062.5,2042.56005859375,2045.1700439453125,4154920000.0,^GSPC
2016-04-06,2045.56005859375,2067.330078125,2043.0899658203125,2066.659912109375,3750800000.0,^GSPC
2016-04-07,2063.010009765625,2063.010009765625,2033.800048828125,2041.9100341796875,3801250000.0,^GSPC
2016-04-08,2045.5400390625,2060.6298828125,2041.68994140625,2047.5999755859375,3359530000.0,^GSPC
2016-04-11,2050.22998046875,2062.929931640625,2041.8800048828125,2041.989990234375,3567840000.0,^GSPC
2016-04-12,2043.719970703125,2065.050048828125,2039.739990234375,2061.719970703125,4239740000.0,^GSPC
2016-04-13,2065.919921875,2083.179931640625,2065.919921875,2082.419921875,4191830000.0,^GSPC
2016-04-14,2082.889892578125,2087.840087890625,2078.1298828125,2082.780029296875,3765870000.0,^GSPC
2016-04-15,2083.10009765625,2083.219970703125,2076.31005859375,2080.72998046875,3701450000.0,^GSPC
2016-04-18,2078.830078125,2094.659912109375,2073.64990234375,2094.340087890625,3316880000.0,^GSPC
2016-04-19,2096.050048828125,2104.050048828125,2091.679931640625,2100.800048828125,3896830000.0,^GSPC
2016-04-20,2101.52001953125,2111.050048828125,2096.320068359375,2102.39990234375,4184880000.0,^GSPC
2016-04-21,2102.090087890625,2103.780029296875,2088.52001953125,2091.47998046875,4175290000.0,^GSPC
2016-04-22,2091.489990234375,2094.320068359375,2081.199951171875,2091.580078125,3790580000.0,^GSPC
2016-04-25,2089.3701171875,2089.3701171875,2077.52001953125,2087.7900390625,3319740000.0,^GSPC
2016-04-26,2089.840087890625,2096.8701171875,2085.800048828125,2091.699951171875,3557190000.0,^GSPC
2016-04-27,2092.330078125,2099.889892578125,2082.31005859375,2095.14990234375,4100110000.0,^GSPC
2016-04-28,2090.929931640625,2099.300048828125,2071.6201171875,2075.81005859375,4309840000.0,^GSPC
2016-04-29,2071.820068359375,2073.85009765625,2052.280029296875,2065.300048828125,4704720000.0,^GSPC
2016-05-02,2067.169921875,2083.419921875,2066.110107421875,2081.429931640625,3841110000.0,^GSPC
2016-05-03,2077.179931640625,2077.179931640625,2054.889892578125,2063.3701171875,4173390000.0,^GSPC
2016-05-04,2060.300048828125,2060.300048828125,2045.550048828125,2051.1201171875,4058560000.0,^GSPC
2016-05-05,2052.949951171875,2060.22998046875,2045.77001953125,2050.6298828125,4008530000.0,^GSPC
2016-05-06,2047.77001953125,2057.719970703125,2039.449951171875,2057.139892578125,3796350000.0,^GSPC
2016-05-09,2057.550048828125,2064.14990234375,2054.31005859375,2058.68994140625,3788620000.0,^GSPC
2016-05-10,2062.6298828125,2084.8701171875,2062.6298828125,2084.389892578125,3600200000.0,^GSPC
2016-05-11,2083.2900390625,2083.2900390625,2064.4599609375,2064.4599609375,3821980000.0,^GSPC
2016-05-12,2067.169921875,2073.989990234375,2053.1298828125,2064.110107421875,3782390000.0,^GSPC
2016-05-13,2062.5,2066.7900390625,2043.1300048828125,2046.6099853515625,3579880000.0,^GSPC
2016-05-16,2046.530029296875,2071.8798828125,2046.530029296875,2066.659912109375,3501360000.0,^GSPC
2016-05-17,2065.0400390625,2065.68994140625,2040.8199462890625,2047.2099609375,4108960000.0,^GSPC
2016-05-18,2044.3800048828125,2060.610107421875,2034.489990234375,2047.6300048828125,4101320000.0,^GSPC
2016-05-19,2044.2099609375,2044.2099609375,2025.9100341796875,2040.0400390625,3846770000.0,^GSPC
2016-05-20,2041.8800048828125,2058.35009765625,2041.8800048828125,2052.320068359375,3507650000.0,^GSPC
2016-05-23,2052.22998046875,2055.580078125,2047.260009765625,2048.0400390625,3055480000.0,^GSPC
2016-05-24,2052.64990234375,2079.669921875,2052.64990234375,2076.06005859375,3627340000.0,^GSPC
2016-05-25,2078.929931640625,2094.72998046875,2078.929931640625,2090.5400390625,3859160000.0,^GSPC
2016-05-26,2091.43994140625,2094.300048828125,2087.080078125,2090.10009765625,3230990000.0,^GSPC
2016-05-27,2090.06005859375,2099.06005859375,2090.06005859375,2099.06005859375,3079150000.0,^GSPC
2016-05-31,2100.1298828125,2103.47998046875,2088.659912109375,2096.949951171875,4514410000.0,^GSPC
2016-06-01,2093.93994140625,2100.969970703125,2085.10009765625,2099.330078125,3525170000.0,^GSPC
2016-06-02,2097.7099609375,2105.260009765625,2088.590087890625,2105.260009765625,3632720000.0,^GSPC
2016-06-03,2104.070068359375,2104.070068359375,2085.360107421875,2099.1298828125,3627780000.0,^GSPC
2016-06-06,2100.830078125,2113.360107421875,2100.830078125,2109.409912109375,3442020000.0,^GSPC
2016-06-07,2110.179931640625,2119.219970703125,2110.179931640625,2112.1298828125,3534730000.0,^GSPC
2016-06-08,2112.7099609375,2120.550048828125,2112.7099609375,2119.1201171875,3562060000.0,^GSPC
2016-06-09,2115.64990234375,2117.639892578125,2107.72998046875,2115.47998046875,3290320000.0,^GSPC
2016-06-10,2109.570068359375,2109.570068359375,2089.9599609375,2096.070068359375,3515010000.0,^GSPC
2016-06-13,2091.75,2098.1201171875,2078.4599609375,2079.06005859375,3392030000.0,^GSPC
2016-06-14,2076.64990234375,2081.300048828125,2064.10009765625,2075.320068359375,3759770000.0,^GSPC
2016-06-15,2077.60009765625,2085.64990234375,2069.800048828125,2071.5,3544720000.0,^GSPC
2016-06-16,2066.360107421875,2079.6201171875,2050.3701171875,2077.989990234375,3628280000.0,^GSPC
2016-06-17,2078.199951171875,2078.199951171875,2062.840087890625,2071.219970703125,4952630000.0,^GSPC
2016-06-20,2075.580078125,2100.659912109375,2075.580078125,2083.25,3467440000.0,^GSPC
2016-06-21,2085.18994140625,2093.659912109375,2083.02001953125,2088.89990234375,3232880000.0,^GSPC
2016-06-22,2089.75,2099.7099609375,2084.360107421875,2085.449951171875,3168160000.0,^GSPC
2016-06-23,2092.800048828125,2113.320068359375,2092.800048828125,2113.320068359375,3297940000.0,^GSPC
2016-06-24,2103.81005859375,2103.81005859375,2032.5699462890625,2037.4100341796875,7597450000.0,^GSPC
2016-06-27,2031.449951171875,2031.449951171875,1991.6800537109375,2000.5400390625,5431220000.0,^GSPC
2016-06-28,2006.6700439453125,2036.0899658203125,2006.6700439453125,2036.0899658203125,4385810000.0,^GSPC
2016-06-29,2042.68994140625,2073.1298828125,2042.68994140625,2070.77001953125,4241740000.0,^GSPC
2016-06-30,2073.169921875,2098.93994140625,2070.0,2098.860107421875,4622820000.0,^GSPC
2016-07-01,2099.340087890625,2108.7099609375,2097.89990234375,2102.949951171875,3458890000.0,^GSPC
2016-07-05,2095.050048828125,2095.050048828125,2080.860107421875,2088.550048828125,3658380000.0,^GSPC
2016-07-06,2084.429931640625,2100.719970703125,2074.02001953125,2099.72998046875,3909380000.0,^GSPC
2016-07-07,2100.419921875,2109.080078125,2089.389892578125,2097.89990234375,3604550000.0,^GSPC
2016-07-08,2106.969970703125,2131.7099609375,2106.969970703125,2129.89990234375,3607500000.0,^GSPC
2016-07-11,2131.719970703125,2143.159912109375,2131.719970703125,2137.159912109375,3253340000.0,^GSPC
2016-07-12,2139.5,2155.39990234375,2139.5,2152.139892578125,4097820000.0,^GSPC
2016-07-13,2153.81005859375,2156.449951171875,2146.2099609375,2152.429931640625,3502320000.0,^GSPC
2016-07-14,2157.8798828125,2168.989990234375,2157.8798828125,2163.75,3465610000.0,^GSPC
2016-07-15,2165.1298828125,2169.050048828125,2155.7900390625,2161.739990234375,3122600000.0,^GSPC
2016-07-18,2162.0400390625,2168.35009765625,2159.6298828125,2166.889892578125,3009310000.0,^GSPC
2016-07-19,2163.7900390625,2164.6298828125,2159.010009765625,2163.780029296875,2968340000.0,^GSPC
2016-07-20,2166.10009765625,2175.6298828125,2164.889892578125,2173.02001953125,3211860000.0,^GSPC
2016-07-21,2172.909912109375,2174.56005859375,2159.75,2165.169921875,3438900000.0,^GSPC
2016-07-22,2166.469970703125,2175.110107421875,2163.239990234375,2175.030029296875,3023280000.0,^GSPC
2016-07-25,2173.7099609375,2173.7099609375,2161.949951171875,2168.47998046875,3057240000.0,^GSPC
2016-07-26,2168.969970703125,2173.5400390625,2160.179931640625,2169.179931640625,3442350000.0,^GSPC
2016-07-27,2169.81005859375,2174.97998046875,2159.070068359375,2166.580078125,3995500000.0,^GSPC
2016-07-28,2166.050048828125,2172.85009765625,2159.739990234375,2170.06005859375,3664240000.0,^GSPC
2016-07-29,2168.830078125,2177.090087890625,2163.489990234375,2173.60009765625,4038840000.0,^GSPC
2016-08-01,2173.14990234375,2178.2900390625,2166.2099609375,2170.840087890625,3505990000.0,^GSPC
2016-08-02,2169.93994140625,2170.199951171875,2147.580078125,2157.030029296875,3848750000.0,^GSPC
2016-08-03,2156.81005859375,2163.7900390625,2152.56005859375,2163.7900390625,3786530000.0,^GSPC
2016-08-04,2163.510009765625,2168.18994140625,2159.070068359375,2164.25,3709200000.0,^GSPC
2016-08-05,2168.7900390625,2182.8701171875,2168.7900390625,2182.8701171875,3663070000.0,^GSPC
2016-08-08,2183.760009765625,2185.43994140625,2177.85009765625,2180.889892578125,3327550000.0,^GSPC
2016-08-09,2182.239990234375,2187.659912109375,2178.610107421875,2181.739990234375,3334300000.0,^GSPC
2016-08-10,2182.81005859375,2183.409912109375,2172.0,2175.489990234375,3254950000.0,^GSPC
2016-08-11,2177.969970703125,2188.449951171875,2177.969970703125,2185.7900390625,3423160000.0,^GSPC
2016-08-12,2183.739990234375,2186.280029296875,2179.419921875,2184.050048828125,3000660000.0,^GSPC
2016-08-15,2186.080078125,2193.81005859375,2186.080078125,2190.14990234375,3078530000.0,^GSPC
2016-08-16,2186.239990234375,2186.239990234375,2178.139892578125,2178.14990234375,3196400000.0,^GSPC
2016-08-17,2177.840087890625,2183.080078125,2168.5,2182.219970703125,3388910000.0,^GSPC
2016-08-18,2181.89990234375,2187.030029296875,2180.4599609375,2187.02001953125,3300570000.0,^GSPC
2016-08-19,2184.239990234375,2185.0,2175.1298828125,2183.8701171875,3084800000.0,^GSPC
2016-08-22,2181.580078125,2185.14990234375,2175.9599609375,2182.639892578125,2777550000.0,^GSPC
2016-08-23,2187.81005859375,2193.419921875,2186.800048828125,2186.89990234375,3041490000.0,^GSPC
2016-08-24,2185.090087890625,2186.659912109375,2171.25,2175.43994140625,3148280000.0,^GSPC
2016-08-25,2173.2900390625,2179.0,2169.739990234375,2172.469970703125,2969310000.0,^GSPC
2016-08-26,2175.10009765625,2187.93994140625,2160.389892578125,2169.0400390625,3342340000.0,^GSPC
2016-08-29,2170.18994140625,2183.47998046875,2170.18994140625,2180.3798828125,2654780000.0,^GSPC
2016-08-30,2179.449951171875,2182.27001953125,2170.409912109375,2176.1201171875,3006800000.0,^GSPC
2016-08-31,2173.56005859375,2173.7900390625,2161.35009765625,2170.949951171875,3766390000.0,^GSPC
2016-09-01,2171.330078125,2173.56005859375,2157.090087890625,2170.860107421875,3392120000.0,^GSPC
2016-09-02,2177.489990234375,2184.8701171875,2173.590087890625,2179.97998046875,3091120000.0,^GSPC
2016-09-06,2181.610107421875,2186.570068359375,2175.10009765625,2186.47998046875,3447650000.0,^GSPC
2016-09-07,2185.169921875,2187.8701171875,2179.070068359375,2186.159912109375,3319420000.0,^GSPC
2016-09-08,2182.760009765625,2184.93994140625,2177.489990234375,2181.300048828125,3727840000.0,^GSPC
2016-09-09,2169.080078125,2169.080078125,2127.81005859375,2127.81005859375,4233960000.0,^GSPC
2016-09-12,2120.860107421875,2163.300048828125,2119.1201171875,2159.0400390625,4010480000.0,^GSPC
2016-09-13,2150.469970703125,2150.469970703125,2120.27001953125,2127.02001953125,4141670000.0,^GSPC
2016-09-14,2127.860107421875,2141.330078125,2119.89990234375,2125.77001953125,3664100000.0,^GSPC
2016-09-15,2125.360107421875,2151.31005859375,2122.360107421875,2147.260009765625,3373720000.0,^GSPC
2016-09-16,2146.47998046875,2146.47998046875,2131.199951171875,2139.159912109375,5014360000.0,^GSPC
2016-09-19,2143.989990234375,2153.610107421875,2135.909912109375,2139.1201171875,3141820000.0,^GSPC
2016-09-20,2145.93994140625,2150.800048828125,2139.169921875,2139.760009765625,3117380000.0,^GSPC
2016-09-21,2144.580078125,2165.110107421875,2139.570068359375,2163.1201171875,3685450000.0,^GSPC
2016-09-22,2170.93994140625,2179.989990234375,2170.93994140625,2177.179931640625,3523860000.0,^GSPC
2016-09-23,2173.2900390625,2173.75,2163.969970703125,2164.68994140625,3289860000.0,^GSPC
2016-09-26,2158.5400390625,2158.5400390625,2145.0400390625,2146.10009765625,3199910000.0,^GSPC
2016-09-27,2146.0400390625,2161.1298828125,2141.550048828125,2159.929931640625,3414090000.0,^GSPC
2016-09-28,2161.85009765625,2172.39990234375,2151.7900390625,2171.3701171875,3860390000.0,^GSPC
2016-09-29,2168.89990234375,2172.669921875,2145.199951171875,2151.1298828125,4215620000.0,^GSPC
2016-09-30,2156.510009765625,2175.300048828125,2156.510009765625,2168.27001953125,4158800000.0,^GSPC
2016-10-03,2164.330078125,2164.409912109375,2154.77001953125,2161.199951171875,3113850000.0,^GSPC
2016-10-04,2163.3701171875,2165.4599609375,2144.010009765625,2150.489990234375,3716100000.0,^GSPC
2016-10-05,2155.14990234375,2163.949951171875,2155.14990234375,2159.72998046875,3883710000.0,^GSPC
2016-10-06,2158.219970703125,2162.929931640625,2150.280029296875,2160.77001953125,3438040000.0,^GSPC
2016-10-07,2164.18994140625,2165.860107421875,2144.85009765625,2153.739990234375,3578770000.0,^GSPC
2016-10-10,2160.389892578125,2169.60009765625,2160.389892578125,2163.659912109375,2881970000.0,^GSPC
2016-10-11,2161.35009765625,2161.56005859375,2128.840087890625,2136.72998046875,3393060000.0,^GSPC
2016-10-12,2137.669921875,2145.360107421875,2132.77001953125,2139.179931640625,2959510000.0,^GSPC
2016-10-13,2130.260009765625,2138.18994140625,2114.719970703125,2132.550048828125,3538030000.0,^GSPC
2016-10-14,2139.679931640625,2149.18994140625,2132.97998046875,2132.97998046875,3187910000.0,^GSPC
2016-10-17,2132.949951171875,2135.610107421875,2124.429931640625,2126.5,2832440000.0,^GSPC
2016-10-18,2138.31005859375,2144.3798828125,2135.489990234375,2139.60009765625,3172940000.0,^GSPC
2016-10-19,2140.81005859375,2148.43994140625,2138.14990234375,2144.2900390625,3364990000.0,^GSPC
2016-10-20,2142.510009765625,2147.179931640625,2133.43994140625,2141.340087890625,3339320000.0,^GSPC
2016-10-21,2139.429931640625,2142.6298828125,2130.090087890625,2141.159912109375,3456390000.0,^GSPC
2016-10-24,2148.5,2154.7900390625,2146.909912109375,2151.330078125,3359950000.0,^GSPC
2016-10-25,2149.719970703125,2151.43994140625,2141.929931640625,2143.159912109375,3756200000.0,^GSPC
2016-10-26,2136.969970703125,2145.72998046875,2131.590087890625,2139.429931640625,3778120000.0,^GSPC
2016-10-27,2144.06005859375,2147.1298828125,2132.52001953125,2133.0400390625,4209400000.0,^GSPC
2016-10-28,2132.22998046875,2140.719970703125,2119.360107421875,2126.409912109375,4028270000.0,^GSPC
2016-10-31,2129.780029296875,2133.25,2125.530029296875,2126.14990234375,3926560000.0,^GSPC
2016-11-01,2128.679931640625,2131.449951171875,2097.85009765625,2111.719970703125,4539190000.0,^GSPC
2016-11-02,2109.429931640625,2111.760009765625,2094.0,2097.93994140625,4289120000.0,^GSPC
2016-11-03,2098.800048828125,2102.56005859375,2085.22998046875,2088.659912109375,3892100000.0,^GSPC
2016-11-04,2083.7900390625,2099.070068359375,2083.7900390625,2085.179931640625,3841910000.0,^GSPC
2016-11-07,2100.590087890625,2132.0,2100.590087890625,2131.52001953125,3739720000.0,^GSPC
2016-11-08,2129.919921875,2146.8701171875,2123.56005859375,2139.56005859375,3921850000.0,^GSPC
2016-11-09,2131.56005859375,2170.10009765625,2125.35009765625,2163.260009765625,6267590000.0,^GSPC
2016-11-10,2167.489990234375,2182.300048828125,2151.169921875,2167.47998046875,6458450000.0,^GSPC
2016-11-11,2162.7099609375,2165.919921875,2152.489990234375,2164.449951171875,4993990000.0,^GSPC
2016-11-14,2165.639892578125,2171.360107421875,2156.080078125,2164.199951171875,5373670000.0,^GSPC
2016-11-15,2168.2900390625,2180.840087890625,2166.3798828125,2180.389892578125,4548110000.0,^GSPC
2016-11-16,2177.530029296875,2179.219970703125,2172.199951171875,2176.93994140625,3847900000.0,^GSPC
2016-11-17,2178.610107421875,2188.06005859375,2176.64990234375,2187.1201171875,3811730000.0,^GSPC
2016-11-18,2186.85009765625,2189.889892578125,2180.3798828125,2181.89990234375,3580900000.0,^GSPC
2016-11-21,2186.429931640625,2198.699951171875,2186.429931640625,2198.179931640625,3611500000.0,^GSPC
2016-11-22,2201.56005859375,2204.800048828125,2194.510009765625,2202.93994140625,3960520000.0,^GSPC
2016-11-23,2198.550048828125,2204.719970703125,2194.510009765625,2204.719970703125,3419850000.0,^GSPC
2016-11-25,2206.27001953125,2213.35009765625,2206.27001953125,2213.35009765625,1584590000.0,^GSPC
2016-11-28,2210.2099609375,2211.139892578125,2200.360107421875,2201.719970703125,3515100000.0,^GSPC
2016-11-29,2200.760009765625,2210.4599609375,2198.14990234375,2204.659912109375,3709190000.0,^GSPC
2016-11-30,2204.969970703125,2214.10009765625,2198.81005859375,2198.81005859375,5538400000.0,^GSPC
2016-12-01,2200.169921875,2202.60009765625,2187.43994140625,2191.080078125,5067470000.0,^GSPC
2016-12-02,2191.1201171875,2197.949951171875,2188.3701171875,2191.949951171875,3782370000.0,^GSPC
2016-12-05,2200.64990234375,2209.419921875,2199.969970703125,2204.7099609375,3898530000.0,^GSPC
2016-12-06,2207.260009765625,2212.780029296875,2202.2099609375,2212.22998046875,3857290000.0,^GSPC
2016-12-07,2210.719970703125,2241.6298828125,2208.929931640625,2241.35009765625,4504070000.0,^GSPC
2016-12-08,2241.1298828125,2251.68994140625,2237.570068359375,2246.18994140625,4203270000.0,^GSPC
2016-12-09,2249.72998046875,2259.800048828125,2249.22998046875,2259.530029296875,3886460000.0,^GSPC
2016-12-12,2258.830078125,2264.030029296875,2252.3701171875,2256.9599609375,4038850000.0,^GSPC
2016-12-13,2263.320068359375,2277.530029296875,2263.320068359375,2271.719970703125,3875630000.0,^GSPC
2016-12-14,2268.35009765625,2276.199951171875,2248.43994140625,2253.280029296875,4409670000.0,^GSPC
2016-12-15,2253.77001953125,2272.1201171875,2253.77001953125,2262.030029296875,4173360000.0,^GSPC
2016-12-16,2266.81005859375,2268.050048828125,2254.239990234375,2258.070068359375,5928980000.0,^GSPC
2016-12-19,2259.239990234375,2267.469970703125,2258.2099609375,2262.530029296875,3252840000.0,^GSPC
2016-12-20,2266.5,2272.56005859375,2266.139892578125,2270.760009765625,3306250000.0,^GSPC
2016-12-21,2270.5400390625,2271.22998046875,2265.14990234375,2265.179931640625,2854880000.0,^GSPC
2016-12-22,2262.929931640625,2263.179931640625,2256.080078125,2260.9599609375,2880670000.0,^GSPC
2016-12-23,2260.25,2263.7900390625,2258.840087890625,2263.7900390625,2021230000.0,^GSPC
2016-12-27,2266.22998046875,2273.820068359375,2266.14990234375,2268.8798828125,1989730000.0,^GSPC
2016-12-28,2270.22998046875,2271.31005859375,2249.110107421875,2249.919921875,2402750000.0,^GSPC
2016-12-29,2249.5,2254.510009765625,2244.56005859375,2249.260009765625,2338700000.0,^GSPC
2016-12-30,2251.610107421875,2253.580078125,2233.6201171875,2238.830078125,2671550000.0,^GSPC
2017-01-03,2251.570068359375,2263.8798828125,2245.1298828125,2257.830078125,3773010000.0,^GSPC
2017-01-04,2261.60009765625,2272.820068359375,2261.60009765625,2270.75,3768890000.0,^GSPC
2017-01-05,2268.179931640625,2271.5,2260.449951171875,2269.0,3785080000.0,^GSPC
2017-01-06,2271.139892578125,2282.10009765625,2264.06005859375,2276.97998046875,3342080000.0,^GSPC
2017-01-09,2273.590087890625,2275.489990234375,2268.89990234375,2268.89990234375,3219730000.0,^GSPC
2017-01-10,2269.719970703125,2279.27001953125,2265.27001953125,2268.89990234375,3640560000.0,^GSPC
2017-01-11,2268.60009765625,2275.320068359375,2260.830078125,2275.320068359375,3625080000.0,^GSPC
2017-01-12,2271.139892578125,2271.780029296875,2254.25,2270.43994140625,3466220000.0,^GSPC
2017-01-13,2272.739990234375,2278.679931640625,2271.510009765625,2274.639892578125,3090680000.0,^GSPC
2017-01-17,2269.139892578125,2272.080078125,2262.81005859375,2267.889892578125,3586950000.0,^GSPC
2017-01-18,2269.139892578125,2272.010009765625,2263.35009765625,2271.889892578125,3317670000.0,^GSPC
2017-01-19,2271.89990234375,2274.330078125,2258.409912109375,2263.68994140625,3168390000.0,^GSPC
2017-01-20,2269.9599609375,2276.9599609375,2265.010009765625,2271.31005859375,3536850000.0,^GSPC
2017-01-23,2267.780029296875,2271.780029296875,2257.02001953125,2265.199951171875,3155240000.0,^GSPC
2017-01-24,2267.8798828125,2284.6298828125,2266.679931640625,2280.070068359375,3816950000.0,^GSPC
2017-01-25,2288.8798828125,2299.550048828125,2288.8798828125,2298.3701171875,3849340000.0,^GSPC
2017-01-26,2298.6298828125,2300.989990234375,2294.080078125,2296.679931640625,3611510000.0,^GSPC
2017-01-27,2299.02001953125,2299.02001953125,2291.6201171875,2294.68994140625,3137420000.0,^GSPC
2017-01-30,2286.010009765625,2286.010009765625,2268.0400390625,2280.89990234375,3595040000.0,^GSPC
2017-01-31,2274.02001953125,2279.090087890625,2267.2099609375,2278.8701171875,4089730000.0,^GSPC
2017-02-01,2285.590087890625,2289.139892578125,2272.43994140625,2279.550048828125,3919190000.0,^GSPC
2017-02-02,2276.68994140625,2283.969970703125,2271.64990234375,2280.85009765625,3809760000.0,^GSPC
2017-02-03,2288.5400390625,2298.31005859375,2287.8798828125,2297.419921875,3605970000.0,^GSPC
2017-02-06,2294.280029296875,2296.179931640625,2288.570068359375,2292.56005859375,3112390000.0,^GSPC
2017-02-07,2295.8701171875,2299.39990234375,2290.159912109375,2293.080078125,3452460000.0,^GSPC
2017-02-08,2289.550048828125,2295.909912109375,2285.3798828125,2294.669921875,3611950000.0,^GSPC
2017-02-09,2296.699951171875,2311.080078125,2296.610107421875,2307.8701171875,3681600000.0,^GSPC
2017-02-10,2312.27001953125,2319.22998046875,2311.10009765625,2316.10009765625,3496600000.0,^GSPC
2017-02-13,2321.719970703125,2331.580078125,2321.419921875,2328.25,3352370000.0,^GSPC
2017-02-14,2326.1201171875,2337.580078125,2322.169921875,2337.580078125,3528040000.0,^GSPC
2017-02-15,2335.580078125,2351.300048828125,2334.81005859375,2349.25,3785870000.0,^GSPC
2017-02-16,2349.639892578125,2351.31005859375,2338.8701171875,2347.219970703125,3675900000.0,^GSPC
2017-02-17,2343.010009765625,2351.159912109375,2339.580078125,2351.159912109375,3516830000.0,^GSPC
2017-02-21,2354.909912109375,2366.7099609375,2354.909912109375,2365.3798828125,3587520000.0,^GSPC
2017-02-22,2361.110107421875,2365.1298828125,2358.340087890625,2362.820068359375,3473170000.0,^GSPC
2017-02-23,2367.5,2368.260009765625,2355.090087890625,2363.81005859375,4021770000.0,^GSPC
2017-02-24,2355.72998046875,2367.340087890625,2352.8701171875,2367.340087890625,3832410000.0,^GSPC
2017-02-27,2365.22998046875,2371.5400390625,2361.8701171875,2369.75,3584680000.0,^GSPC
2017-02-28,2366.080078125,2367.7900390625,2358.9599609375,2363.639892578125,4212460000.0,^GSPC
2017-03-01,2380.1298828125,2400.97998046875,2380.1298828125,2395.9599609375,4347630000.0,^GSPC
2017-03-02,2394.75,2394.75,2380.169921875,2381.919921875,3824030000.0,^GSPC
2017-03-03,2380.919921875,2383.889892578125,2375.389892578125,2383.1201171875,3556670000.0,^GSPC
2017-03-06,2375.22998046875,2378.800048828125,2367.97998046875,2375.31005859375,3251800000.0,^GSPC
2017-03-07,2370.739990234375,2375.1201171875,2365.510009765625,2368.389892578125,3526300000.0,^GSPC
2017-03-08,2369.81005859375,2373.090087890625,2361.010009765625,2362.97998046875,3814080000.0,^GSPC
2017-03-09,2363.489990234375,2369.080078125,2354.5400390625,2364.8701171875,3718450000.0,^GSPC
2017-03-10,2372.52001953125,2376.860107421875,2363.0400390625,2372.60009765625,3434400000.0,^GSPC
2017-03-13,2371.56005859375,2374.419921875,2368.52001953125,2373.469970703125,3166650000.0,^GSPC
2017-03-14,2368.550048828125,2368.550048828125,2358.179931640625,2365.449951171875,3173760000.0,^GSPC
2017-03-15,2370.340087890625,2390.010009765625,2368.93994140625,2385.260009765625,3909490000.0,^GSPC
2017-03-16,2387.7099609375,2388.10009765625,2377.179931640625,2381.3798828125,3368880000.0,^GSPC
2017-03-17,2383.7099609375,2385.7099609375,2377.639892578125,2378.25,5179820000.0,^GSPC
2017-03-20,2378.239990234375,2379.550048828125,2369.659912109375,2373.469970703125,3061560000.0,^GSPC
2017-03-21,2379.320068359375,2381.929931640625,2341.89990234375,2344.02001953125,4278890000.0,^GSPC
2017-03-22,2343.0,2351.81005859375,2336.449951171875,2348.449951171875,3575160000.0,^GSPC
2017-03-23,2345.969970703125,2358.919921875,2342.1298828125,2345.9599609375,3262400000.0,^GSPC
2017-03-24,2350.419921875,2356.219970703125,2335.739990234375,2343.97998046875,2978530000.0,^GSPC
2017-03-27,2329.110107421875,2344.89990234375,2322.25,2341.590087890625,3242300000.0,^GSPC
2017-03-28,2339.7900390625,2363.780029296875,2337.6298828125,2358.570068359375,3369120000.0,^GSPC
2017-03-29,2356.5400390625,2363.360107421875,2352.93994140625,2361.1298828125,3107670000.0,^GSPC
2017-03-30,2361.31005859375,2370.419921875,2358.580078125,2368.06005859375,3159680000.0,^GSPC
2017-03-31,2364.820068359375,2370.35009765625,2362.60009765625,2362.719970703125,3356740000.0,^GSPC
2017-04-03,2362.340087890625,2365.8701171875,2344.72998046875,2358.840087890625,3418730000.0,^GSPC
2017-04-04,2354.760009765625,2360.530029296875,2350.719970703125,2360.159912109375,3208340000.0,^GSPC
2017-04-05,2366.590087890625,2378.360107421875,2350.52001953125,2352.949951171875,3780650000.0,^GSPC
2017-04-06,2353.7900390625,2364.159912109375,2348.89990234375,2357.489990234375,3203250000.0,^GSPC
2017-04-07,2356.590087890625,2363.760009765625,2350.739990234375,2355.5400390625,3054700000.0,^GSPC
2017-04-10,2357.159912109375,2366.3701171875,2351.5,2357.159912109375,2792570000.0,^GSPC
2017-04-11,2353.919921875,2355.219970703125,2337.25,2353.780029296875,3120900000.0,^GSPC
2017-04-12,2352.14990234375,2352.719970703125,2341.179931640625,2344.929931640625,3201300000.0,^GSPC
2017-04-13,2341.97998046875,2348.260009765625,2328.949951171875,2328.949951171875,3146380000.0,^GSPC
2017-04-17,2332.6201171875,2349.139892578125,2332.510009765625,2349.010009765625,2826890000.0,^GSPC
2017-04-18,2342.530029296875,2348.35009765625,2334.5400390625,2342.18994140625,3272210000.0,^GSPC
2017-04-19,2346.7900390625,2352.6298828125,2335.050048828125,2338.169921875,3521160000.0,^GSPC
2017-04-20,2342.68994140625,2361.3701171875,2340.909912109375,2355.840087890625,3648990000.0,^GSPC
2017-04-21,2354.739990234375,2356.179931640625,2344.510009765625,2348.68994140625,3524160000.0,^GSPC
2017-04-24,2370.330078125,2376.97998046875,2369.18994140625,2374.14990234375,3711170000.0,^GSPC
2017-04-25,2381.510009765625,2392.47998046875,2381.14990234375,2388.610107421875,4005820000.0,^GSPC
2017-04-26,2388.97998046875,2398.159912109375,2386.780029296875,2387.449951171875,4111350000.0,^GSPC
2017-04-27,2389.699951171875,2392.10009765625,2382.679931640625,2388.77001953125,4099940000.0,^GSPC
2017-04-28,2393.679931640625,2393.679931640625,2382.360107421875,2384.199951171875,3721350000.0,^GSPC
2017-05-01,2388.5,2394.489990234375,2384.830078125,2388.330078125,3201500000.0,^GSPC
2017-05-02,2391.050048828125,2392.929931640625,2385.820068359375,2391.169921875,3861360000.0,^GSPC
2017-05-03,2386.5,2389.820068359375,2379.75,2388.1298828125,3896760000.0,^GSPC
2017-05-04,2389.7900390625,2391.429931640625,2380.35009765625,2389.52001953125,4367860000.0,^GSPC
2017-05-05,2392.3701171875,2399.2900390625,2389.3798828125,2399.2900390625,3543240000.0,^GSPC
2017-05-08,2399.93994140625,2401.360107421875,2393.919921875,2399.3798828125,3429990000.0,^GSPC
2017-05-09,2401.580078125,2403.8701171875,2392.43994140625,2396.919921875,3657840000.0,^GSPC
2017-05-10,2396.7900390625,2399.739990234375,2392.7900390625,2399.6298828125,3649370000.0,^GSPC
2017-05-11,2394.840087890625,2395.719970703125,2381.739990234375,2394.43994140625,3727710000.0,^GSPC
2017-05-12,2392.43994140625,2392.43994140625,2387.18994140625,2390.89990234375,3304620000.0,^GSPC
2017-05-15,2393.97998046875,2404.050048828125,2393.93994140625,2402.320068359375,3490080000.0,^GSPC
2017-05-16,2404.550048828125,2405.77001953125,2396.050048828125,2400.669921875,3421810000.0,^GSPC
2017-05-17,2382.949951171875,2384.8701171875,2356.2099609375,2357.030029296875,4164760000.0,^GSPC
2017-05-18,2354.68994140625,2375.739990234375,2352.719970703125,2365.719970703125,4319440000.0,^GSPC
2017-05-19,2371.3701171875,2389.06005859375,2370.429931640625,2381.72998046875,3831700000.0,^GSPC
2017-05-22,2387.2099609375,2395.4599609375,2386.919921875,2394.02001953125,3176580000.0,^GSPC
2017-05-23,2397.0400390625,2400.85009765625,2393.8798828125,2398.419921875,3216560000.0,^GSPC
2017-05-24,2401.409912109375,2405.580078125,2397.989990234375,2404.389892578125,3389240000.0,^GSPC
2017-05-25,2409.5400390625,2418.7099609375,2408.010009765625,2415.070068359375,3538210000.0,^GSPC
2017-05-26,2414.5,2416.679931640625,2412.199951171875,2415.820068359375,2806930000.0,^GSPC
2017-05-30,2411.669921875,2415.260009765625,2409.429931640625,2412.909912109375,3205860000.0,^GSPC
2017-05-31,2415.6298828125,2415.989990234375,2403.590087890625,2411.800048828125,4518040000.0,^GSPC
2017-06-01,2415.64990234375,2430.06005859375,2413.5400390625,2430.06005859375,3860620000.0,^GSPC
2017-06-02,2431.280029296875,2440.22998046875,2427.7099609375,2439.070068359375,3465500000.0,^GSPC
2017-06-05,2437.830078125,2439.550048828125,2434.320068359375,2436.10009765625,2916720000.0,^GSPC
2017-06-06,2431.919921875,2436.2099609375,2428.1201171875,2429.330078125,3376750000.0,^GSPC
2017-06-07,2432.030029296875,2435.280029296875,2424.75,2433.139892578125,3576220000.0,^GSPC
2017-06-08,2434.27001953125,2439.27001953125,2427.93994140625,2433.7900390625,3735980000.0,^GSPC
2017-06-09,2436.389892578125,2446.199951171875,2415.699951171875,2431.77001953125,4029860000.0,^GSPC
2017-06-12,2425.8798828125,2430.3798828125,2419.969970703125,2429.389892578125,4031840000.0,^GSPC
2017-06-13,2434.14990234375,2441.489990234375,2431.280029296875,2440.35009765625,3278240000.0,^GSPC
2017-06-14,2443.75,2443.75,2428.340087890625,2437.919921875,3558640000.0,^GSPC
2017-06-15,2424.139892578125,2433.949951171875,2418.530029296875,2432.4599609375,3371980000.0,^GSPC
2017-06-16,2431.239990234375,2433.14990234375,2422.8798828125,2433.14990234375,5299380000.0,^GSPC
2017-06-19,2442.550048828125,2453.820068359375,2441.7900390625,2453.4599609375,3271480000.0,^GSPC
2017-06-20,2450.659912109375,2450.659912109375,2436.60009765625,2437.030029296875,3422700000.0,^GSPC
2017-06-21,2439.31005859375,2442.22998046875,2430.739990234375,2435.610107421875,3599190000.0,^GSPC
2017-06-22,2437.39990234375,2441.6201171875,2433.27001953125,2434.5,3477250000.0,^GSPC
2017-06-23,2434.64990234375,2441.39990234375,2431.110107421875,2438.300048828125,5282460000.0,^GSPC
2017-06-26,2443.320068359375,2450.419921875,2437.030029296875,2439.070068359375,3243660000.0,^GSPC
2017-06-27,2436.340087890625,2440.14990234375,2419.3798828125,2419.3798828125,3564770000.0,^GSPC
2017-06-28,2428.699951171875,2442.969970703125,2428.02001953125,2440.68994140625,3479980000.0,^GSPC
2017-06-29,2442.3798828125,2442.72998046875,2405.699951171875,2419.699951171875,3869560000.0,^GSPC
2017-06-30,2429.199951171875,2432.7099609375,2421.64990234375,2423.409912109375,3366030000.0,^GSPC
2017-07-03,2431.389892578125,2439.169921875,2428.68994140625,2429.010009765625,1901480000.0,^GSPC
2017-07-05,2430.780029296875,2434.89990234375,2422.050048828125,2432.5400390625,3368150000.0,^GSPC
2017-07-06,2423.43994140625,2424.280029296875,2407.699951171875,2409.75,3368710000.0,^GSPC
2017-07-07,2413.52001953125,2426.919921875,2413.52001953125,2425.179931640625,2929390000.0,^GSPC
2017-07-10,2424.510009765625,2432.0,2422.27001953125,2427.429931640625,3009880000.0,^GSPC
2017-07-11,2427.35009765625,2429.300048828125,2412.7900390625,2425.530029296875,3108800000.0,^GSPC
2017-07-12,2435.75,2445.760009765625,2435.75,2443.25,3176900000.0,^GSPC
2017-07-13,2444.989990234375,2449.320068359375,2441.68994140625,2447.830078125,3068510000.0,^GSPC
2017-07-14,2449.159912109375,2463.5400390625,2446.68994140625,2459.27001953125,2738460000.0,^GSPC
2017-07-17,2459.5,2462.820068359375,2457.159912109375,2459.139892578125,2800580000.0,^GSPC
2017-07-18,2455.8798828125,2460.919921875,2450.340087890625,2460.610107421875,2974090000.0,^GSPC
2017-07-19,2463.85009765625,2473.830078125,2463.85009765625,2473.830078125,3063810000.0,^GSPC
2017-07-20,2475.56005859375,2477.6201171875,2468.429931640625,2473.449951171875,3223820000.0,^GSPC
2017-07-21,2467.39990234375,2472.5400390625,2465.06005859375,2472.5400390625,3066880000.0,^GSPC
2017-07-24,2472.0400390625,2473.10009765625,2466.320068359375,2469.909912109375,3019920000.0,^GSPC
2017-07-25,2477.8798828125,2481.239990234375,2474.909912109375,2477.1298828125,4116360000.0,^GSPC
2017-07-26,2479.969970703125,2481.68994140625,2474.93994140625,2477.830078125,3597830000.0,^GSPC
2017-07-27,2482.760009765625,2484.0400390625,2459.929931640625,2475.419921875,4035740000.0,^GSPC
2017-07-28,2469.1201171875,2473.530029296875,2464.659912109375,2472.10009765625,3302850000.0,^GSPC
2017-07-31,2475.93994140625,2477.9599609375,2468.530029296875,2470.300048828125,3475930000.0,^GSPC
2017-08-01,2477.10009765625,2478.510009765625,2471.139892578125,2476.35009765625,3470260000.0,^GSPC
2017-08-02,2480.3798828125,2480.3798828125,2466.47998046875,2477.570068359375,3487150000.0,^GSPC
2017-08-03,2476.030029296875,2476.030029296875,2468.85009765625,2472.159912109375,3662410000.0,^GSPC
2017-08-04,2476.8798828125,2480.0,2472.080078125,2476.830078125,3239980000.0,^GSPC
2017-08-07,2477.139892578125,2480.949951171875,2475.8798828125,2480.909912109375,2935130000.0,^GSPC
2017-08-08,2478.35009765625,2490.8701171875,2470.320068359375,2474.919921875,3347480000.0,^GSPC
2017-08-09,2465.35009765625,2474.409912109375,2462.080078125,2474.02001953125,3310960000.0,^GSPC
2017-08-10,2465.3798828125,2465.3798828125,2437.75,2438.2099609375,3635820000.0,^GSPC
2017-08-11,2441.0400390625,2448.090087890625,2437.85009765625,2441.320068359375,3161830000.0,^GSPC
2017-08-14,2454.9599609375,2468.219970703125,2454.9599609375,2465.840087890625,2824320000.0,^GSPC
2017-08-15,2468.659912109375,2468.89990234375,2461.610107421875,2464.610107421875,2922430000.0,^GSPC
2017-08-16,2468.6298828125,2474.929931640625,2463.860107421875,2468.110107421875,2956570000.0,^GSPC
2017-08-17,2462.949951171875,2465.02001953125,2430.010009765625,2430.010009765625,3164950000.0,^GSPC
2017-08-18,2427.639892578125,2440.27001953125,2420.68994140625,2425.550048828125,3426970000.0,^GSPC
2017-08-21,2425.5,2430.580078125,2417.35009765625,2428.3701171875,2803650000.0,^GSPC
2017-08-22,2433.75,2454.77001953125,2433.669921875,2452.510009765625,2780990000.0,^GSPC
2017-08-23,2444.8798828125,2448.909912109375,2441.419921875,2444.0400390625,2796950000.0,^GSPC
2017-08-24,2447.909912109375,2450.389892578125,2436.18994140625,2438.969970703125,2849680000.0,^GSPC
2017-08-25,2444.719970703125,2453.9599609375,2442.219970703125,2443.050048828125,2593350000.0,^GSPC
2017-08-28,2447.35009765625,2449.1201171875,2439.030029296875,2444.239990234375,2682920000.0,^GSPC
2017-08-29,2431.93994140625,2449.18994140625,2428.199951171875,2446.300048828125,2739460000.0,^GSPC
2017-08-30,2446.06005859375,2460.31005859375,2443.77001953125,2457.590087890625,2637780000.0,^GSPC
2017-08-31,2462.64990234375,2475.010009765625,2462.64990234375,2471.64990234375,3353860000.0,^GSPC
2017-09-01,2474.419921875,2480.3798828125,2473.85009765625,2476.550048828125,2712780000.0,^GSPC
2017-09-05,2470.35009765625,2471.969970703125,2446.550048828125,2457.85009765625,3502190000.0,^GSPC
2017-09-06,2463.830078125,2469.639892578125,2459.199951171875,2465.5400390625,3400200000.0,^GSPC
2017-09-07,2468.06005859375,2468.6201171875,2460.2900390625,2465.10009765625,3365780000.0,^GSPC
2017-09-08,2462.25,2467.110107421875,2459.39990234375,2461.429931640625,3308360000.0,^GSPC
2017-09-11,2474.52001953125,2488.949951171875,2474.52001953125,2488.110107421875,3293460000.0,^GSPC
2017-09-12,2491.93994140625,2496.77001953125,2490.3701171875,2496.47998046875,3234280000.0,^GSPC
2017-09-13,2493.889892578125,2498.3701171875,2492.139892578125,2498.3701171875,3371370000.0,^GSPC
2017-09-14,2494.56005859375,2498.429931640625,2491.35009765625,2495.6201171875,3422470000.0,^GSPC
2017-09-15,2495.669921875,2500.22998046875,2493.159912109375,2500.22998046875,4862970000.0,^GSPC
2017-09-18,2502.510009765625,2508.320068359375,2499.919921875,2503.8701171875,3204700000.0,^GSPC
2017-09-19,2506.2900390625,2507.840087890625,2503.18994140625,2506.64990234375,3253760000.0,^GSPC
2017-09-20,2506.840087890625,2508.85009765625,2496.669921875,2508.239990234375,3584570000.0,^GSPC
2017-09-21,2507.159912109375,2507.159912109375,2499.0,2500.60009765625,2965590000.0,^GSPC
2017-09-22,2497.260009765625,2503.469970703125,2496.5400390625,2502.219970703125,2877980000.0,^GSPC
2017-09-25,2499.389892578125,2502.5400390625,2488.030029296875,2496.659912109375,3314530000.0,^GSPC
2017-09-26,2501.0400390625,2503.510009765625,2495.1201171875,2496.840087890625,3070770000.0,^GSPC
2017-09-27,2503.300048828125,2511.75,2495.909912109375,2507.0400390625,3485070000.0,^GSPC
2017-09-28,2503.409912109375,2510.81005859375,2502.929931640625,2510.06005859375,3173030000.0,^GSPC
2017-09-29,2509.9599609375,2519.43994140625,2507.989990234375,2519.360107421875,3220260000.0,^GSPC
2017-10-02,2521.199951171875,2529.22998046875,2520.39990234375,2529.1201171875,3226370000.0,^GSPC
2017-10-03,2530.340087890625,2535.1298828125,2528.85009765625,2534.580078125,3073480000.0,^GSPC
2017-10-04,2533.47998046875,2540.530029296875,2531.800048828125,2537.739990234375,3020770000.0,^GSPC
2017-10-05,2540.860107421875,2552.510009765625,2540.02001953125,2552.070068359375,3059730000.0,^GSPC
2017-10-06,2547.43994140625,2549.409912109375,2543.7900390625,2549.330078125,2898270000.0,^GSPC
2017-10-09,2551.389892578125,2551.820068359375,2541.60009765625,2544.72998046875,2486940000.0,^GSPC
2017-10-10,2549.989990234375,2555.22998046875,2544.860107421875,2550.639892578125,2962610000.0,^GSPC
2017-10-11,2550.6201171875,2555.239990234375,2547.949951171875,2555.239990234375,2991320000.0,^GSPC
2017-10-12,2552.8798828125,2555.330078125,2548.31005859375,2550.929931640625,3157280000.0,^GSPC
2017-10-13,2555.659912109375,2557.64990234375,2552.090087890625,2553.169921875,3150470000.0,^GSPC
2017-10-16,2555.570068359375,2559.469970703125,2552.639892578125,2557.639892578125,2918030000.0,^GSPC
2017-10-17,2557.169921875,2559.7099609375,2554.68994140625,2559.360107421875,2901890000.0,^GSPC
2017-10-18,2562.8701171875,2564.110107421875,2559.669921875,2561.260009765625,2999320000.0,^GSPC
2017-10-19,2553.389892578125,2562.360107421875,2547.919921875,2562.10009765625,3019520000.0,^GSPC
2017-10-20,2567.56005859375,2575.43994140625,2567.56005859375,2575.2099609375,3394450000.0,^GSPC
2017-10-23,2578.080078125,2578.2900390625,2564.330078125,2564.97998046875,3214470000.0,^GSPC
2017-10-24,2568.659912109375,2572.179931640625,2565.580078125,2569.1298828125,3435660000.0,^GSPC
2017-10-25,2566.52001953125,2567.39990234375,2544.0,2557.14990234375,3885470000.0,^GSPC
2017-10-26,2560.080078125,2567.070068359375,2559.800048828125,2560.39990234375,3891750000.0,^GSPC
2017-10-27,2570.260009765625,2582.97998046875,2565.93994140625,2581.070068359375,3896100000.0,^GSPC
2017-10-30,2577.75,2580.030029296875,2568.25,2572.830078125,3660230000.0,^GSPC
2017-10-31,2575.989990234375,2578.2900390625,2572.14990234375,2575.260009765625,3844420000.0,^GSPC
2017-11-01,2583.2099609375,2588.39990234375,2574.919921875,2579.360107421875,3841200000.0,^GSPC
2017-11-02,2579.4599609375,2581.110107421875,2566.169921875,2579.85009765625,4050140000.0,^GSPC
2017-11-03,2581.929931640625,2588.419921875,2576.77001953125,2587.840087890625,3568710000.0,^GSPC
2017-11-06,2587.469970703125,2593.3798828125,2585.659912109375,2591.1298828125,3541970000.0,^GSPC
2017-11-07,2592.110107421875,2597.02001953125,2584.35009765625,2590.639892578125,3815190000.0,^GSPC
2017-11-08,2588.7099609375,2595.469970703125,2585.02001953125,2594.3798828125,3898450000.0,^GSPC
2017-11-09,2584.0,2586.5,2566.330078125,2584.6201171875,3844100000.0,^GSPC
2017-11-10,2580.179931640625,2583.81005859375,2575.570068359375,2582.300048828125,3489740000.0,^GSPC
2017-11-13,2576.530029296875,2587.659912109375,2574.47998046875,2584.840087890625,3405200000.0,^GSPC
2017-11-14,2577.75,2579.659912109375,2566.56005859375,2578.8701171875,3643580000.0,^GSPC
2017-11-15,2569.449951171875,2572.840087890625,2557.449951171875,2564.6201171875,3586590000.0,^GSPC
2017-11-16,2572.949951171875,2590.090087890625,2572.949951171875,2585.639892578125,3329730000.0,^GSPC
2017-11-17,2582.93994140625,2583.9599609375,2577.6201171875,2578.85009765625,3309800000.0,^GSPC
2017-11-20,2579.489990234375,2584.639892578125,2578.239990234375,2582.139892578125,3023940000.0,^GSPC
2017-11-21,2589.169921875,2601.18994140625,2589.169921875,2599.030029296875,3351230000.0,^GSPC
2017-11-22,2600.31005859375,2600.93994140625,2595.22998046875,2597.080078125,2764110000.0,^GSPC
2017-11-24,2600.419921875,2604.2099609375,2600.419921875,2602.419921875,1385890000.0,^GSPC
2017-11-27,2602.659912109375,2606.409912109375,2598.8701171875,2601.419921875,3017720000.0,^GSPC
2017-11-28,2605.93994140625,2627.68994140625,2605.43994140625,2627.0400390625,3493340000.0,^GSPC
2017-11-29,2627.820068359375,2634.889892578125,2620.320068359375,2626.070068359375,4090630000.0,^GSPC
2017-11-30,2633.929931640625,2657.739990234375,2633.929931640625,2647.580078125,4965700000.0,^GSPC
2017-12-01,2645.10009765625,2650.6201171875,2605.52001953125,2642.219970703125,3950930000.0,^GSPC
2017-12-04,2657.18994140625,2665.18994140625,2639.030029296875,2639.43994140625,4025840000.0,^GSPC
2017-12-05,2639.780029296875,2648.719970703125,2627.72998046875,2629.570068359375,3547570000.0,^GSPC
2017-12-06,2626.239990234375,2634.409912109375,2624.75,2629.27001953125,3253080000.0,^GSPC
2017-12-07,2628.3798828125,2640.989990234375,2626.530029296875,2636.97998046875,3297060000.0,^GSPC
2017-12-08,2646.2099609375,2651.64990234375,2644.10009765625,2651.5,3126750000.0,^GSPC
2017-12-11,2652.18994140625,2660.330078125,2651.469970703125,2659.989990234375,3141480000.0,^GSPC
2017-12-12,2661.72998046875,2669.719970703125,2659.780029296875,2664.110107421875,3568910000.0,^GSPC
2017-12-13,2667.590087890625,2671.8798828125,2662.85009765625,2662.85009765625,3568360000.0,^GSPC
2017-12-14,2665.8701171875,2668.090087890625,2652.010009765625,2652.010009765625,3442760000.0,^GSPC
2017-12-15,2660.6298828125,2679.6298828125,2659.139892578125,2675.81005859375,5736910000.0,^GSPC
2017-12-18,2685.919921875,2694.969970703125,2685.919921875,2690.159912109375,3727770000.0,^GSPC
2017-12-19,2692.7099609375,2694.43994140625,2680.739990234375,2681.469970703125,3407680000.0,^GSPC
2017-12-20,2688.179931640625,2691.010009765625,2676.110107421875,2679.25,3246230000.0,^GSPC
2017-12-21,2683.02001953125,2692.639892578125,2682.39990234375,2684.570068359375,3293130000.0,^GSPC
2017-12-22,2684.219970703125,2685.35009765625,2678.1298828125,2683.340087890625,2401030000.0,^GSPC
2017-12-26,2679.090087890625,2682.739990234375,2677.9599609375,2680.5,1970660000.0,^GSPC
2017-12-27,2682.10009765625,2685.639892578125,2678.909912109375,2682.6201171875,2202900000.0,^GSPC
2017-12-28,2686.10009765625,2687.659912109375,2682.68994140625,2687.5400390625,2174890000.0,^GSPC
2017-12-29,2689.14990234375,2692.1201171875,2673.610107421875,2673.610107421875,2447760000.0,^GSPC
2018-01-02,2683.72998046875,2695.889892578125,2682.360107421875,2695.81005859375,3397430000.0,^GSPC
2018-01-03,2697.85009765625,2714.3701171875,2697.77001953125,2713.06005859375,3544030000.0,^GSPC
2018-01-04,2719.31005859375,2729.2900390625,2719.070068359375,2723.989990234375,3697340000.0,^GSPC
2018-01-05,2731.330078125,2743.449951171875,2727.919921875,2743.14990234375,3239280000.0,^GSPC
2018-01-08,2742.669921875,2748.510009765625,2737.60009765625,2747.7099609375,3246160000.0,^GSPC
2018-01-09,2751.14990234375,2759.139892578125,2747.860107421875,2751.2900390625,3467460000.0,^GSPC
2018-01-10,2745.550048828125,2750.800048828125,2736.06005859375,2748.22998046875,3579900000.0,^GSPC
2018-01-11,2752.969970703125,2767.56005859375,2752.780029296875,2767.56005859375,3645690000.0,^GSPC
2018-01-12,2770.179931640625,2787.85009765625,2769.639892578125,2786.239990234375,3587220000.0,^GSPC
2018-01-16,2798.9599609375,2807.5400390625,2768.639892578125,2776.419921875,4362880000.0,^GSPC
2018-01-17,2784.989990234375,2807.0400390625,2778.3798828125,2802.56005859375,3790340000.0,^GSPC
2018-01-18,2802.39990234375,2805.830078125,2792.56005859375,2798.030029296875,3703300000.0,^GSPC
2018-01-19,2802.60009765625,2810.330078125,2798.080078125,2810.300048828125,3724230000.0,^GSPC
2018-01-22,2809.159912109375,2833.030029296875,2808.1201171875,2832.969970703125,3489480000.0,^GSPC
2018-01-23,2835.050048828125,2842.239990234375,2830.590087890625,2839.1298828125,3541140000.0,^GSPC
2018-01-24,2845.419921875,2852.969970703125,2824.81005859375,2837.5400390625,4079270000.0,^GSPC
2018-01-25,2846.239990234375,2848.56005859375,2830.93994140625,2839.25,3873100000.0,^GSPC
2018-01-26,2847.47998046875,2872.8701171875,2846.179931640625,2872.8701171875,3474680000.0,^GSPC
2018-01-29,2867.22998046875,2870.6201171875,2851.47998046875,2853.530029296875,3587420000.0,^GSPC
2018-01-30,2832.739990234375,2837.75,2818.27001953125,2822.429931640625,4012070000.0,^GSPC
2018-01-31,2832.409912109375,2839.260009765625,2813.0400390625,2823.81005859375,4276270000.0,^GSPC
2018-02-01,2816.449951171875,2835.9599609375,2812.699951171875,2821.97998046875,3977380000.0,^GSPC
2018-02-02,2808.919921875,2808.919921875,2759.969970703125,2762.1298828125,4340220000.0,^GSPC
2018-02-05,2741.06005859375,2763.389892578125,2638.169921875,2648.93994140625,5310840000.0,^GSPC
2018-02-06,2614.780029296875,2701.0400390625,2593.070068359375,2695.139892578125,5917350000.0,^GSPC
2018-02-07,2690.949951171875,2727.669921875,2681.330078125,2681.659912109375,4646300000.0,^GSPC
2018-02-08,2685.010009765625,2685.27001953125,2580.56005859375,2581.0,5333840000.0,^GSPC
2018-02-09,2601.780029296875,2638.669921875,2532.68994140625,2619.550048828125,5690110000.0,^GSPC
2018-02-12,2636.75,2672.610107421875,2622.449951171875,2656.0,4069220000.0,^GSPC
2018-02-13,2646.27001953125,2668.840087890625,2637.080078125,2662.93994140625,3503540000.0,^GSPC
2018-02-14,2651.2099609375,2702.10009765625,2648.8701171875,2698.6298828125,4011940000.0,^GSPC
2018-02-15,2713.4599609375,2731.510009765625,2689.820068359375,2731.199951171875,3696140000.0,^GSPC
2018-02-16,2727.139892578125,2754.419921875,2725.110107421875,2732.219970703125,3646920000.0,^GSPC
2018-02-20,2722.989990234375,2737.60009765625,2706.760009765625,2716.260009765625,3646920000.0,^GSPC
2018-02-21,2720.530029296875,2747.75,2701.2900390625,2701.330078125,3789040000.0,^GSPC
2018-02-22,2710.419921875,2731.260009765625,2697.77001953125,2703.9599609375,3720620000.0,^GSPC
2018-02-23,2715.800048828125,2747.760009765625,2713.739990234375,2747.300048828125,3200360000.0,^GSPC
2018-02-26,2757.3701171875,2780.639892578125,2753.780029296875,2779.60009765625,3436590000.0,^GSPC
2018-02-27,2780.449951171875,2789.14990234375,2744.219970703125,2744.280029296875,3752070000.0,^GSPC
2018-02-28,2753.780029296875,2761.52001953125,2713.5400390625,2713.830078125,4244570000.0,^GSPC
2018-03-01,2715.219970703125,2730.889892578125,2659.64990234375,2677.669921875,4514490000.0,^GSPC
2018-03-02,2658.889892578125,2696.25,2647.320068359375,2691.25,3891250000.0,^GSPC
2018-03-05,2681.06005859375,2728.090087890625,2675.75,2720.93994140625,3733640000.0,^GSPC
2018-03-06,2730.179931640625,2732.080078125,2711.260009765625,2728.1201171875,3389030000.0,^GSPC
2018-03-07,2710.179931640625,2730.60009765625,2701.739990234375,2726.800048828125,3406690000.0,^GSPC
2018-03-08,2732.75,2740.449951171875,2722.64990234375,2738.969970703125,3206040000.0,^GSPC
2018-03-09,2752.909912109375,2786.570068359375,2751.5400390625,2786.570068359375,3376870000.0,^GSPC
2018-03-12,2790.5400390625,2796.97998046875,2779.260009765625,2783.02001953125,3216960000.0,^GSPC
2018-03-13,2792.31005859375,2801.89990234375,2758.679931640625,2765.31005859375,3324290000.0,^GSPC
2018-03-14,2774.06005859375,2777.110107421875,2744.3798828125,2749.47998046875,3394630000.0,^GSPC
2018-03-15,2754.27001953125,2763.030029296875,2741.469970703125,2747.330078125,3543710000.0,^GSPC
2018-03-16,2750.570068359375,2761.85009765625,2749.969970703125,2752.010009765625,5429140000.0,^GSPC
2018-03-19,2741.3798828125,2741.3798828125,2694.590087890625,2712.919921875,3327460000.0,^GSPC
2018-03-20,2715.050048828125,2724.219970703125,2710.050048828125,2716.93994140625,3272590000.0,^GSPC
2018-03-21,2714.989990234375,2739.139892578125,2709.7900390625,2711.929931640625,3434780000.0,^GSPC
2018-03-22,2691.360107421875,2695.679931640625,2641.590087890625,2643.68994140625,3765460000.0,^GSPC
2018-03-23,2646.7099609375,2657.669921875,2585.889892578125,2588.260009765625,3829380000.0,^GSPC
2018-03-26,2619.35009765625,2661.360107421875,2601.81005859375,2658.550048828125,3538080000.0,^GSPC
2018-03-27,2667.570068359375,2674.780029296875,2596.1201171875,2612.6201171875,3761320000.0,^GSPC
2018-03-28,2611.300048828125,2632.64990234375,2593.06005859375,2605.0,3875720000.0,^GSPC
2018-03-29,2614.409912109375,2659.070068359375,2609.719970703125,2640.8701171875,3572360000.0,^GSPC
2018-04-02,2633.449951171875,2638.300048828125,2553.800048828125,2581.8798828125,3635780000.0,^GSPC
2018-04-03,2592.169921875,2619.139892578125,2575.489990234375,2614.449951171875,3395840000.0,^GSPC
2018-04-04,2584.0400390625,2649.860107421875,2573.610107421875,2644.68994140625,3369230000.0,^GSPC
2018-04-05,2657.360107421875,2672.080078125,2649.580078125,2662.840087890625,3230430000.0,^GSPC
2018-04-06,2645.820068359375,2656.8798828125,2586.27001953125,2604.469970703125,3312390000.0,^GSPC
2018-04-09,2617.179931640625,2653.550048828125,2610.7900390625,2613.159912109375,3076140000.0,^GSPC
2018-04-10,2638.409912109375,2665.449951171875,2635.780029296875,2656.8701171875,3579130000.0,^GSPC
2018-04-11,2643.889892578125,2661.429931640625,2639.25,2642.18994140625,3054520000.0,^GSPC
2018-04-12,2653.830078125,2674.719970703125,2653.830078125,2663.989990234375,3045330000.0,^GSPC
2018-04-13,2676.89990234375,2680.260009765625,2645.050048828125,2656.300048828125,2988540000.0,^GSPC
2018-04-16,2670.10009765625,2686.489990234375,2665.159912109375,2677.840087890625,3020740000.0,^GSPC
2018-04-17,2692.739990234375,2713.340087890625,2692.050048828125,2706.389892578125,3286190000.0,^GSPC
2018-04-18,2710.110107421875,2717.489990234375,2703.6298828125,2708.639892578125,3412030000.0,^GSPC
2018-04-19,2701.159912109375,2702.840087890625,2681.89990234375,2693.1298828125,3375120000.0,^GSPC
2018-04-20,2692.56005859375,2693.93994140625,2660.610107421875,2670.139892578125,3428260000.0,^GSPC
2018-04-23,2675.39990234375,2682.860107421875,2657.989990234375,2670.2900390625,3030390000.0,^GSPC
2018-04-24,2680.800048828125,2683.550048828125,2617.320068359375,2634.56005859375,3716020000.0,^GSPC
2018-04-25,2634.919921875,2645.300048828125,2612.669921875,2639.39990234375,3563680000.0,^GSPC
2018-04-26,2651.64990234375,2676.47998046875,2647.159912109375,2666.93994140625,3690920000.0,^GSPC
2018-04-27,2675.469970703125,2677.35009765625,2659.010009765625,2669.909912109375,3234510000.0,^GSPC
2018-04-30,2682.510009765625,2682.8701171875,2648.0400390625,2648.050048828125,3749510000.0,^GSPC
2018-05-01,2642.9599609375,2655.27001953125,2625.409912109375,2654.800048828125,3562820000.0,^GSPC
2018-05-02,2654.239990234375,2660.8701171875,2631.699951171875,2635.669921875,4047020000.0,^GSPC
2018-05-03,2628.080078125,2637.139892578125,2594.6201171875,2629.72998046875,3867530000.0,^GSPC
2018-05-04,2621.449951171875,2670.929931640625,2615.320068359375,2663.419921875,3335260000.0,^GSPC
2018-05-07,2680.340087890625,2683.35009765625,2664.699951171875,2672.6298828125,3266810000.0,^GSPC
2018-05-08,2670.260009765625,2676.340087890625,2655.199951171875,2671.919921875,3745100000.0,^GSPC
2018-05-09,2678.1201171875,2701.27001953125,2674.139892578125,2697.7900390625,3913650000.0,^GSPC
2018-05-10,2705.02001953125,2726.110107421875,2704.5400390625,2723.070068359375,3380640000.0,^GSPC
2018-05-11,2722.699951171875,2732.860107421875,2717.449951171875,2727.719970703125,2874850000.0,^GSPC
2018-05-14,2738.469970703125,2742.10009765625,2725.469970703125,2730.1298828125,2994360000.0,^GSPC
2018-05-15,2718.590087890625,2718.590087890625,2701.909912109375,2711.449951171875,3291190000.0,^GSPC
2018-05-16,2712.6201171875,2727.760009765625,2712.169921875,2722.4599609375,3248480000.0,^GSPC
2018-05-17,2719.7099609375,2731.9599609375,2711.360107421875,2720.1298828125,3478150000.0,^GSPC
2018-05-18,2717.35009765625,2719.5,2709.179931640625,2712.969970703125,3383270000.0,^GSPC
2018-05-21,2735.389892578125,2739.18994140625,2725.699951171875,2733.010009765625,3053480000.0,^GSPC
2018-05-22,2738.340087890625,2742.239990234375,2721.8798828125,2724.43994140625,3384140000.0,^GSPC
2018-05-23,2713.97998046875,2733.330078125,2709.5400390625,2733.2900390625,3333160000.0,^GSPC
2018-05-24,2730.93994140625,2731.969970703125,2707.3798828125,2727.760009765625,3285750000.0,^GSPC
2018-05-25,2723.60009765625,2727.360107421875,2714.989990234375,2721.330078125,3015260000.0,^GSPC
2018-05-29,2705.110107421875,2710.669921875,2676.81005859375,2689.860107421875,3743310000.0,^GSPC
2018-05-30,2702.429931640625,2729.340087890625,2702.429931640625,2724.010009765625,3566490000.0,^GSPC
2018-05-31,2720.97998046875,2722.5,2700.679931640625,2705.27001953125,4241100000.0,^GSPC
2018-06-01,2718.699951171875,2736.929931640625,2718.699951171875,2734.6201171875,3694310000.0,^GSPC
2018-06-04,2741.669921875,2749.159912109375,2740.5400390625,2746.8701171875,3410090000.0,^GSPC
2018-06-05,2748.4599609375,2752.610107421875,2739.510009765625,2748.800048828125,3523550000.0,^GSPC
2018-06-06,2753.25,2772.389892578125,2748.4599609375,2772.35009765625,3662780000.0,^GSPC
2018-06-07,2774.840087890625,2779.89990234375,2760.159912109375,2770.3701171875,3742080000.0,^GSPC
2018-06-08,2765.840087890625,2779.389892578125,2763.590087890625,2779.030029296875,3138850000.0,^GSPC
2018-06-11,2780.179931640625,2790.2099609375,2780.169921875,2782.0,3262130000.0,^GSPC
2018-06-12,2785.60009765625,2789.800048828125,2778.780029296875,2786.85009765625,3435700000.0,^GSPC
2018-06-13,2787.93994140625,2791.469970703125,2774.64990234375,2775.6298828125,3820770000.0,^GSPC
2018-06-14,2783.2099609375,2789.06005859375,2776.52001953125,2782.489990234375,3540930000.0,^GSPC
2018-06-15,2777.780029296875,2782.81005859375,2761.72998046875,2779.659912109375,5451990000.0,^GSPC
2018-06-18,2765.7900390625,2774.989990234375,2757.1201171875,2773.75,3316120000.0,^GSPC
2018-06-19,2752.010009765625,2765.050048828125,2743.18994140625,2762.590087890625,3671160000.0,^GSPC
2018-06-20,2769.72998046875,2774.860107421875,2763.909912109375,2767.320068359375,3332140000.0,^GSPC
2018-06-21,2769.280029296875,2769.280029296875,2744.389892578125,2749.760009765625,3336580000.0,^GSPC
2018-06-22,2760.7900390625,2764.169921875,2752.679931640625,2754.8798828125,5468110000.0,^GSPC
2018-06-25,2742.93994140625,2742.93994140625,2698.669921875,2717.070068359375,3663280000.0,^GSPC
2018-06-26,2722.1201171875,2732.909912109375,2715.60009765625,2723.06005859375,3568900000.0,^GSPC
2018-06-27,2728.449951171875,2746.090087890625,2699.3798828125,2699.6298828125,3803990000.0,^GSPC
2018-06-28,2698.68994140625,2724.340087890625,2691.989990234375,2716.31005859375,3461100000.0,^GSPC
2018-06-29,2727.1298828125,2743.260009765625,2718.030029296875,2718.3701171875,3586800000.0,^GSPC
2018-07-02,2704.949951171875,2727.260009765625,2698.949951171875,2726.7099609375,3095040000.0,^GSPC
2018-07-03,2733.27001953125,2736.580078125,2711.159912109375,2713.219970703125,1911460000.0,^GSPC
2018-07-05,2724.18994140625,2737.830078125,2716.02001953125,2736.610107421875,2980160000.0,^GSPC
2018-07-06,2737.679931640625,2764.409912109375,2733.52001953125,2759.820068359375,2590250000.0,^GSPC
2018-07-09,2775.6201171875,2784.64990234375,2770.72998046875,2784.169921875,3070060000.0,^GSPC
2018-07-10,2788.56005859375,2795.580078125,2786.239990234375,2793.840087890625,3080140000.0,^GSPC
2018-07-11,2779.820068359375,2785.909912109375,2770.77001953125,2774.02001953125,2986180000.0,^GSPC
2018-07-12,2783.139892578125,2799.219970703125,2781.530029296875,2798.2900390625,2834230000.0,^GSPC
2018-07-13,2796.929931640625,2804.530029296875,2791.68994140625,2801.31005859375,2619790000.0,^GSPC
2018-07-16,2797.360107421875,2801.18994140625,2793.389892578125,2798.429931640625,2819860000.0,^GSPC
2018-07-17,2789.340087890625,2814.18994140625,2789.239990234375,2809.550048828125,3064920000.0,^GSPC
2018-07-18,2811.35009765625,2816.760009765625,2805.889892578125,2815.6201171875,3111560000.0,^GSPC
2018-07-19,2809.3701171875,2812.050048828125,2799.77001953125,2804.489990234375,3278360000.0,^GSPC
2018-07-20,2804.550048828125,2809.699951171875,2800.010009765625,2801.830078125,3243250000.0,^GSPC
2018-07-23,2799.169921875,2808.610107421875,2795.139892578125,2806.97998046875,2928490000.0,^GSPC
2018-07-24,2820.679931640625,2829.989990234375,2811.1201171875,2820.39990234375,3430410000.0,^GSPC
2018-07-25,2817.72998046875,2848.030029296875,2817.72998046875,2846.070068359375,3584400000.0,^GSPC
2018-07-26,2835.489990234375,2845.570068359375,2835.260009765625,2837.43994140625,3667290000.0,^GSPC
2018-07-27,2842.35009765625,2843.169921875,2808.340087890625,2818.820068359375,3434370000.0,^GSPC
2018-07-30,2819.0,2821.739990234375,2798.110107421875,2802.60009765625,3261190000.0,^GSPC
2018-07-31,2809.72998046875,2824.4599609375,2808.06005859375,2816.2900390625,3906890000.0,^GSPC
2018-08-01,2821.169921875,2825.830078125,2805.85009765625,2813.360107421875,3501350000.0,^GSPC
2018-08-02,2800.47998046875,2829.909912109375,2796.340087890625,2827.219970703125,3501380000.0,^GSPC
2018-08-03,2829.6201171875,2840.3798828125,2827.3701171875,2840.35009765625,3043690000.0,^GSPC
2018-08-06,2840.2900390625,2853.2900390625,2835.97998046875,2850.39990234375,2879020000.0,^GSPC
2018-08-07,2855.919921875,2863.429931640625,2855.919921875,2858.449951171875,3185440000.0,^GSPC
2018-08-08,2856.7900390625,2862.43994140625,2853.090087890625,2857.699951171875,2978070000.0,^GSPC
2018-08-09,2857.18994140625,2862.47998046875,2851.97998046875,2853.580078125,3066180000.0,^GSPC
2018-08-10,2838.89990234375,2842.199951171875,2825.81005859375,2833.280029296875,3265590000.0,^GSPC
2018-08-13,2835.4599609375,2843.39990234375,2819.8798828125,2821.929931640625,3173630000.0,^GSPC
2018-08-14,2827.8798828125,2843.110107421875,2826.580078125,2839.9599609375,2986500000.0,^GSPC
2018-08-15,2827.949951171875,2827.949951171875,2802.489990234375,2818.3701171875,3656680000.0,^GSPC
2018-08-16,2831.43994140625,2850.489990234375,2831.43994140625,2840.68994140625,3232000000.0,^GSPC
2018-08-17,2838.320068359375,2855.6298828125,2833.72998046875,2850.1298828125,3037640000.0,^GSPC
2018-08-20,2853.929931640625,2859.760009765625,2850.6201171875,2857.050048828125,2757150000.0,^GSPC
2018-08-21,2861.510009765625,2873.22998046875,2861.320068359375,2862.9599609375,3174010000.0,^GSPC
2018-08-22,2860.989990234375,2867.5400390625,2856.050048828125,2861.820068359375,2701250000.0,^GSPC
2018-08-23,2860.2900390625,2868.780029296875,2854.030029296875,2856.97998046875,2724450000.0,^GSPC
2018-08-24,2862.35009765625,2876.159912109375,2862.35009765625,2874.68994140625,2603010000.0,^GSPC
2018-08-27,2884.68994140625,2898.25,2884.68994140625,2896.739990234375,2865070000.0,^GSPC
2018-08-28,2901.449951171875,2903.77001953125,2893.5,2897.52001953125,2687770000.0,^GSPC
2018-08-29,2900.6201171875,2916.5,2898.39990234375,2914.0400390625,2805520000.0,^GSPC
2018-08-30,2908.93994140625,2912.4599609375,2895.219970703125,2901.1298828125,2810450000.0,^GSPC
2018-08-31,2898.3701171875,2906.320068359375,2891.72998046875,2901.52001953125,2887220000.0,^GSPC
2018-09-04,2896.9599609375,2900.179931640625,2885.1298828125,2896.719970703125,3087420000.0,^GSPC
2018-09-05,2891.590087890625,2894.2099609375,2876.919921875,2888.60009765625,3248780000.0,^GSPC
2018-09-06,2888.639892578125,2892.050048828125,2867.2900390625,2878.050048828125,3144240000.0,^GSPC
2018-09-07,2868.260009765625,2883.81005859375,2864.1201171875,2871.679931640625,2976580000.0,^GSPC
2018-09-10,2881.389892578125,2886.929931640625,2875.93994140625,2877.1298828125,2751100000.0,^GSPC
2018-09-11,2871.570068359375,2892.52001953125,2866.780029296875,2887.889892578125,2904500000.0,^GSPC
2018-09-12,2888.2900390625,2894.64990234375,2879.199951171875,2888.919921875,3341280000.0,^GSPC
2018-09-13,2896.85009765625,2906.760009765625,2896.389892578125,2904.179931640625,3274090000.0,^GSPC
2018-09-14,2906.3798828125,2908.300048828125,2895.77001953125,2904.97998046875,3179410000.0,^GSPC
2018-09-17,2903.830078125,2904.64990234375,2886.159912109375,2888.800048828125,2967980000.0,^GSPC
2018-09-18,2890.739990234375,2911.169921875,2890.429931640625,2904.31005859375,3091190000.0,^GSPC
2018-09-19,2906.60009765625,2912.360107421875,2903.820068359375,2907.949951171875,3302460000.0,^GSPC
2018-09-20,2919.72998046875,2934.800048828125,2919.72998046875,2930.75,3406520000.0,^GSPC
2018-09-21,2936.760009765625,2940.909912109375,2927.110107421875,2929.669921875,5652470000.0,^GSPC
2018-09-24,2921.830078125,2923.7900390625,2912.6298828125,2919.3701171875,3392030000.0,^GSPC
2018-09-25,2921.75,2923.949951171875,2913.699951171875,2915.56005859375,3330880000.0,^GSPC
2018-09-26,2916.97998046875,2931.14990234375,2903.280029296875,2905.969970703125,3417540000.0,^GSPC
2018-09-27,2911.64990234375,2927.219970703125,2909.27001953125,2914.0,3101360000.0,^GSPC
2018-09-28,2910.030029296875,2920.530029296875,2907.5,2913.97998046875,3461680000.0,^GSPC
2018-10-01,2926.2900390625,2937.06005859375,2917.909912109375,2924.590087890625,3375890000.0,^GSPC
2018-10-02,2923.800048828125,2931.419921875,2919.3701171875,2923.429931640625,3432620000.0,^GSPC
2018-10-03,2931.68994140625,2939.860107421875,2921.360107421875,2925.510009765625,3625510000.0,^GSPC
2018-10-04,2919.35009765625,2919.780029296875,2883.919921875,2901.610107421875,3510370000.0,^GSPC
2018-10-05,2902.5400390625,2909.639892578125,2869.2900390625,2885.570068359375,3340820000.0,^GSPC
2018-10-08,2877.530029296875,2889.449951171875,2862.080078125,2884.429931640625,3381820000.0,^GSPC
2018-10-09,2882.510009765625,2894.830078125,2874.27001953125,2880.340087890625,3531690000.0,^GSPC
2018-10-10,2873.89990234375,2874.02001953125,2784.860107421875,2785.679931640625,4554260000.0,^GSPC
2018-10-11,2776.8701171875,2795.139892578125,2710.510009765625,2728.3701171875,4914090000.0,^GSPC
2018-10-12,2770.5400390625,2775.77001953125,2729.43994140625,2767.1298828125,4024010000.0,^GSPC
2018-10-15,2763.830078125,2775.989990234375,2749.030029296875,2750.7900390625,3327160000.0,^GSPC
2018-10-16,2767.050048828125,2813.4599609375,2766.909912109375,2809.919921875,3460260000.0,^GSPC
2018-10-17,2811.669921875,2816.93994140625,2781.81005859375,2809.2099609375,3347090000.0,^GSPC
2018-10-18,2802.0,2806.0400390625,2755.179931640625,2768.780029296875,3639300000.0,^GSPC
2018-10-19,2775.659912109375,2797.77001953125,2760.27001953125,2767.780029296875,3593940000.0,^GSPC
2018-10-22,2773.93994140625,2778.93994140625,2749.219970703125,2755.8798828125,3331270000.0,^GSPC
2018-10-23,2721.030029296875,2753.590087890625,2691.429931640625,2740.68994140625,4373710000.0,^GSPC
2018-10-24,2737.8701171875,2742.590087890625,2651.889892578125,2656.10009765625,4738670000.0,^GSPC
2018-10-25,2674.8798828125,2722.699951171875,2667.840087890625,2705.570068359375,4663930000.0,^GSPC
2018-10-26,2667.860107421875,2692.3798828125,2628.159912109375,2658.68994140625,4804330000.0,^GSPC
2018-10-29,2682.64990234375,2706.85009765625,2603.5400390625,2641.25,4701260000.0,^GSPC
2018-10-30,2640.679931640625,2685.429931640625,2635.340087890625,2682.6298828125,5125600000.0,^GSPC
2018-10-31,2705.60009765625,2736.68994140625,2705.60009765625,2711.739990234375,5133380000.0,^GSPC
2018-11-01,2717.580078125,2741.669921875,2708.85009765625,2740.3701171875,4730250000.0,^GSPC
2018-11-02,2745.449951171875,2756.550048828125,2700.43994140625,2723.06005859375,4261230000.0,^GSPC
2018-11-05,2726.3701171875,2744.27001953125,2717.93994140625,2738.31005859375,3650910000.0,^GSPC
2018-11-06,2738.39990234375,2756.820068359375,2737.080078125,2755.449951171875,3543800000.0,^GSPC
2018-11-07,2774.1298828125,2815.14990234375,2774.1298828125,2813.889892578125,3929080000.0,^GSPC
2018-11-08,2806.3798828125,2814.75,2794.989990234375,2806.830078125,3673550000.0,^GSPC
2018-11-09,2794.10009765625,2794.10009765625,2764.239990234375,2781.010009765625,4029030000.0,^GSPC
2018-11-12,2773.929931640625,2775.989990234375,2722.0,2726.219970703125,3701570000.0,^GSPC
2018-11-13,2730.050048828125,2754.60009765625,2714.97998046875,2722.179931640625,4112820000.0,^GSPC
2018-11-14,2737.89990234375,2746.800048828125,2685.75,2701.580078125,4449060000.0,^GSPC
2018-11-15,2693.52001953125,2735.3798828125,2670.75,2730.199951171875,4204960000.0,^GSPC
2018-11-16,2718.5400390625,2746.75,2712.159912109375,2736.27001953125,3996970000.0,^GSPC
2018-11-19,2730.739990234375,2733.159912109375,2681.090087890625,2690.72998046875,3806940000.0,^GSPC
2018-11-20,2654.60009765625,2669.43994140625,2631.52001953125,2641.889892578125,4370820000.0,^GSPC
2018-11-21,2657.739990234375,2670.72998046875,2649.820068359375,2649.929931640625,3237400000.0,^GSPC
2018-11-23,2633.360107421875,2647.550048828125,2631.090087890625,2632.56005859375,1651680000.0,^GSPC
2018-11-26,2649.969970703125,2674.35009765625,2649.969970703125,2673.449951171875,3523520000.0,^GSPC
2018-11-27,2663.75,2682.530029296875,2655.889892578125,2682.169921875,3494380000.0,^GSPC
2018-11-28,2691.449951171875,2744.0,2684.3798828125,2743.7900390625,3984540000.0,^GSPC
2018-11-29,2736.969970703125,2753.75,2722.93994140625,2737.800048828125,3599200000.0,^GSPC
2018-11-30,2737.760009765625,2760.8798828125,2732.760009765625,2760.169921875,4668310000.0,^GSPC
2018-12-03,2790.5,2800.179931640625,2773.3798828125,2790.3701171875,4221580000.0,^GSPC
2018-12-04,2782.429931640625,2785.929931640625,2697.179931640625,2700.06005859375,4515710000.0,^GSPC
2018-12-06,2663.510009765625,2696.14990234375,2621.530029296875,2695.949951171875,5180430000.0,^GSPC
2018-12-07,2691.260009765625,2708.5400390625,2623.139892578125,2633.080078125,4242240000.0,^GSPC
2018-12-10,2630.860107421875,2647.510009765625,2583.22998046875,2637.719970703125,4162880000.0,^GSPC
2018-12-11,2664.43994140625,2674.35009765625,2621.300048828125,2636.780029296875,3963440000.0,^GSPC
2018-12-12,2658.22998046875,2685.43994140625,2650.260009765625,2651.070068359375,4029300000.0,^GSPC
2018-12-13,2658.699951171875,2670.18994140625,2637.27001953125,2650.5400390625,3978340000.0,^GSPC
2018-12-14,2629.679931640625,2635.070068359375,2593.840087890625,2599.949951171875,4064370000.0,^GSPC
2018-12-17,2590.75,2601.1298828125,2530.5400390625,2545.93994140625,4661420000.0,^GSPC
2018-12-18,2559.89990234375,2573.989990234375,2528.7099609375,2546.159912109375,4519190000.0,^GSPC
2018-12-19,2547.050048828125,2585.2900390625,2488.9599609375,2506.9599609375,5152830000.0,^GSPC
2018-12-20,2496.77001953125,2509.6298828125,2441.179931640625,2467.419921875,5619780000.0,^GSPC
2018-12-21,2465.3798828125,2504.409912109375,2408.550048828125,2416.6201171875,7657890000.0,^GSPC
2018-12-24,2400.56005859375,2410.340087890625,2351.10009765625,2351.10009765625,2613670000.0,^GSPC
2018-12-26,2363.1201171875,2467.760009765625,2346.580078125,2467.699951171875,4249740000.0,^GSPC
2018-12-27,2442.5,2489.10009765625,2397.93994140625,2488.830078125,4139010000.0,^GSPC
2018-12-28,2498.77001953125,2520.27001953125,2472.889892578125,2485.739990234375,3728440000.0,^GSPC
2018-12-31,2498.93994140625,2509.239990234375,2482.820068359375,2506.85009765625,3461920000.0,^GSPC
2019-01-02,2476.9599609375,2519.489990234375,2467.469970703125,2510.030029296875,3733160000.0,^GSPC
2019-01-03,2491.919921875,2493.139892578125,2443.9599609375,2447.889892578125,3858830000.0,^GSPC
2019-01-04,2474.330078125,2538.070068359375,2474.330078125,2531.93994140625,4234140000.0,^GSPC
2019-01-07,2535.610107421875,2566.159912109375,2524.56005859375,2549.68994140625,4133120000.0,^GSPC
2019-01-08,2568.110107421875,2579.820068359375,2547.56005859375,2574.409912109375,4120060000.0,^GSPC
2019-01-09,2580.0,2595.320068359375,2568.889892578125,2584.9599609375,4088740000.0,^GSPC
2019-01-10,2573.510009765625,2597.820068359375,2562.02001953125,2596.639892578125,3721300000.0,^GSPC
2019-01-11,2588.110107421875,2596.27001953125,2577.39990234375,2596.260009765625,3447460000.0,^GSPC
2019-01-14,2580.31005859375,2589.320068359375,2570.409912109375,2582.610107421875,3689370000.0,^GSPC
2019-01-15,2585.10009765625,2613.080078125,2585.10009765625,2610.300048828125,3601180000.0,^GSPC
2019-01-16,2614.75,2625.760009765625,2612.679931640625,2616.10009765625,3882180000.0,^GSPC
2019-01-17,2609.280029296875,2645.06005859375,2606.360107421875,2635.9599609375,3802410000.0,^GSPC
2019-01-18,2651.27001953125,2675.469970703125,2647.580078125,2670.7099609375,4009010000.0,^GSPC
2019-01-22,2657.8798828125,2657.8798828125,2617.27001953125,2632.89990234375,3923950000.0,^GSPC
2019-01-23,2643.47998046875,2653.18994140625,2612.860107421875,2638.699951171875,3358770000.0,^GSPC
2019-01-24,2638.840087890625,2647.199951171875,2627.010009765625,2642.330078125,3449230000.0,^GSPC
2019-01-25,2657.43994140625,2672.3798828125,2657.330078125,2664.760009765625,3821000000.0,^GSPC
2019-01-28,2644.969970703125,2644.969970703125,2624.06005859375,2643.85009765625,3630820000.0,^GSPC
2019-01-29,2644.889892578125,2650.929931640625,2631.050048828125,2640.0,3518070000.0,^GSPC
2019-01-30,2653.6201171875,2690.43994140625,2648.340087890625,2681.050048828125,3883270000.0,^GSPC
2019-01-31,2685.489990234375,2708.949951171875,2678.64990234375,2704.10009765625,4953800000.0,^GSPC
2019-02-01,2702.320068359375,2716.659912109375,2696.8798828125,2706.530029296875,3782490000.0,^GSPC
2019-02-04,2706.489990234375,2724.989990234375,2698.75,2724.8701171875,3369450000.0,^GSPC
2019-02-05,2728.340087890625,2738.97998046875,2724.030029296875,2737.699951171875,3597620000.0,^GSPC
2019-02-06,2735.050048828125,2738.080078125,2724.14990234375,2731.610107421875,3486590000.0,^GSPC
2019-02-07,2717.530029296875,2719.320068359375,2687.260009765625,2706.050048828125,4114040000.0,^GSPC
2019-02-08,2692.360107421875,2708.070068359375,2681.830078125,2707.8798828125,3649510000.0,^GSPC
2019-02-11,2712.39990234375,2718.050048828125,2703.7900390625,2709.800048828125,3395330000.0,^GSPC
2019-02-12,2722.610107421875,2748.18994140625,2722.610107421875,2744.72998046875,3843020000.0,^GSPC
2019-02-13,2750.300048828125,2761.85009765625,2748.6298828125,2753.030029296875,3684910000.0,^GSPC
2019-02-14,2743.5,2757.89990234375,2731.22998046875,2745.72998046875,3845390000.0,^GSPC
2019-02-15,2760.239990234375,2775.659912109375,2760.239990234375,2775.60009765625,3648680000.0,^GSPC
2019-02-19,2769.280029296875,2787.330078125,2767.2900390625,2779.760009765625,3535270000.0,^GSPC
2019-02-20,2779.050048828125,2789.8798828125,2774.06005859375,2784.699951171875,3904830000.0,^GSPC
2019-02-21,2780.239990234375,2781.580078125,2764.550048828125,2774.8798828125,3598260000.0,^GSPC
2019-02-22,2780.669921875,2794.199951171875,2779.110107421875,2792.669921875,3429350000.0,^GSPC
2019-02-25,2804.35009765625,2813.489990234375,2794.989990234375,2796.110107421875,3860260000.0,^GSPC
2019-02-26,2792.360107421875,2803.1201171875,2789.469970703125,2793.89990234375,3676200000.0,^GSPC
2019-02-27,2787.5,2795.760009765625,2775.1298828125,2792.3798828125,3771790000.0,^GSPC
2019-02-28,2788.110107421875,2793.72998046875,2782.510009765625,2784.489990234375,4445780000.0,^GSPC
2019-03-01,2798.219970703125,2808.02001953125,2787.3798828125,2803.68994140625,3994950000.0,^GSPC
2019-03-04,2814.3701171875,2816.8798828125,2767.659912109375,2792.81005859375,3949730000.0,^GSPC
2019-03-05,2794.409912109375,2796.43994140625,2782.969970703125,2789.64990234375,3631380000.0,^GSPC
2019-03-06,2790.27001953125,2790.27001953125,2768.68994140625,2771.449951171875,3800180000.0,^GSPC
2019-03-07,2766.530029296875,2767.25,2739.090087890625,2748.929931640625,3932150000.0,^GSPC
2019-03-08,2730.7900390625,2744.1298828125,2722.27001953125,2743.070068359375,3424300000.0,^GSPC
2019-03-11,2747.610107421875,2784.0,2747.610107421875,2783.300048828125,3764850000.0,^GSPC
2019-03-12,2787.340087890625,2798.320068359375,2786.72998046875,2791.52001953125,3432340000.0,^GSPC
2019-03-13,2799.780029296875,2821.239990234375,2799.780029296875,2810.919921875,3782250000.0,^GSPC
2019-03-14,2810.3798828125,2815.0,2803.4599609375,2808.47998046875,3505670000.0,^GSPC
2019-03-15,2810.7900390625,2830.72998046875,2810.7900390625,2822.47998046875,5969780000.0,^GSPC
2019-03-18,2822.610107421875,2835.409912109375,2821.989990234375,2832.93994140625,3620770000.0,^GSPC
2019-03-19,2840.760009765625,2852.419921875,2823.27001953125,2832.570068359375,3650740000.0,^GSPC
2019-03-20,2831.340087890625,2843.5400390625,2812.429931640625,2824.22998046875,3779160000.0,^GSPC
2019-03-21,2819.719970703125,2860.31005859375,2817.3798828125,2854.8798828125,3612620000.0,^GSPC
2019-03-22,2844.52001953125,2846.159912109375,2800.469970703125,2800.7099609375,4253730000.0,^GSPC
2019-03-25,2796.010009765625,2809.7900390625,2785.02001953125,2798.360107421875,3406110000.0,^GSPC
2019-03-26,2812.659912109375,2829.8701171875,2803.989990234375,2818.4599609375,3288570000.0,^GSPC
2019-03-27,2819.719970703125,2825.56005859375,2787.719970703125,2805.3701171875,3422400000.0,^GSPC
2019-03-28,2809.39990234375,2819.7099609375,2798.77001953125,2815.43994140625,3185460000.0,^GSPC
2019-03-29,2828.27001953125,2836.030029296875,2819.22998046875,2834.39990234375,3752520000.0,^GSPC
2019-04-01,2848.6298828125,2869.39990234375,2848.6298828125,2867.18994140625,3560090000.0,^GSPC
2019-04-02,2868.239990234375,2872.89990234375,2858.75,2867.239990234375,3267210000.0,^GSPC
2019-04-03,2876.090087890625,2885.25,2865.169921875,2873.39990234375,3570000000.0,^GSPC
2019-04-04,2873.989990234375,2881.280029296875,2867.139892578125,2879.389892578125,3038740000.0,^GSPC
2019-04-05,2884.159912109375,2893.239990234375,2882.989990234375,2892.739990234375,3155970000.0,^GSPC
2019-04-08,2888.4599609375,2895.949951171875,2880.780029296875,2895.77001953125,3056460000.0,^GSPC
2019-04-09,2886.580078125,2886.8798828125,2873.330078125,2878.199951171875,3032480000.0,^GSPC
2019-04-10,2881.3701171875,2889.7099609375,2879.1298828125,2888.2099609375,3092230000.0,^GSPC
2019-04-11,2891.919921875,2893.419921875,2881.989990234375,2888.320068359375,2970650000.0,^GSPC
2019-04-12,2900.860107421875,2910.5400390625,2898.3701171875,2907.409912109375,3726050000.0,^GSPC
2019-04-15,2908.320068359375,2909.60009765625,2896.47998046875,2905.580078125,3114530000.0,^GSPC
2019-04-16,2912.260009765625,2916.06005859375,2900.7099609375,2907.06005859375,3403120000.0,^GSPC
2019-04-17,2916.0400390625,2918.0,2895.449951171875,2900.449951171875,3648100000.0,^GSPC
2019-04-18,2904.81005859375,2908.39990234375,2891.89990234375,2905.030029296875,3507100000.0,^GSPC
2019-04-22,2898.780029296875,2909.510009765625,2896.35009765625,2907.969970703125,3010130000.0,^GSPC
2019-04-23,2909.989990234375,2936.31005859375,2908.530029296875,2933.679931640625,3674480000.0,^GSPC
2019-04-24,2934.0,2936.830078125,2926.050048828125,2927.25,3468480000.0,^GSPC
2019-04-25,2928.989990234375,2933.10009765625,2912.840087890625,2926.169921875,3440010000.0,^GSPC
2019-04-26,2925.81005859375,2939.8798828125,2917.56005859375,2939.8798828125,3264390000.0,^GSPC
2019-04-29,2940.580078125,2949.52001953125,2939.35009765625,2943.030029296875,3150390000.0,^GSPC
2019-04-30,2937.139892578125,2948.219970703125,2924.110107421875,2945.830078125,3939760000.0,^GSPC
2019-05-01,2952.330078125,2954.1298828125,2923.360107421875,2923.72998046875,3669330000.0,^GSPC
2019-05-02,2922.159912109375,2931.679931640625,2900.5,2917.52001953125,3802290000.0,^GSPC
2019-05-03,2929.2099609375,2947.85009765625,2929.2099609375,2945.639892578125,3357180000.0,^GSPC
2019-05-06,2908.889892578125,2937.320068359375,2898.2099609375,2932.469970703125,3203260000.0,^GSPC
2019-05-07,2913.030029296875,2913.030029296875,2862.60009765625,2884.050048828125,3793060000.0,^GSPC
2019-05-08,2879.610107421875,2897.9599609375,2873.280029296875,2879.419921875,3543110000.0,^GSPC
2019-05-09,2859.840087890625,2875.969970703125,2836.39990234375,2870.719970703125,3659050000.0,^GSPC
2019-05-10,2863.10009765625,2891.31005859375,2825.389892578125,2881.39990234375,3566780000.0,^GSPC
2019-05-13,2840.18994140625,2840.18994140625,2801.429931640625,2811.8701171875,3900270000.0,^GSPC
2019-05-14,2820.1201171875,2852.5400390625,2820.1201171875,2834.409912109375,3354860000.0,^GSPC
2019-05-15,2820.3798828125,2858.679931640625,2815.080078125,2850.9599609375,3140900000.0,^GSPC
2019-05-16,2855.800048828125,2892.14990234375,2855.800048828125,2876.320068359375,3338470000.0,^GSPC
2019-05-17,2858.60009765625,2885.47998046875,2854.22998046875,2859.530029296875,3316040000.0,^GSPC
2019-05-20,2841.93994140625,2853.860107421875,2831.2900390625,2840.22998046875,3293750000.0,^GSPC
2019-05-21,2854.02001953125,2868.8798828125,2854.02001953125,2864.360107421875,3223050000.0,^GSPC
2019-05-22,2856.06005859375,2865.469970703125,2851.110107421875,2856.27001953125,3194000000.0,^GSPC
2019-05-23,2836.699951171875,2836.699951171875,2805.489990234375,2822.239990234375,3899320000.0,^GSPC
2019-05-24,2832.409912109375,2841.360107421875,2820.18994140625,2826.06005859375,2889230000.0,^GSPC
2019-05-28,2830.030029296875,2840.510009765625,2801.580078125,2802.389892578125,4146980000.0,^GSPC
2019-05-29,2790.25,2792.030029296875,2766.06005859375,2783.02001953125,3701110000.0,^GSPC
2019-05-30,2786.93994140625,2799.0,2776.739990234375,2788.860107421875,3276030000.0,^GSPC
2019-05-31,2766.14990234375,2768.97998046875,2750.52001953125,2752.06005859375,3982670000.0,^GSPC
2019-06-03,2751.530029296875,2763.070068359375,2728.81005859375,2744.449951171875,3952360000.0,^GSPC
2019-06-04,2762.639892578125,2804.489990234375,2762.639892578125,2803.27001953125,3814130000.0,^GSPC
2019-06-05,2818.090087890625,2827.280029296875,2800.919921875,2826.14990234375,3570760000.0,^GSPC
2019-06-06,2828.510009765625,2852.10009765625,2822.449951171875,2843.489990234375,3445140000.0,^GSPC
2019-06-07,2852.8701171875,2884.969970703125,2852.8701171875,2873.340087890625,3244380000.0,^GSPC
2019-06-10,2885.830078125,2904.77001953125,2885.510009765625,2886.72998046875,3209890000.0,^GSPC
2019-06-11,2903.27001953125,2910.610107421875,2878.530029296875,2885.719970703125,3551000000.0,^GSPC
2019-06-12,2882.72998046875,2888.570068359375,2874.679931640625,2879.840087890625,3039870000.0,^GSPC
2019-06-13,2886.239990234375,2895.239990234375,2881.989990234375,2891.639892578125,3100640000.0,^GSPC
2019-06-14,2886.820068359375,2894.449951171875,2879.6201171875,2886.97998046875,2992810000.0,^GSPC
2019-06-17,2889.75,2897.27001953125,2887.300048828125,2889.669921875,2828400000.0,^GSPC
2019-06-18,2906.7099609375,2930.7900390625,2905.43994140625,2917.75,3441540000.0,^GSPC
2019-06-19,2920.550048828125,2931.739990234375,2911.429931640625,2926.4599609375,3300220000.0,^GSPC
2019-06-20,2949.60009765625,2958.06005859375,2931.5,2954.179931640625,3943060000.0,^GSPC
2019-06-21,2952.7099609375,2964.14990234375,2946.8701171875,2950.4599609375,5003540000.0,^GSPC
2019-06-24,2951.419921875,2954.919921875,2944.050048828125,2945.35009765625,3136960000.0,^GSPC
2019-06-25,2945.780029296875,2946.52001953125,2916.010009765625,2917.3798828125,3579430000.0,^GSPC
2019-06-26,2926.070068359375,2932.590087890625,2912.989990234375,2913.780029296875,3511350000.0,^GSPC
2019-06-27,2919.659912109375,2929.300048828125,2918.570068359375,2924.919921875,3162500000.0,^GSPC
2019-06-28,2932.93994140625,2943.97998046875,2929.050048828125,2941.760009765625,5422650000.0,^GSPC
2019-07-01,2971.409912109375,2977.929931640625,2952.219970703125,2964.330078125,3524860000.0,^GSPC
2019-07-02,2964.659912109375,2973.2099609375,2955.919921875,2973.010009765625,3224490000.0,^GSPC
2019-07-03,2978.080078125,2995.840087890625,2977.9599609375,2995.820068359375,1963570000.0,^GSPC
2019-07-05,2984.25,2994.030029296875,2967.969970703125,2990.409912109375,2434680000.0,^GSPC
2019-07-08,2979.77001953125,2980.760009765625,2970.090087890625,2975.949951171875,2922360000.0,^GSPC
2019-07-09,2965.52001953125,2981.89990234375,2963.43994140625,2979.6298828125,3033330000.0,^GSPC
2019-07-10,2989.300048828125,3002.97998046875,2984.6201171875,2993.070068359375,3157800000.0,^GSPC
2019-07-11,2999.6201171875,3002.330078125,2988.800048828125,2999.909912109375,3155710000.0,^GSPC
2019-07-12,3003.360107421875,3013.919921875,3001.8701171875,3013.77001953125,2984140000.0,^GSPC
2019-07-15,3017.800048828125,3017.800048828125,3008.77001953125,3014.300048828125,2876100000.0,^GSPC
2019-07-16,3012.1298828125,3015.02001953125,3001.14990234375,3004.0400390625,3297030000.0,^GSPC
2019-07-17,3005.10009765625,3005.260009765625,2984.25,2984.419921875,3185650000.0,^GSPC
2019-07-18,2978.8701171875,2998.280029296875,2973.090087890625,2995.110107421875,3369820000.0,^GSPC
2019-07-19,3004.260009765625,3006.02001953125,2975.860107421875,2976.610107421875,3285890000.0,^GSPC
2019-07-22,2981.929931640625,2990.7099609375,2976.64990234375,2985.030029296875,3016200000.0,^GSPC
2019-07-23,2994.739990234375,3005.89990234375,2988.56005859375,3005.469970703125,3333810000.0,^GSPC
2019-07-24,2998.77001953125,3019.590087890625,2996.820068359375,3019.56005859375,3433220000.0,^GSPC
2019-07-25,3016.260009765625,3016.31005859375,2997.239990234375,3003.669921875,3657050000.0,^GSPC
2019-07-26,3013.25,3027.97998046875,3012.590087890625,3025.860107421875,3260170000.0,^GSPC
2019-07-29,3024.469970703125,3025.610107421875,3014.300048828125,3020.969970703125,3224490000.0,^GSPC
2019-07-30,3007.659912109375,3017.18994140625,3000.93994140625,3013.179931640625,3632770000.0,^GSPC
2019-07-31,3016.219970703125,3017.39990234375,2958.080078125,2980.3798828125,4626330000.0,^GSPC
2019-08-01,2980.320068359375,3013.590087890625,2945.22998046875,2953.56005859375,4793810000.0,^GSPC
2019-08-02,2943.89990234375,2945.5,2914.110107421875,2932.050048828125,3882810000.0,^GSPC
2019-08-05,2898.070068359375,2898.070068359375,2822.1201171875,2844.739990234375,4542850000.0,^GSPC
2019-08-06,2861.179931640625,2884.39990234375,2847.419921875,2881.77001953125,4156640000.0,^GSPC
2019-08-07,2858.64990234375,2892.169921875,2825.7099609375,2883.97998046875,4512720000.0,^GSPC
2019-08-08,2896.2099609375,2938.719970703125,2894.469970703125,2938.090087890625,4118530000.0,^GSPC
2019-08-09,2930.510009765625,2935.75,2900.14990234375,2918.64990234375,3356850000.0,^GSPC
2019-08-12,2907.070068359375,2907.580078125,2873.139892578125,2882.699951171875,3328570000.0,^GSPC
2019-08-13,2880.719970703125,2943.31005859375,2877.050048828125,2926.320068359375,3857190000.0,^GSPC
2019-08-14,2894.14990234375,2894.14990234375,2839.639892578125,2840.60009765625,4325150000.0,^GSPC
2019-08-15,2846.199951171875,2856.669921875,2825.510009765625,2847.60009765625,4041720000.0,^GSPC
2019-08-16,2864.739990234375,2893.6298828125,2864.739990234375,2888.679931640625,3524080000.0,^GSPC
2019-08-19,2913.47998046875,2931.0,2913.47998046875,2923.64990234375,3221050000.0,^GSPC
2019-08-20,2919.010009765625,2923.6298828125,2899.60009765625,2900.510009765625,3067710000.0,^GSPC
2019-08-21,2922.0400390625,2928.72998046875,2917.909912109375,2924.429931640625,3016540000.0,^GSPC
2019-08-22,2930.93994140625,2939.080078125,2904.510009765625,2922.949951171875,2893660000.0,^GSPC
2019-08-23,2911.070068359375,2927.010009765625,2834.969970703125,2847.110107421875,3942520000.0,^GSPC
2019-08-26,2866.699951171875,2879.27001953125,2856.0,2878.3798828125,2859790000.0,^GSPC
2019-08-27,2893.139892578125,2898.7900390625,2860.590087890625,2869.159912109375,3537490000.0,^GSPC
2019-08-28,2861.280029296875,2890.030029296875,2853.050048828125,2887.93994140625,3102480000.0,^GSPC
2019-08-29,2910.3701171875,2930.5,2905.669921875,2924.580078125,3177150000.0,^GSPC
2019-08-30,2937.090087890625,2940.429931640625,2913.320068359375,2926.4599609375,3009910000.0,^GSPC
2019-09-03,2909.010009765625,2914.389892578125,2891.85009765625,2906.27001953125,3427830000.0,^GSPC
2019-09-04,2924.669921875,2938.840087890625,2921.860107421875,2937.780029296875,3167900000.0,^GSPC
2019-09-05,2960.60009765625,2985.860107421875,2960.60009765625,2976.0,3902600000.0,^GSPC
2019-09-06,2980.330078125,2985.030029296875,2972.510009765625,2978.7099609375,3209340000.0,^GSPC
2019-09-09,2988.429931640625,2989.429931640625,2969.389892578125,2978.429931640625,4031120000.0,^GSPC
2019-09-10,2971.010009765625,2979.389892578125,2957.010009765625,2979.389892578125,4393040000.0,^GSPC
2019-09-11,2981.409912109375,3000.929931640625,2975.31005859375,3000.929931640625,3934370000.0,^GSPC
2019-09-12,3009.080078125,3020.739990234375,3000.919921875,3009.570068359375,3796990000.0,^GSPC
2019-09-13,3012.2099609375,3017.330078125,3002.89990234375,3007.389892578125,3557010000.0,^GSPC
2019-09-16,2996.409912109375,3002.18994140625,2990.669921875,2997.9599609375,4285860000.0,^GSPC
2019-09-17,2995.669921875,3006.2099609375,2993.72998046875,3005.699951171875,3673250000.0,^GSPC
2019-09-18,3001.5,3007.830078125,2978.570068359375,3006.72998046875,3458800000.0,^GSPC
2019-09-19,3010.360107421875,3021.989990234375,3003.159912109375,3006.7900390625,3265660000.0,^GSPC
2019-09-20,3008.419921875,3016.3701171875,2984.679931640625,2992.070068359375,6103440000.0,^GSPC
2019-09-23,2983.5,2999.14990234375,2982.22998046875,2991.780029296875,3187250000.0,^GSPC
2019-09-24,3002.429931640625,3007.97998046875,2957.72998046875,2966.60009765625,3872800000.0,^GSPC
2019-09-25,2968.35009765625,2989.820068359375,2952.860107421875,2984.8701171875,3331200000.0,^GSPC
2019-09-26,2985.72998046875,2987.280029296875,2963.7099609375,2977.6201171875,3084910000.0,^GSPC
2019-09-27,2985.469970703125,2987.31005859375,2945.530029296875,2961.7900390625,3246480000.0,^GSPC
2019-09-30,2967.070068359375,2983.85009765625,2967.070068359375,2976.739990234375,3249130000.0,^GSPC
2019-10-01,2983.68994140625,2992.530029296875,2938.699951171875,2940.25,3560750000.0,^GSPC
2019-10-02,2924.780029296875,2924.780029296875,2874.929931640625,2887.610107421875,3914180000.0,^GSPC
2019-10-03,2885.3798828125,2911.1298828125,2855.93994140625,2910.6298828125,3515130000.0,^GSPC
2019-10-04,2918.56005859375,2953.739990234375,2918.56005859375,2952.010009765625,3005600000.0,^GSPC
2019-10-07,2944.22998046875,2959.75,2935.679931640625,2938.7900390625,2959050000.0,^GSPC
2019-10-08,2920.39990234375,2925.469970703125,2892.659912109375,2893.06005859375,3370700000.0,^GSPC
2019-10-09,2911.10009765625,2929.320068359375,2907.409912109375,2919.39990234375,2735350000.0,^GSPC
2019-10-10,2918.550048828125,2948.4599609375,2917.1201171875,2938.1298828125,3234400000.0,^GSPC
2019-10-11,2963.070068359375,2993.280029296875,2963.070068359375,2970.27001953125,3581320000.0,^GSPC
2019-10-14,2965.81005859375,2972.840087890625,2962.93994140625,2966.14990234375,2559270000.0,^GSPC
2019-10-15,2973.610107421875,3003.280029296875,2973.610107421875,2995.679931640625,3345090000.0,^GSPC
2019-10-16,2989.679931640625,2997.5400390625,2985.199951171875,2989.68994140625,3230320000.0,^GSPC
2019-10-17,3000.77001953125,3008.2900390625,2991.7900390625,2997.949951171875,3103470000.0,^GSPC
2019-10-18,2996.840087890625,3000.0,2976.31005859375,2986.199951171875,3268970000.0,^GSPC
2019-10-21,2996.47998046875,3007.330078125,2995.35009765625,3006.719970703125,3271960000.0,^GSPC
2019-10-22,3010.72998046875,3014.570068359375,2995.0400390625,2995.989990234375,3527540000.0,^GSPC
2019-10-23,2994.010009765625,3004.780029296875,2991.2099609375,3004.52001953125,3413600000.0,^GSPC
2019-10-24,3014.780029296875,3016.070068359375,3000.419921875,3010.2900390625,3696510000.0,^GSPC
2019-10-25,3003.320068359375,3027.389892578125,3001.93994140625,3022.550048828125,3379060000.0,^GSPC
2019-10-28,3032.1201171875,3044.080078125,3032.1201171875,3039.419921875,3524970000.0,^GSPC
2019-10-29,3035.389892578125,3047.8701171875,3034.81005859375,3036.889892578125,3594430000.0,^GSPC
2019-10-30,3039.739990234375,3050.10009765625,3025.9599609375,3046.77001953125,3779660000.0,^GSPC
2019-10-31,3046.89990234375,3046.89990234375,3023.18994140625,3037.56005859375,4149310000.0,^GSPC
2019-11-01,3050.719970703125,3066.949951171875,3050.719970703125,3066.909912109375,3956290000.0,^GSPC
2019-11-04,3078.9599609375,3085.199951171875,3074.8701171875,3078.27001953125,4178040000.0,^GSPC
2019-11-05,3080.800048828125,3083.949951171875,3072.14990234375,3074.6201171875,4490590000.0,^GSPC
2019-11-06,3075.10009765625,3078.340087890625,3065.889892578125,3076.780029296875,4465510000.0,^GSPC
2019-11-07,3087.02001953125,3097.77001953125,3080.22998046875,3085.179931640625,4151990000.0,^GSPC
2019-11-08,3081.25,3093.090087890625,3073.580078125,3093.080078125,3508160000.0,^GSPC
2019-11-11,3080.330078125,3088.330078125,3075.820068359375,3087.010009765625,3041120000.0,^GSPC
2019-11-12,3089.280029296875,3102.610107421875,3084.72998046875,3091.840087890625,3495560000.0,^GSPC
2019-11-13,3084.179931640625,3098.06005859375,3078.800048828125,3094.0400390625,3513720000.0,^GSPC
2019-11-14,3090.75,3098.199951171875,3083.260009765625,3096.6298828125,3282090000.0,^GSPC
2019-11-15,3107.919921875,3120.4599609375,3104.60009765625,3120.4599609375,3359800000.0,^GSPC
2019-11-18,3117.909912109375,3124.169921875,3112.06005859375,3122.030029296875,3440140000.0,^GSPC
2019-11-19,3127.449951171875,3127.639892578125,3113.469970703125,3120.179931640625,3613670000.0,^GSPC
2019-11-20,3114.659912109375,3118.969970703125,3091.409912109375,3108.4599609375,4041010000.0,^GSPC
2019-11-21,3108.489990234375,3110.110107421875,3094.550048828125,3103.5400390625,3744010000.0,^GSPC
2019-11-22,3111.409912109375,3112.8701171875,3099.260009765625,3110.2900390625,3235270000.0,^GSPC
2019-11-25,3117.43994140625,3133.830078125,3117.43994140625,3133.639892578125,3514310000.0,^GSPC
2019-11-26,3134.85009765625,3142.68994140625,3131.0,3140.52001953125,4600450000.0,^GSPC
2019-11-27,3145.489990234375,3154.260009765625,3143.409912109375,3153.6298828125,3035470000.0,^GSPC
2019-11-29,3147.179931640625,3150.300048828125,3139.340087890625,3140.97998046875,1743420000.0,^GSPC
2019-12-02,3143.85009765625,3144.31005859375,3110.780029296875,3113.8701171875,3285750000.0,^GSPC
2019-12-03,3087.409912109375,3094.969970703125,3070.330078125,3093.199951171875,3671580000.0,^GSPC
2019-12-04,3103.5,3119.3798828125,3102.530029296875,3112.760009765625,3702980000.0,^GSPC
2019-12-05,3119.2099609375,3119.449951171875,3103.760009765625,3117.429931640625,3360480000.0,^GSPC
2019-12-06,3134.6201171875,3150.60009765625,3134.6201171875,3145.909912109375,3483310000.0,^GSPC
2019-12-09,3141.860107421875,3148.8701171875,3135.4599609375,3135.9599609375,3400470000.0,^GSPC
2019-12-10,3135.360107421875,3142.1201171875,3126.090087890625,3132.52001953125,3346310000.0,^GSPC
2019-12-11,3135.75,3143.97998046875,3133.2099609375,3141.6298828125,3257650000.0,^GSPC
2019-12-12,3141.22998046875,3176.280029296875,3138.469970703125,3168.570068359375,4003200000.0,^GSPC
2019-12-13,3166.64990234375,3182.679931640625,3156.510009765625,3168.800048828125,3757650000.0,^GSPC
2019-12-16,3183.6298828125,3197.7099609375,3183.6298828125,3191.449951171875,4070200000.0,^GSPC
2019-12-17,3195.39990234375,3198.219970703125,3191.030029296875,3192.52001953125,3842940000.0,^GSPC
2019-12-18,3195.2099609375,3198.47998046875,3191.139892578125,3191.139892578125,4029950000.0,^GSPC
2019-12-19,3192.320068359375,3205.47998046875,3192.320068359375,3205.3701171875,3784360000.0,^GSPC
2019-12-20,3223.330078125,3225.64990234375,3216.030029296875,3221.219970703125,6457480000.0,^GSPC
2019-12-23,3226.050048828125,3227.780029296875,3222.300048828125,3224.010009765625,3064530000.0,^GSPC
2019-12-24,3225.449951171875,3226.429931640625,3220.510009765625,3223.3798828125,1296530000.0,^GSPC
2019-12-26,3227.199951171875,3240.080078125,3227.199951171875,3239.909912109375,2164540000.0,^GSPC
2019-12-27,3247.22998046875,3247.929931640625,3234.3701171875,3240.02001953125,2429150000.0,^GSPC
2019-12-30,3240.090087890625,3240.919921875,3216.570068359375,3221.2900390625,3021720000.0,^GSPC
2019-12-31,3215.179931640625,3231.719970703125,3212.030029296875,3230.780029296875,2894760000.0,^GSPC
2020-01-02,3244.669921875,3258.139892578125,3235.530029296875,3257.85009765625,3459930000.0,^GSPC
2020-01-03,3226.360107421875,3246.14990234375,3222.340087890625,3234.85009765625,3484700000.0,^GSPC
2020-01-06,3217.550048828125,3246.840087890625,3214.639892578125,3246.280029296875,3702460000.0,^GSPC
2020-01-07,3241.860107421875,3244.909912109375,3232.429931640625,3237.179931640625,3435910000.0,^GSPC
2020-01-08,3238.590087890625,3267.070068359375,3236.669921875,3253.050048828125,3726840000.0,^GSPC
2020-01-09,3266.030029296875,3275.580078125,3263.669921875,3274.699951171875,3641230000.0,^GSPC
2020-01-10,3281.81005859375,3282.989990234375,3260.860107421875,3265.35009765625,3214580000.0,^GSPC
2020-01-13,3271.1298828125,3288.1298828125,3268.429931640625,3288.1298828125,3459390000.0,^GSPC
2020-01-14,3285.35009765625,3294.25,3277.18994140625,3283.14990234375,3687620000.0,^GSPC
2020-01-15,3282.27001953125,3298.659912109375,3280.68994140625,3289.2900390625,3721490000.0,^GSPC
2020-01-16,3302.969970703125,3317.110107421875,3302.820068359375,3316.81005859375,3540580000.0,^GSPC
2020-01-17,3323.659912109375,3329.8798828125,3318.860107421875,3329.6201171875,3726220000.0,^GSPC
2020-01-21,3321.030029296875,3329.7900390625,3316.610107421875,3320.7900390625,4104840000.0,^GSPC
2020-01-22,3330.02001953125,3337.77001953125,3320.0400390625,3321.75,3623780000.0,^GSPC
2020-01-23,3315.77001953125,3326.8798828125,3301.8701171875,3325.5400390625,3766710000.0,^GSPC
2020-01-24,3333.10009765625,3333.179931640625,3281.530029296875,3295.469970703125,3708780000.0,^GSPC
2020-01-27,3247.159912109375,3258.85009765625,3234.5,3243.6298828125,3831050000.0,^GSPC
2020-01-28,3255.35009765625,3285.780029296875,3253.219970703125,3276.239990234375,3531570000.0,^GSPC
2020-01-29,3289.4599609375,3293.469970703125,3271.889892578125,3273.39990234375,3600250000.0,^GSPC
2020-01-30,3256.449951171875,3285.909912109375,3242.800048828125,3283.659912109375,3790350000.0,^GSPC
2020-01-31,3282.330078125,3282.330078125,3214.679931640625,3225.52001953125,4529700000.0,^GSPC
2020-02-03,3235.659912109375,3268.43994140625,3235.659912109375,3248.919921875,3760460000.0,^GSPC
2020-02-04,3280.610107421875,3306.919921875,3280.610107421875,3297.590087890625,3996900000.0,^GSPC
2020-02-05,3324.909912109375,3337.580078125,3313.75,3334.68994140625,4121480000.0,^GSPC
2020-02-06,3344.919921875,3347.9599609375,3334.389892578125,3345.780029296875,3887250000.0,^GSPC
2020-02-07,3335.5400390625,3341.419921875,3322.1201171875,3327.7099609375,3733920000.0,^GSPC
2020-02-10,3318.280029296875,3352.260009765625,3317.77001953125,3352.090087890625,3462730000.0,^GSPC
2020-02-11,3365.8701171875,3375.6298828125,3352.719970703125,3357.75,3762940000.0,^GSPC
2020-02-12,3370.5,3381.469970703125,3369.719970703125,3379.449951171875,3930910000.0,^GSPC
2020-02-13,3365.89990234375,3385.090087890625,3360.52001953125,3373.93994140625,3500890000.0,^GSPC
2020-02-14,3378.080078125,3380.68994140625,3366.14990234375,3380.159912109375,3419700000.0,^GSPC
2020-02-18,3369.0400390625,3375.010009765625,3355.610107421875,3370.2900390625,3750400000.0,^GSPC
2020-02-19,3380.389892578125,3393.52001953125,3378.830078125,3386.14990234375,3614200000.0,^GSPC
2020-02-20,3380.449951171875,3389.14990234375,3341.02001953125,3373.22998046875,4019180000.0,^GSPC
2020-02-21,3360.5,3360.760009765625,3328.449951171875,3337.75,3908780000.0,^GSPC
2020-02-24,3257.610107421875,3259.81005859375,3214.64990234375,3225.889892578125,4851160000.0,^GSPC
2020-02-25,3238.93994140625,3246.989990234375,3118.77001953125,3128.2099609375,5596760000.0,^GSPC
2020-02-26,3139.89990234375,3182.510009765625,3108.989990234375,3116.389892578125,5484650000.0,^GSPC
2020-02-27,3062.5400390625,3097.070068359375,2977.389892578125,2978.760009765625,7064710000.0,^GSPC
2020-02-28,2916.89990234375,2959.719970703125,2855.840087890625,2954.219970703125,8569570000.0,^GSPC
2020-03-02,2974.280029296875,3090.9599609375,2945.18994140625,3090.22998046875,6381330000.0,^GSPC
2020-03-03,3096.4599609375,3136.719970703125,2976.6298828125,3003.3701171875,6376510000.0,^GSPC
2020-03-04,3045.75,3130.969970703125,3034.3798828125,3130.1201171875,5073020000.0,^GSPC
2020-03-05,3075.699951171875,3083.0400390625,2999.830078125,3023.93994140625,5579290000.0,^GSPC
2020-03-06,2954.199951171875,2985.929931640625,2901.5400390625,2972.3701171875,6555240000.0,^GSPC
2020-03-09,2863.889892578125,2863.889892578125,2734.429931640625,2746.56005859375,8441290000.0,^GSPC
2020-03-10,2813.47998046875,2882.590087890625,2734.0,2882.22998046875,7642040000.0,^GSPC
2020-03-11,2825.60009765625,2825.60009765625,2707.219970703125,2741.3798828125,7431200000.0,^GSPC
2020-03-12,2630.860107421875,2660.949951171875,2478.860107421875,2480.639892578125,8850810000.0,^GSPC
2020-03-13,2569.989990234375,2711.330078125,2492.3701171875,2711.02001953125,8299070000.0,^GSPC
2020-03-16,2508.590087890625,2562.97998046875,2380.93994140625,2386.1298828125,7805450000.0,^GSPC
2020-03-17,2425.659912109375,2553.929931640625,2367.0400390625,2529.18994140625,8370250000.0,^GSPC
2020-03-18,2436.5,2453.570068359375,2280.52001953125,2398.10009765625,8799300000.0,^GSPC
2020-03-19,2393.47998046875,2466.969970703125,2319.780029296875,2409.389892578125,7956100000.0,^GSPC
2020-03-20,2431.93994140625,2453.010009765625,2295.56005859375,2304.919921875,9053950000.0,^GSPC
2020-03-23,2290.7099609375,2300.72998046875,2191.860107421875,2237.39990234375,7411380000.0,^GSPC
2020-03-24,2344.43994140625,2449.7099609375,2344.43994140625,2447.330078125,7563150000.0,^GSPC
2020-03-25,2457.77001953125,2571.419921875,2407.530029296875,2475.56005859375,8300010000.0,^GSPC
2020-03-26,2501.2900390625,2637.010009765625,2500.719970703125,2630.070068359375,7766990000.0,^GSPC
2020-03-27,2555.8701171875,2615.909912109375,2520.02001953125,2541.469970703125,6201670000.0,^GSPC
2020-03-30,2558.97998046875,2631.800048828125,2545.280029296875,2626.64990234375,5751120000.0,^GSPC
2020-03-31,2614.68994140625,2641.389892578125,2571.14990234375,2584.590087890625,6576210000.0,^GSPC
2020-04-01,2498.080078125,2522.75,2447.489990234375,2470.5,5964000000.0,^GSPC
2020-04-02,2458.5400390625,2533.219970703125,2455.7900390625,2526.89990234375,6464190000.0,^GSPC
2020-04-03,2514.919921875,2538.179931640625,2459.9599609375,2488.64990234375,6096970000.0,^GSPC
2020-04-06,2578.280029296875,2676.85009765625,2574.570068359375,2663.679931640625,6403840000.0,^GSPC
2020-04-07,2738.64990234375,2756.889892578125,2657.669921875,2659.409912109375,7050410000.0,^GSPC
2020-04-08,2685.0,2760.75,2663.300048828125,2749.97998046875,5875710000.0,^GSPC
2020-04-09,2776.989990234375,2818.570068359375,2762.360107421875,2789.820068359375,7899550000.0,^GSPC
2020-04-13,2782.4599609375,2782.4599609375,2721.169921875,2761.6298828125,5319530000.0,^GSPC
2020-04-14,2805.10009765625,2851.85009765625,2805.10009765625,2846.06005859375,5615730000.0,^GSPC
2020-04-15,2795.639892578125,2801.8798828125,2761.5400390625,2783.360107421875,5208000000.0,^GSPC
2020-04-16,2799.340087890625,2806.510009765625,2764.320068359375,2799.550048828125,5228810000.0,^GSPC
2020-04-17,2842.429931640625,2879.219970703125,2830.8798828125,2874.56005859375,5804810000.0,^GSPC
2020-04-20,2845.6201171875,2868.97998046875,2820.429931640625,2823.159912109375,5228630000.0,^GSPC
2020-04-21,2784.81005859375,2785.5400390625,2727.10009765625,2736.56005859375,5121010000.0,^GSPC
2020-04-22,2787.889892578125,2815.10009765625,2775.949951171875,2799.31005859375,5084920000.0,^GSPC
2020-04-23,2810.419921875,2844.89990234375,2794.260009765625,2797.800048828125,5773530000.0,^GSPC
2020-04-24,2812.639892578125,2842.7099609375,2791.760009765625,2836.739990234375,5382810000.0,^GSPC
2020-04-27,2854.64990234375,2887.719970703125,2852.889892578125,2878.47998046875,5203930000.0,^GSPC
2020-04-28,2909.9599609375,2921.14990234375,2860.7099609375,2863.389892578125,5691160000.0,^GSPC
2020-04-29,2918.4599609375,2954.860107421875,2912.159912109375,2939.510009765625,6645640000.0,^GSPC
2020-04-30,2930.909912109375,2930.909912109375,2892.469970703125,2912.429931640625,6544980000.0,^GSPC
2020-05-01,2869.090087890625,2869.090087890625,2821.610107421875,2830.7099609375,4759810000.0,^GSPC
2020-05-04,2815.010009765625,2844.239990234375,2797.85009765625,2842.739990234375,4735930000.0,^GSPC
2020-05-05,2868.8798828125,2898.22998046875,2863.550048828125,2868.43994140625,5140290000.0,^GSPC
2020-05-06,2883.139892578125,2891.110107421875,2847.64990234375,2848.419921875,4892570000.0,^GSPC
2020-05-07,2878.260009765625,2901.919921875,2876.47998046875,2881.18994140625,5178790000.0,^GSPC
2020-05-08,2908.830078125,2932.159912109375,2902.8798828125,2929.800048828125,4876030000.0,^GSPC
2020-05-11,2915.4599609375,2944.25,2903.43994140625,2930.18994140625,4819730000.0,^GSPC
2020-05-12,2939.5,2945.820068359375,2869.590087890625,2870.1201171875,5119630000.0,^GSPC
2020-05-13,2865.860107421875,2874.139892578125,2793.14990234375,2820.0,6151650000.0,^GSPC
2020-05-14,2794.5400390625,2852.800048828125,2766.639892578125,2852.5,5651130000.0,^GSPC
2020-05-15,2829.949951171875,2865.010009765625,2816.780029296875,2863.699951171875,5507700000.0,^GSPC
2020-05-18,2913.860107421875,2968.090087890625,2913.860107421875,2953.909912109375,6373670000.0,^GSPC
2020-05-19,2948.590087890625,2964.2099609375,2922.35009765625,2922.93994140625,4984330000.0,^GSPC
2020-05-20,2953.6298828125,2980.2900390625,2953.6298828125,2971.610107421875,5005380000.0,^GSPC
2020-05-21,2969.949951171875,2978.5,2938.570068359375,2948.510009765625,4976620000.0,^GSPC
2020-05-22,2948.050048828125,2956.760009765625,2933.590087890625,2955.449951171875,3970860000.0,^GSPC
2020-05-26,3004.080078125,3021.719970703125,2988.169921875,2991.77001953125,5848500000.0,^GSPC
2020-05-27,3015.64990234375,3036.25,2969.75,3036.1298828125,6398000000.0,^GSPC
2020-05-28,3046.610107421875,3068.669921875,3023.39990234375,3029.72998046875,5447020000.0,^GSPC
2020-05-29,3025.169921875,3049.169921875,2998.610107421875,3044.31005859375,7297550000.0,^GSPC
2020-06-01,3038.780029296875,3062.179931640625,3031.5400390625,3055.72998046875,4684170000.0,^GSPC
2020-06-02,3064.780029296875,3081.070068359375,3051.639892578125,3080.820068359375,5197150000.0,^GSPC
2020-06-03,3098.89990234375,3130.93994140625,3098.89990234375,3122.8701171875,6005560000.0,^GSPC
2020-06-04,3111.56005859375,3128.909912109375,3090.409912109375,3112.35009765625,6451290000.0,^GSPC
2020-06-05,3163.840087890625,3211.719970703125,3163.840087890625,3193.929931640625,8639300000.0,^GSPC
2020-06-08,3199.919921875,3233.1298828125,3196.0,3232.389892578125,8498300000.0,^GSPC
2020-06-09,3213.320068359375,3222.7099609375,3193.110107421875,3207.179931640625,6410930000.0,^GSPC
2020-06-10,3213.419921875,3223.27001953125,3181.489990234375,3190.139892578125,6598870000.0,^GSPC
2020-06-11,3123.530029296875,3123.530029296875,2999.489990234375,3002.10009765625,7037320000.0,^GSPC
2020-06-12,3071.0400390625,3088.419921875,2984.469970703125,3041.31005859375,5845330000.0,^GSPC
2020-06-15,2993.760009765625,3079.760009765625,2965.659912109375,3066.590087890625,5757480000.0,^GSPC
2020-06-16,3131.0,3153.449951171875,3076.06005859375,3124.739990234375,5845810000.0,^GSPC
2020-06-17,3136.1298828125,3141.159912109375,3108.030029296875,3113.489990234375,4560450000.0,^GSPC
2020-06-18,3101.639892578125,3120.0,3093.510009765625,3115.340087890625,4448690000.0,^GSPC
2020-06-19,3140.2900390625,3155.530029296875,3083.110107421875,3097.739990234375,8346650000.0,^GSPC
2020-06-22,3094.419921875,3120.919921875,3079.389892578125,3117.860107421875,4686690000.0,^GSPC
2020-06-23,3138.699951171875,3154.89990234375,3127.1201171875,3131.2900390625,4711850000.0,^GSPC
2020-06-24,3114.39990234375,3115.010009765625,3032.1298828125,3050.330078125,5597680000.0,^GSPC
2020-06-25,3046.60009765625,3086.25,3024.010009765625,3083.760009765625,4847690000.0,^GSPC
2020-06-26,3073.199951171875,3073.72998046875,3004.6298828125,3009.050048828125,8107850000.0,^GSPC
2020-06-29,3018.590087890625,3053.889892578125,2999.739990234375,3053.239990234375,4473970000.0,^GSPC
2020-06-30,3050.199951171875,3111.510009765625,3047.830078125,3100.2900390625,4705850000.0,^GSPC
2020-07-01,3105.919921875,3128.43994140625,3101.169921875,3115.860107421875,4449230000.0,^GSPC
2020-07-02,3143.639892578125,3165.81005859375,3124.52001953125,3130.010009765625,4197720000.0,^GSPC
2020-07-06,3155.2900390625,3182.590087890625,3155.2900390625,3179.719970703125,4759160000.0,^GSPC
2020-07-07,3166.43994140625,3184.14990234375,3142.929931640625,3145.320068359375,4571330000.0,^GSPC
2020-07-08,3153.070068359375,3171.800048828125,3136.530029296875,3169.93994140625,4937310000.0,^GSPC
2020-07-09,3176.169921875,3179.780029296875,3115.699951171875,3152.050048828125,4843650000.0,^GSPC
2020-07-10,3152.469970703125,3186.820068359375,3136.219970703125,3185.0400390625,4524190000.0,^GSPC
2020-07-13,3205.080078125,3235.320068359375,3149.429931640625,3155.219970703125,4902440000.0,^GSPC
2020-07-14,3141.110107421875,3200.949951171875,3127.659912109375,3197.52001953125,4507140000.0,^GSPC
2020-07-15,3225.97998046875,3238.280029296875,3200.760009765625,3226.56005859375,4686830000.0,^GSPC
2020-07-16,3208.360107421875,3220.389892578125,3198.590087890625,3215.570068359375,3972860000.0,^GSPC
2020-07-17,3224.2099609375,3233.52001953125,3205.64990234375,3224.72998046875,4012850000.0,^GSPC
2020-07-20,3224.2900390625,3258.610107421875,3215.159912109375,3251.840087890625,3979340000.0,^GSPC
2020-07-21,3268.52001953125,3277.2900390625,3247.77001953125,3257.300048828125,4556610000.0,^GSPC
2020-07-22,3254.860107421875,3279.320068359375,3253.10009765625,3276.02001953125,4267160000.0,^GSPC
2020-07-23,3271.639892578125,3279.989990234375,3222.659912109375,3235.659912109375,4296760000.0,^GSPC
2020-07-24,3218.580078125,3227.260009765625,3200.050048828125,3215.6298828125,3689410000.0,^GSPC
2020-07-27,3219.840087890625,3241.429931640625,3214.25,3239.409912109375,3970310000.0,^GSPC
2020-07-28,3234.27001953125,3243.719970703125,3216.169921875,3218.43994140625,4053180000.0,^GSPC
2020-07-29,3227.219970703125,3264.739990234375,3227.219970703125,3258.43994140625,4478200000.0,^GSPC
2020-07-30,3231.760009765625,3250.919921875,3204.1298828125,3246.219970703125,4264920000.0,^GSPC
2020-07-31,3270.449951171875,3272.169921875,3220.260009765625,3271.1201171875,5007530000.0,^GSPC
2020-08-03,3288.260009765625,3302.72998046875,3284.530029296875,3294.610107421875,4438940000.0,^GSPC
2020-08-04,3289.919921875,3306.840087890625,3286.3701171875,3306.510009765625,4414380000.0,^GSPC
2020-08-05,3317.3701171875,3330.77001953125,3317.3701171875,3327.77001953125,4535060000.0,^GSPC
2020-08-06,3323.169921875,3351.030029296875,3318.139892578125,3349.159912109375,4278930000.0,^GSPC
2020-08-07,3340.050048828125,3352.5400390625,3328.719970703125,3351.280029296875,4110030000.0,^GSPC
2020-08-10,3356.0400390625,3363.2900390625,3335.43994140625,3360.469970703125,4327920000.0,^GSPC
2020-08-11,3370.340087890625,3381.010009765625,3326.43994140625,3333.68994140625,4880540000.0,^GSPC
2020-08-12,3355.4599609375,3387.889892578125,3355.4599609375,3380.35009765625,3772250000.0,^GSPC
2020-08-13,3372.949951171875,3387.239990234375,3363.35009765625,3373.429931640625,3438730000.0,^GSPC
2020-08-14,3368.659912109375,3378.510009765625,3361.639892578125,3372.85009765625,3200060000.0,^GSPC
2020-08-17,3380.860107421875,3387.590087890625,3379.219970703125,3381.989990234375,3460330000.0,^GSPC
2020-08-18,3387.0400390625,3395.06005859375,3370.14990234375,3389.780029296875,3669550000.0,^GSPC
2020-08-19,3392.510009765625,3399.5400390625,3369.659912109375,3374.85009765625,3679480000.0,^GSPC
2020-08-20,3360.47998046875,3390.800048828125,3354.68994140625,3385.510009765625,3431040000.0,^GSPC
2020-08-21,3386.010009765625,3399.9599609375,3379.31005859375,3397.159912109375,3505010000.0,^GSPC
2020-08-24,3418.090087890625,3432.090087890625,3413.1298828125,3431.280029296875,3743410000.0,^GSPC
2020-08-25,3435.949951171875,3444.2099609375,3425.840087890625,3443.6201171875,3627650000.0,^GSPC
2020-08-26,3449.969970703125,3481.070068359375,3444.14990234375,3478.72998046875,3780530000.0,^GSPC
2020-08-27,3485.139892578125,3501.3798828125,3468.35009765625,3484.550048828125,3955890000.0,^GSPC
2020-08-28,3494.68994140625,3509.22998046875,3484.320068359375,3508.010009765625,3868510000.0,^GSPC
2020-08-31,3509.72998046875,3514.77001953125,3493.25,3500.31005859375,4348280000.0,^GSPC
2020-09-01,3507.43994140625,3528.030029296875,3494.60009765625,3526.64990234375,4101490000.0,^GSPC
2020-09-02,3543.760009765625,3588.110107421875,3535.22998046875,3580.840087890625,4295640000.0,^GSPC
2020-09-03,3564.739990234375,3564.85009765625,3427.409912109375,3455.06005859375,4911830000.0,^GSPC
2020-09-04,3453.60009765625,3479.14990234375,3349.6298828125,3426.9599609375,4438720000.0,^GSPC
2020-09-08,3371.8798828125,3379.969970703125,3329.27001953125,3331.840087890625,4694330000.0,^GSPC
2020-09-09,3369.820068359375,3424.77001953125,3366.840087890625,3398.9599609375,3932520000.0,^GSPC
2020-09-10,3412.56005859375,3425.550048828125,3329.25,3339.18994140625,4208630000.0,^GSPC
2020-09-11,3352.699951171875,3368.949951171875,3310.469970703125,3340.969970703125,3710090000.0,^GSPC
2020-09-14,3363.56005859375,3402.929931640625,3363.56005859375,3383.5400390625,3839580000.0,^GSPC
2020-09-15,3407.72998046875,3419.47998046875,3389.25,3401.199951171875,4057190000.0,^GSPC
2020-09-16,3411.22998046875,3428.919921875,3384.449951171875,3385.489990234375,4718900000.0,^GSPC
2020-09-17,3346.860107421875,3375.169921875,3328.820068359375,3357.010009765625,4379840000.0,^GSPC
2020-09-18,3357.3798828125,3362.27001953125,3292.39990234375,3319.469970703125,7076400000.0,^GSPC
2020-09-21,3285.570068359375,3285.570068359375,3229.10009765625,3281.06005859375,4836070000.0,^GSPC
2020-09-22,3295.75,3320.31005859375,3270.949951171875,3315.570068359375,3974510000.0,^GSPC
2020-09-23,3320.110107421875,3323.35009765625,3232.570068359375,3236.919921875,4378650000.0,^GSPC
2020-09-24,3226.139892578125,3278.699951171875,3209.449951171875,3246.590087890625,4601920000.0,^GSPC
2020-09-25,3236.659912109375,3306.8798828125,3228.43994140625,3298.4599609375,3803330000.0,^GSPC
2020-09-28,3333.89990234375,3360.739990234375,3332.909912109375,3351.60009765625,3950910000.0,^GSPC
2020-09-29,3350.919921875,3357.919921875,3327.5400390625,3335.469970703125,3661590000.0,^GSPC
2020-09-30,3341.2099609375,3393.56005859375,3340.469970703125,3363.0,4738640000.0,^GSPC
2020-10-01,3385.8701171875,3397.179931640625,3361.389892578125,3380.800048828125,4076340000.0,^GSPC
2020-10-02,3338.93994140625,3369.10009765625,3323.68994140625,3348.419921875,3975180000.0,^GSPC
2020-10-05,3367.27001953125,3409.570068359375,3367.27001953125,3408.60009765625,3692720000.0,^GSPC
2020-10-06,3408.739990234375,3431.56005859375,3354.5400390625,3360.969970703125,4453390000.0,^GSPC
2020-10-07,3384.56005859375,3426.260009765625,3384.56005859375,3419.43994140625,3814750000.0,^GSPC
2020-10-08,3434.280029296875,3447.280029296875,3428.14990234375,3446.830078125,3867640000.0,^GSPC
2020-10-09,3459.669921875,3482.340087890625,3458.070068359375,3477.139892578125,3944090000.0,^GSPC
2020-10-12,3500.02001953125,3549.85009765625,3499.610107421875,3534.219970703125,3435760000.0,^GSPC
2020-10-13,3534.010009765625,3534.010009765625,3500.860107421875,3511.929931640625,3611100000.0,^GSPC
2020-10-14,3515.469970703125,3527.93994140625,3480.550048828125,3488.669921875,3858510000.0,^GSPC
2020-10-15,3453.719970703125,3489.080078125,3440.889892578125,3483.340087890625,3724550000.0,^GSPC
2020-10-16,3493.5,3515.760009765625,3480.449951171875,3483.81005859375,4688030000.0,^GSPC
2020-10-19,3493.659912109375,3502.419921875,3419.929931640625,3426.919921875,4091080000.0,^GSPC
2020-10-20,3439.3798828125,3476.929931640625,3435.64990234375,3443.1201171875,3917850000.0,^GSPC
2020-10-21,3439.909912109375,3464.860107421875,3433.06005859375,3435.56005859375,4103960000.0,^GSPC
2020-10-22,3438.5,3460.530029296875,3415.340087890625,3453.489990234375,4172060000.0,^GSPC
2020-10-23,3464.89990234375,3466.4599609375,3440.449951171875,3465.389892578125,3651600000.0,^GSPC
2020-10-26,3441.419921875,3441.419921875,3364.860107421875,3400.969970703125,4002210000.0,^GSPC
2020-10-27,3403.14990234375,3409.510009765625,3388.7099609375,3390.679931640625,3962400000.0,^GSPC
2020-10-28,3342.47998046875,3342.47998046875,3268.889892578125,3271.030029296875,5139970000.0,^GSPC
2020-10-29,3277.169921875,3341.050048828125,3259.820068359375,3310.110107421875,4911860000.0,^GSPC
2020-10-30,3293.590087890625,3304.929931640625,3233.93994140625,3269.9599609375,4843930000.0,^GSPC
2020-11-02,3296.199951171875,3330.139892578125,3279.739990234375,3310.239990234375,4314690000.0,^GSPC
2020-11-03,3336.25,3389.489990234375,3336.25,3369.159912109375,4241380000.0,^GSPC
2020-11-04,3406.4599609375,3486.25,3405.169921875,3443.43994140625,4790400000.0,^GSPC
2020-11-05,3485.739990234375,3529.050048828125,3485.739990234375,3510.449951171875,4858150000.0,^GSPC
2020-11-06,3508.340087890625,3521.580078125,3484.340087890625,3509.43994140625,4842460000.0,^GSPC
2020-11-09,3583.0400390625,3645.989990234375,3547.47998046875,3550.5,8570510000.0,^GSPC
2020-11-10,3543.260009765625,3557.219970703125,3511.909912109375,3545.530029296875,6037470000.0,^GSPC
2020-11-11,3563.219970703125,3581.159912109375,3557.0,3572.659912109375,4635560000.0,^GSPC
2020-11-12,3562.669921875,3569.02001953125,3518.580078125,3537.010009765625,4909660000.0,^GSPC
2020-11-13,3552.570068359375,3593.659912109375,3552.570068359375,3585.14990234375,4719580000.0,^GSPC
2020-11-16,3600.159912109375,3628.510009765625,3600.159912109375,3626.909912109375,5295510000.0,^GSPC
2020-11-17,3610.31005859375,3623.110107421875,3588.679931640625,3609.530029296875,4812180000.0,^GSPC
2020-11-18,3612.090087890625,3619.090087890625,3567.330078125,3567.7900390625,5284810000.0,^GSPC
2020-11-19,3559.409912109375,3585.219970703125,3543.840087890625,3581.8701171875,4363370000.0,^GSPC
2020-11-20,3579.31005859375,3581.22998046875,3556.85009765625,3557.5400390625,4236370000.0,^GSPC
2020-11-23,3566.820068359375,3589.81005859375,3552.77001953125,3577.590087890625,5057550000.0,^GSPC
2020-11-24,3594.52001953125,3642.31005859375,3594.52001953125,3635.409912109375,6280290000.0,^GSPC
2020-11-25,3635.5,3635.5,3617.760009765625,3629.64990234375,4910440000.0,^GSPC
2020-11-27,3638.550048828125,3644.31005859375,3629.330078125,3638.35009765625,2778390000.0,^GSPC
2020-11-30,3634.179931640625,3634.179931640625,3594.389892578125,3621.6298828125,6308410000.0,^GSPC
2020-12-01,3645.8701171875,3678.449951171875,3645.8701171875,3662.449951171875,5418480000.0,^GSPC
2020-12-02,3653.780029296875,3670.9599609375,3644.840087890625,3669.010009765625,5041250000.0,^GSPC
2020-12-03,3668.280029296875,3682.72998046875,3657.169921875,3666.719970703125,5065340000.0,^GSPC
2020-12-04,3670.93994140625,3699.199951171875,3670.93994140625,3699.1201171875,5099620000.0,^GSPC
2020-12-07,3694.72998046875,3697.409912109375,3678.8798828125,3691.9599609375,4804500000.0,^GSPC
2020-12-08,3683.050048828125,3708.449951171875,3678.830078125,3702.25,4584390000.0,^GSPC
2020-12-09,3705.97998046875,3712.389892578125,3660.5400390625,3672.820068359375,5232800000.0,^GSPC
2020-12-10,3659.1298828125,3678.489990234375,3645.179931640625,3668.10009765625,4658480000.0,^GSPC
2020-12-11,3656.080078125,3665.909912109375,3633.39990234375,3663.4599609375,4375470000.0,^GSPC
2020-12-14,3675.27001953125,3697.610107421875,3645.840087890625,3647.489990234375,4623850000.0,^GSPC
2020-12-15,3666.409912109375,3695.2900390625,3659.6201171875,3694.6201171875,4387080000.0,^GSPC
2020-12-16,3696.25,3711.27001953125,3688.570068359375,3701.169921875,4067040000.0,^GSPC
2020-12-17,3713.64990234375,3725.1201171875,3710.8701171875,3722.47998046875,4192810000.0,^GSPC
2020-12-18,3722.389892578125,3726.699951171875,3685.840087890625,3709.409912109375,7097100000.0,^GSPC
2020-12-21,3684.280029296875,3702.89990234375,3636.47998046875,3694.919921875,4748580000.0,^GSPC
2020-12-22,3698.080078125,3698.260009765625,3676.159912109375,3687.260009765625,4053310000.0,^GSPC
2020-12-23,3693.419921875,3711.239990234375,3689.280029296875,3690.010009765625,3779160000.0,^GSPC
2020-12-24,3694.030029296875,3703.820068359375,3689.320068359375,3703.06005859375,1883780000.0,^GSPC
2020-12-28,3723.030029296875,3740.510009765625,3723.030029296875,3735.360107421875,3535460000.0,^GSPC
2020-12-29,3750.010009765625,3756.1201171875,3723.31005859375,3727.0400390625,3393290000.0,^GSPC
2020-12-30,3736.18994140625,3744.6298828125,3730.2099609375,3732.0400390625,3154850000.0,^GSPC
2020-12-31,3733.27001953125,3760.199951171875,3726.8798828125,3756.070068359375,3179040000.0,^GSPC
2021-01-04,3764.610107421875,3769.989990234375,3662.7099609375,3700.64990234375,5015000000.0,^GSPC
2021-01-05,3698.02001953125,3737.830078125,3695.070068359375,3726.860107421875,4591020000.0,^GSPC
2021-01-06,3712.199951171875,3783.0400390625,3705.340087890625,3748.139892578125,6064110000.0,^GSPC
2021-01-07,3764.7099609375,3811.550048828125,3764.7099609375,3803.7900390625,5099160000.0,^GSPC
2021-01-08,3815.050048828125,3826.68994140625,3783.60009765625,3824.679931640625,4773040000.0,^GSPC
2021-01-11,3803.139892578125,3817.860107421875,3789.02001953125,3799.610107421875,4465430000.0,^GSPC
2021-01-12,3801.6201171875,3810.780029296875,3776.510009765625,3801.18994140625,4994950000.0,^GSPC
2021-01-13,3802.22998046875,3820.9599609375,3791.5,3809.840087890625,4602510000.0,^GSPC
2021-01-14,3814.97998046875,3823.60009765625,3792.860107421875,3795.5400390625,5198480000.0,^GSPC
2021-01-15,3788.72998046875,3788.72998046875,3749.6201171875,3768.25,5369820000.0,^GSPC
2021-01-19,3781.8798828125,3804.530029296875,3780.3701171875,3798.909912109375,5014440000.0,^GSPC
2021-01-20,3816.219970703125,3859.75,3816.219970703125,3851.85009765625,4566190000.0,^GSPC
2021-01-21,3857.4599609375,3861.449951171875,3845.050048828125,3853.070068359375,4501760000.0,^GSPC
2021-01-22,3844.239990234375,3852.31005859375,3830.409912109375,3841.469970703125,5110890000.0,^GSPC
2021-01-25,3851.679931640625,3859.22998046875,3797.159912109375,3855.360107421875,7000840000.0,^GSPC
2021-01-26,3862.9599609375,3870.89990234375,3847.780029296875,3849.6201171875,6137500000.0,^GSPC
2021-01-27,3836.830078125,3836.830078125,3732.47998046875,3750.77001953125,9976520000.0,^GSPC
2021-01-28,3755.75,3830.5,3755.75,3787.3798828125,6992770000.0,^GSPC
2021-01-29,3778.050048828125,3778.050048828125,3694.1201171875,3714.239990234375,6643370000.0,^GSPC
2021-02-01,3731.169921875,3784.320068359375,3725.6201171875,3773.860107421875,5436230000.0,^GSPC
2021-02-02,3791.840087890625,3843.090087890625,3791.840087890625,3826.31005859375,5514090000.0,^GSPC
2021-02-03,3840.27001953125,3847.510009765625,3816.679931640625,3830.169921875,4864870000.0,^GSPC
2021-02-04,3836.659912109375,3872.419921875,3836.659912109375,3871.739990234375,4879240000.0,^GSPC
2021-02-05,3878.300048828125,3894.56005859375,3874.929931640625,3886.830078125,4879470000.0,^GSPC
2021-02-08,3892.590087890625,3915.77001953125,3892.590087890625,3915.590087890625,4648360000.0,^GSPC
2021-02-09,3910.489990234375,3918.35009765625,3902.639892578125,3911.22998046875,4568320000.0,^GSPC
2021-02-10,3920.780029296875,3931.5,3884.93994140625,3909.8798828125,4837070000.0,^GSPC
2021-02-11,3916.39990234375,3925.989990234375,3890.389892578125,3916.3798828125,4590960000.0,^GSPC
2021-02-12,3911.64990234375,3937.22998046875,3905.780029296875,3934.830078125,4135060000.0,^GSPC
2021-02-16,3939.610107421875,3950.429931640625,3923.85009765625,3932.590087890625,5058990000.0,^GSPC
2021-02-17,3918.5,3933.610107421875,3900.429931640625,3931.330078125,4730650000.0,^GSPC
2021-02-18,3915.860107421875,3921.97998046875,3885.030029296875,3913.969970703125,4793650000.0,^GSPC
2021-02-19,3921.159912109375,3930.409912109375,3903.070068359375,3906.7099609375,4845320000.0,^GSPC
2021-02-22,3885.550048828125,3902.919921875,3874.7099609375,3876.5,5917100000.0,^GSPC
2021-02-23,3857.070068359375,3895.97998046875,3805.590087890625,3881.3701171875,6296610000.0,^GSPC
2021-02-24,3873.7099609375,3928.64990234375,3859.60009765625,3925.429931640625,6012790000.0,^GSPC
2021-02-25,3915.800048828125,3925.02001953125,3814.0400390625,3829.340087890625,6547470000.0,^GSPC
2021-02-26,3839.659912109375,3861.080078125,3789.5400390625,3811.14990234375,6526070000.0,^GSPC
2021-03-01,3842.510009765625,3914.5,3842.510009765625,3901.820068359375,5114820000.0,^GSPC
2021-03-02,3903.639892578125,3906.409912109375,3868.570068359375,3870.2900390625,5536010000.0,^GSPC
2021-03-03,3863.989990234375,3874.469970703125,3818.860107421875,3819.719970703125,6173660000.0,^GSPC
2021-03-04,3818.530029296875,3843.669921875,3723.340087890625,3768.469970703125,7195400000.0,^GSPC
2021-03-05,3793.580078125,3851.68994140625,3730.18994140625,3841.93994140625,6851070000.0,^GSPC
2021-03-08,3844.389892578125,3881.06005859375,3819.25,3821.35009765625,5871710000.0,^GSPC
2021-03-09,3851.929931640625,3903.760009765625,3851.929931640625,3875.43994140625,5513560000.0,^GSPC
2021-03-10,3891.989990234375,3917.35009765625,3885.72998046875,3898.81005859375,5847380000.0,^GSPC
2021-03-11,3915.5400390625,3960.27001953125,3915.5400390625,3939.340087890625,5312880000.0,^GSPC
2021-03-12,3924.52001953125,3944.989990234375,3915.2099609375,3943.340087890625,4476280000.0,^GSPC
2021-03-15,3942.9599609375,3970.080078125,3923.5400390625,3968.93994140625,4900100000.0,^GSPC
2021-03-16,3973.590087890625,3981.0400390625,3953.43994140625,3962.7099609375,4613080000.0,^GSPC
2021-03-17,3949.570068359375,3983.8701171875,3935.739990234375,3974.1201171875,4561660000.0,^GSPC
2021-03-18,3953.5,3969.6201171875,3910.860107421875,3915.4599609375,5118590000.0,^GSPC
2021-03-19,3913.139892578125,3930.1201171875,3886.75,3913.10009765625,7757420000.0,^GSPC
2021-03-22,3916.47998046875,3955.31005859375,3914.159912109375,3940.590087890625,4316260000.0,^GSPC
2021-03-23,3937.60009765625,3949.1298828125,3901.570068359375,3910.52001953125,4669010000.0,^GSPC
2021-03-24,3919.929931640625,3942.080078125,3889.070068359375,3889.139892578125,4783020000.0,^GSPC
2021-03-25,3879.340087890625,3919.5400390625,3853.5,3909.52001953125,4948340000.0,^GSPC
2021-03-26,3917.1201171875,3978.18994140625,3917.1201171875,3974.5400390625,5483160000.0,^GSPC
2021-03-29,3969.31005859375,3981.830078125,3943.25,3971.090087890625,4628180000.0,^GSPC
2021-03-30,3963.340087890625,3968.010009765625,3944.35009765625,3958.550048828125,4121510000.0,^GSPC
2021-03-31,3967.25,3994.409912109375,3966.97998046875,3972.889892578125,4578050000.0,^GSPC
2021-04-01,3992.780029296875,4020.6298828125,3992.780029296875,4019.8701171875,4162130000.0,^GSPC
2021-04-05,4034.43994140625,4083.419921875,4034.43994140625,4077.909912109375,4005030000.0,^GSPC
2021-04-06,4075.570068359375,4086.22998046875,4068.139892578125,4073.93994140625,4081270000.0,^GSPC
2021-04-07,4074.2900390625,4083.1298828125,4068.31005859375,4079.949951171875,4120810000.0,^GSPC
2021-04-08,4089.949951171875,4098.18994140625,4082.5400390625,4097.169921875,3907100000.0,^GSPC
2021-04-09,4096.10986328125,4129.47998046875,4095.510009765625,4128.7998046875,3640390000.0,^GSPC
2021-04-12,4124.7099609375,4131.759765625,4114.81982421875,4127.990234375,3588900000.0,^GSPC
2021-04-13,4130.10009765625,4148.0,4124.43017578125,4141.58984375,3734720000.0,^GSPC
2021-04-14,4141.580078125,4151.68994140625,4120.8701171875,4124.66015625,3985350000.0,^GSPC
2021-04-15,4139.759765625,4173.490234375,4139.759765625,4170.419921875,4033420000.0,^GSPC
2021-04-16,4174.14013671875,4191.31005859375,4170.75,4185.47021484375,4163820000.0,^GSPC
2021-04-19,4179.7998046875,4180.81005859375,4150.47021484375,4163.259765625,3810290000.0,^GSPC
2021-04-20,4159.18017578125,4159.18017578125,4118.3798828125,4134.93994140625,4342650000.0,^GSPC
2021-04-21,4128.419921875,4175.02001953125,4126.35009765625,4173.419921875,3887250000.0,^GSPC
2021-04-22,4170.4599609375,4179.56982421875,4123.68994140625,4134.97998046875,4245140000.0,^GSPC
2021-04-23,4138.77978515625,4194.169921875,4138.77978515625,4180.169921875,3569880000.0,^GSPC
2021-04-26,4185.02978515625,4194.18994140625,4182.35986328125,4187.6201171875,3748320000.0,^GSPC
2021-04-27,4188.25,4193.35009765625,4176.22021484375,4186.72021484375,3710700000.0,^GSPC
2021-04-28,4185.14013671875,4201.52978515625,4181.77978515625,4183.18017578125,3787360000.0,^GSPC
2021-04-29,4206.14013671875,4218.77978515625,4176.81005859375,4211.47021484375,4298680000.0,^GSPC
2021-04-30,4198.10009765625,4198.10009765625,4174.85009765625,4181.169921875,4300880000.0,^GSPC
2021-05-03,4191.97998046875,4209.39013671875,4188.02978515625,4192.66015625,4070220000.0,^GSPC
2021-05-04,4179.0400390625,4179.0400390625,4128.58984375,4164.66015625,4452460000.0,^GSPC
2021-05-05,4177.06005859375,4187.72021484375,4160.93994140625,4167.58984375,4230920000.0,^GSPC
2021-05-06,4169.14013671875,4202.7001953125,4147.330078125,4201.6201171875,4511000000.0,^GSPC
2021-05-07,4210.33984375,4238.0400390625,4201.64013671875,4232.60009765625,4016080000.0,^GSPC
2021-05-10,4228.2900390625,4236.39013671875,4188.1298828125,4188.43017578125,4560700000.0,^GSPC
2021-05-11,4150.33984375,4162.0400390625,4111.52978515625,4152.10009765625,4870710000.0,^GSPC
2021-05-12,4130.5498046875,4134.72998046875,4056.8798828125,4063.0400390625,4733070000.0,^GSPC
2021-05-13,4074.989990234375,4131.580078125,4074.989990234375,4112.5,4779540000.0,^GSPC
2021-05-14,4129.580078125,4183.1298828125,4129.580078125,4173.85009765625,4008880000.0,^GSPC
2021-05-17,4169.919921875,4171.919921875,4142.68994140625,4163.2900390625,4125050000.0,^GSPC
2021-05-18,4165.93994140625,4169.14990234375,4125.990234375,4127.830078125,4398150000.0,^GSPC
2021-05-19,4098.4501953125,4116.93017578125,4061.409912109375,4115.68017578125,4247450000.0,^GSPC
2021-05-20,4121.97021484375,4172.7998046875,4121.97021484375,4159.1201171875,3978880000.0,^GSPC
2021-05-21,4168.60986328125,4188.72021484375,4151.72021484375,4155.85986328125,3995250000.0,^GSPC
2021-05-24,4170.16015625,4209.52001953125,4170.16015625,4197.0498046875,3684800000.0,^GSPC
2021-05-25,4205.93994140625,4213.419921875,4182.52001953125,4188.1298828125,4182250000.0,^GSPC
2021-05-26,4191.58984375,4202.60986328125,4184.10986328125,4195.990234375,4420890000.0,^GSPC
2021-05-27,4201.93994140625,4213.3798828125,4197.77978515625,4200.8798828125,6406310000.0,^GSPC
2021-05-28,4210.77001953125,4218.35986328125,4203.56982421875,4204.10986328125,4649250000.0,^GSPC
2021-06-01,4216.52001953125,4234.1201171875,4197.58984375,4202.0400390625,5074670000.0,^GSPC
2021-06-02,4206.81982421875,4217.3701171875,4198.27001953125,4208.1201171875,5833670000.0,^GSPC
2021-06-03,4191.43017578125,4204.39013671875,4167.93017578125,4192.85009765625,5587970000.0,^GSPC
2021-06-04,4206.0498046875,4233.4501953125,4206.0498046875,4229.89013671875,4139790000.0,^GSPC
2021-06-07,4229.33984375,4232.33984375,4215.66015625,4226.52001953125,4476920000.0,^GSPC
2021-06-08,4233.81005859375,4236.740234375,4208.41015625,4227.259765625,4659620000.0,^GSPC
2021-06-09,4232.990234375,4237.08984375,4218.740234375,4219.5498046875,4713260000.0,^GSPC
2021-06-10,4228.56005859375,4249.740234375,4220.33984375,4239.18017578125,4408210000.0,^GSPC
2021-06-11,4242.89990234375,4248.3798828125,4232.25,4247.43994140625,3815010000.0,^GSPC
2021-06-14,4248.31005859375,4255.58984375,4234.06982421875,4255.14990234375,4151200000.0,^GSPC
2021-06-15,4255.27978515625,4257.16015625,4238.35009765625,4246.58984375,4048940000.0,^GSPC
2021-06-16,4248.8701171875,4251.89013671875,4202.4501953125,4223.7001953125,4538350000.0,^GSPC
2021-06-17,4220.3701171875,4232.2900390625,4196.0498046875,4221.85986328125,5312680000.0,^GSPC
2021-06-18,4204.77978515625,4204.77978515625,4164.39990234375,4166.4501953125,6817010000.0,^GSPC
2021-06-21,4173.39990234375,4226.240234375,4173.39990234375,4224.7900390625,4128950000.0,^GSPC
2021-06-22,4224.60986328125,4255.83984375,4217.27001953125,4246.43994140625,3828390000.0,^GSPC
2021-06-23,4249.27001953125,4256.60009765625,4241.43017578125,4241.83984375,3730350000.0,^GSPC
2021-06-24,4256.97021484375,4271.27978515625,4256.97021484375,4266.490234375,3816660000.0,^GSPC
2021-06-25,4274.4501953125,4286.1201171875,4271.16015625,4280.7001953125,7341450000.0,^GSPC
2021-06-28,4284.89990234375,4292.14013671875,4274.669921875,4290.60986328125,4147890000.0,^GSPC
2021-06-29,4293.2099609375,4300.52001953125,4287.0400390625,4291.7998046875,3707150000.0,^GSPC
2021-06-30,4290.64990234375,4302.43017578125,4287.9599609375,4297.5,4266040000.0,^GSPC
2021-07-01,4300.72998046875,4320.66015625,4300.72998046875,4319.93994140625,3788230000.0,^GSPC
2021-07-02,4326.60009765625,4355.43017578125,4326.60009765625,4352.33984375,3225840000.0,^GSPC
2021-07-06,4356.4599609375,4356.4599609375,4314.3701171875,4343.5400390625,4309570000.0,^GSPC
2021-07-07,4351.009765625,4361.8798828125,4329.7900390625,4358.1298828125,4037380000.0,^GSPC
2021-07-08,4321.06982421875,4330.8798828125,4289.3701171875,4320.81982421875,4347500000.0,^GSPC
2021-07-09,4329.3798828125,4371.60009765625,4329.3798828125,4369.5498046875,3531120000.0,^GSPC
2021-07-12,4372.41015625,4386.68017578125,4364.02978515625,4384.6298828125,3384460000.0,^GSPC
2021-07-13,4381.06982421875,4392.3701171875,4366.919921875,4369.2099609375,3695430000.0,^GSPC
2021-07-14,4380.10986328125,4393.68017578125,4362.35986328125,4374.2998046875,4006370000.0,^GSPC
2021-07-15,4369.02001953125,4369.02001953125,4340.7001953125,4360.02978515625,3905230000.0,^GSPC
2021-07-16,4367.43017578125,4375.08984375,4322.52978515625,4327.16015625,3985700000.0,^GSPC
2021-07-19,4296.39990234375,4296.39990234375,4233.1298828125,4258.490234375,5157660000.0,^GSPC
2021-07-20,4265.10986328125,4336.83984375,4262.0498046875,4323.06005859375,4438270000.0,^GSPC
2021-07-21,4331.1298828125,4359.7001953125,4331.1298828125,4358.68994140625,3810280000.0,^GSPC
2021-07-22,4361.27001953125,4369.8701171875,4350.06005859375,4367.47998046875,3358300000.0,^GSPC
2021-07-23,4381.2001953125,4415.18017578125,4381.2001953125,4411.7900390625,4540070000.0,^GSPC
2021-07-26,4409.580078125,4422.72998046875,4405.4501953125,4422.2998046875,4275630000.0,^GSPC
2021-07-27,4416.3798828125,4416.3798828125,4372.509765625,4401.4599609375,4241950000.0,^GSPC
2021-07-28,4402.9501953125,4415.47021484375,4387.009765625,4400.64013671875,4215290000.0,^GSPC
2021-07-29,4403.58984375,4429.97021484375,4403.58984375,4419.14990234375,4044600000.0,^GSPC
2021-07-30,4395.1201171875,4412.25,4389.64990234375,4395.259765625,3956740000.0,^GSPC
2021-08-02,4406.85986328125,4422.18017578125,4384.81005859375,4387.16015625,3724090000.0,^GSPC
2021-08-03,4392.740234375,4423.7900390625,4373.0,4423.14990234375,3965190000.0,^GSPC
2021-08-04,4415.9501953125,4416.169921875,4400.22998046875,4402.66015625,4260760000.0,^GSPC
2021-08-05,4408.85986328125,4429.759765625,4408.85986328125,4429.10009765625,3769410000.0,^GSPC
2021-08-06,4429.06982421875,4440.81982421875,4429.06982421875,4436.52001953125,3451870000.0,^GSPC
2021-08-09,4437.77001953125,4439.39013671875,4424.740234375,4432.35009765625,3449280000.0,^GSPC
2021-08-10,4435.7900390625,4445.2099609375,4430.02978515625,4436.75,3886610000.0,^GSPC
2021-08-11,4442.18017578125,4449.43994140625,4436.419921875,4442.41015625,3532560000.0,^GSPC
2021-08-12,4446.080078125,4461.77001953125,4435.9599609375,4460.830078125,3375310000.0,^GSPC
2021-08-13,4464.83984375,4468.3701171875,4460.81982421875,4468.0,3016470000.0,^GSPC
2021-08-16,4461.64990234375,4480.259765625,4437.66015625,4479.7099609375,3370640000.0,^GSPC
2021-08-17,4462.1201171875,4462.1201171875,4417.830078125,4448.080078125,3836960000.0,^GSPC
2021-08-18,4440.93994140625,4454.31982421875,4397.58984375,4400.27001953125,3755590000.0,^GSPC
2021-08-19,4382.43994140625,4418.60986328125,4367.72998046875,4405.7998046875,4398410000.0,^GSPC
2021-08-20,4410.56005859375,4444.35009765625,4406.7998046875,4441.669921875,3652610000.0,^GSPC
2021-08-23,4450.2900390625,4489.8798828125,4450.2900390625,4479.52978515625,3576530000.0,^GSPC
2021-08-24,4484.39990234375,4492.81005859375,4482.27978515625,4486.22998046875,3979220000.0,^GSPC
2021-08-25,4490.4501953125,4501.7099609375,4485.66015625,4496.18994140625,3444700000.0,^GSPC
2021-08-26,4493.75,4495.89990234375,4468.990234375,4470.0,3263980000.0,^GSPC
2021-08-27,4474.10009765625,4513.330078125,4474.10009765625,4509.3701171875,3331200000.0,^GSPC
2021-08-30,4513.759765625,4537.35986328125,4513.759765625,4528.7900390625,3168660000.0,^GSPC
2021-08-31,4529.75,4531.39013671875,4515.7998046875,4522.68017578125,4290710000.0,^GSPC
2021-09-01,4528.7998046875,4537.10986328125,4522.02001953125,4524.08984375,4057340000.0,^GSPC
2021-09-02,4534.47998046875,4545.85009765625,4524.66015625,4536.9501953125,3735990000.0,^GSPC
2021-09-03,4532.419921875,4541.4501953125,4521.2998046875,4535.43017578125,3217530000.0,^GSPC
2021-09-07,4535.3798828125,4535.3798828125,4513.0,4520.02978515625,3822960000.0,^GSPC
2021-09-08,4518.08984375,4521.7900390625,4493.9501953125,4514.06982421875,3750880000.0,^GSPC
2021-09-09,4513.02001953125,4529.89990234375,4492.06982421875,4493.27978515625,3735390000.0,^GSPC
2021-09-10,4506.919921875,4520.47021484375,4457.66015625,4458.580078125,3623180000.0,^GSPC
2021-09-13,4474.81005859375,4492.990234375,4445.7001953125,4468.72998046875,3914220000.0,^GSPC
2021-09-14,4479.330078125,4485.68017578125,4435.4599609375,4443.0498046875,3670460000.0,^GSPC
2021-09-15,4447.490234375,4486.8701171875,4438.3701171875,4480.7001953125,4032020000.0,^GSPC
2021-09-16,4477.08984375,4485.8701171875,4443.7998046875,4473.75,3984560000.0,^GSPC
2021-09-17,4469.740234375,4471.52001953125,4427.759765625,4432.990234375,7289530000.0,^GSPC
2021-09-20,4402.9501953125,4402.9501953125,4305.91015625,4357.72998046875,4898070000.0,^GSPC
2021-09-21,4374.4501953125,4394.8701171875,4347.9599609375,4354.18994140625,3920920000.0,^GSPC
2021-09-22,4367.43017578125,4416.75,4367.43017578125,4395.64013671875,3939170000.0,^GSPC
2021-09-23,4406.75,4465.39990234375,4406.75,4448.97998046875,3916350000.0,^GSPC
2021-09-24,4438.0400390625,4463.1201171875,4430.27001953125,4455.47998046875,3384290000.0,^GSPC
2021-09-27,4442.1201171875,4457.2998046875,4436.18994140625,4443.10986328125,4058650000.0,^GSPC
2021-09-28,4419.5400390625,4419.5400390625,4346.330078125,4352.6298828125,4416550000.0,^GSPC
2021-09-29,4362.41015625,4385.56982421875,4355.080078125,4359.4599609375,3712660000.0,^GSPC
2021-09-30,4370.669921875,4382.5498046875,4306.240234375,4307.5400390625,4448140000.0,^GSPC
2021-10-01,4317.16015625,4375.18994140625,4288.52001953125,4357.0400390625,4010370000.0,^GSPC
2021-10-04,4348.83984375,4355.509765625,4278.93994140625,4300.4599609375,4307870000.0,^GSPC
2021-10-05,4309.8701171875,4369.22998046875,4309.8701171875,4345.72021484375,3902890000.0,^GSPC
2021-10-06,4319.56982421875,4365.56982421875,4290.490234375,4363.5498046875,4009630000.0,^GSPC
2021-10-07,4383.72998046875,4429.97021484375,4383.72998046875,4399.759765625,3843740000.0,^GSPC
2021-10-08,4406.509765625,4412.02001953125,4386.22021484375,4391.33984375,3280160000.0,^GSPC
2021-10-11,4385.43994140625,4415.8798828125,4360.58984375,4361.18994140625,3281970000.0,^GSPC
2021-10-12,4368.31005859375,4374.89013671875,4342.08984375,4350.64990234375,3558450000.0,^GSPC
2021-10-13,4358.009765625,4372.8701171875,4329.919921875,4363.7998046875,3620070000.0,^GSPC
2021-10-14,4386.75,4439.72998046875,4386.75,4438.259765625,3598280000.0,^GSPC
2021-10-15,4447.68994140625,4475.81982421875,4447.68994140625,4471.3701171875,3819380000.0,^GSPC
2021-10-18,4463.72021484375,4488.75,4447.47021484375,4486.4599609375,3662010000.0,^GSPC
2021-10-19,4497.33984375,4520.39990234375,4496.41015625,4519.6298828125,3459130000.0,^GSPC
2021-10-20,4524.419921875,4540.8701171875,4524.39990234375,4536.18994140625,3670760000.0,^GSPC
2021-10-21,4532.240234375,4551.43994140625,4526.89013671875,4549.77978515625,3822330000.0,^GSPC
2021-10-22,4546.1201171875,4559.669921875,4524.0,4544.89990234375,3758220000.0,^GSPC
2021-10-25,4553.68994140625,4572.6201171875,4537.35986328125,4566.47998046875,3899400000.0,^GSPC
2021-10-26,4578.68994140625,4598.52978515625,4569.169921875,4574.7900390625,3879740000.0,^GSPC
2021-10-27,4580.22021484375,4584.56982421875,4551.66015625,4551.68017578125,4226050000.0,^GSPC
2021-10-28,4562.83984375,4597.5498046875,4562.83984375,4596.419921875,4132950000.0,^GSPC
2021-10-29,4572.8701171875,4608.080078125,4567.58984375,4605.3798828125,4510200000.0,^GSPC
2021-11-01,4610.6201171875,4620.33984375,4595.06005859375,4613.669921875,3971540000.0,^GSPC
2021-11-02,4613.33984375,4635.14990234375,4613.33984375,4630.64990234375,3975250000.0,^GSPC
2021-11-03,4630.64990234375,4663.4599609375,4621.18994140625,4660.56982421875,4319660000.0,^GSPC
2021-11-04,4662.93017578125,4683.0,4662.58984375,4680.06005859375,4462300000.0,^GSPC
2021-11-05,4699.259765625,4718.5,4681.31982421875,4697.52978515625,4467180000.0,^GSPC
2021-11-08,4701.47998046875,4714.919921875,4694.39013671875,4701.7001953125,4269710000.0,^GSPC
2021-11-09,4707.25,4708.52978515625,4670.8701171875,4685.25,4117080000.0,^GSPC
2021-11-10,4670.259765625,4684.85009765625,4630.85986328125,4646.7099609375,4503720000.0,^GSPC
2021-11-11,4659.39013671875,4664.5498046875,4648.31005859375,4649.27001953125,3926870000.0,^GSPC
2021-11-12,4655.240234375,4688.47021484375,4650.77001953125,4682.85009765625,3728600000.0,^GSPC
2021-11-15,4689.2998046875,4697.419921875,4672.85986328125,4682.7998046875,3488410000.0,^GSPC
2021-11-16,4679.419921875,4714.9501953125,4679.419921875,4700.89990234375,3972640000.0,^GSPC
2021-11-17,4701.5,4701.5,4684.41015625,4688.669921875,3969070000.0,^GSPC
2021-11-18,4700.72021484375,4708.7998046875,4672.77978515625,4704.5400390625,4226410000.0,^GSPC
2021-11-19,4708.43994140625,4717.75,4694.22021484375,4697.9599609375,4253180000.0,^GSPC
2021-11-22,4712.0,4743.830078125,4682.169921875,4682.93994140625,4441100000.0,^GSPC
2021-11-23,4678.47998046875,4699.39013671875,4652.66015625,4690.7001953125,4277590000.0,^GSPC
2021-11-24,4675.77978515625,4702.8701171875,4659.89013671875,4701.4599609375,3418430000.0,^GSPC
2021-11-26,4664.6298828125,4664.6298828125,4585.43017578125,4594.6201171875,3517700000.0,^GSPC
2021-11-29,4628.75,4672.9501953125,4625.259765625,4655.27001953125,4336410000.0,^GSPC
2021-11-30,4640.25,4646.02001953125,4560.0,4567.0,6625990000.0,^GSPC
2021-12-01,4602.81982421875,4652.93994140625,4510.27001953125,4513.0400390625,5366730000.0,^GSPC
2021-12-02,4504.72998046875,4595.4599609375,4504.72998046875,4577.10009765625,5077180000.0,^GSPC
2021-12-03,4589.490234375,4608.02978515625,4495.1201171875,4538.43017578125,5240070000.0,^GSPC
2021-12-06,4548.3701171875,4612.60009765625,4540.509765625,4591.669921875,4770800000.0,^GSPC
2021-12-07,4631.97021484375,4694.0400390625,4631.97021484375,4686.75,4492400000.0,^GSPC
2021-12-08,4690.85986328125,4705.06005859375,4674.52001953125,4701.2099609375,4234600000.0,^GSPC
2021-12-09,4691.0,4695.259765625,4665.97998046875,4667.4501953125,3903840000.0,^GSPC
2021-12-10,4687.64013671875,4713.56982421875,4670.240234375,4712.02001953125,3870110000.0,^GSPC
2021-12-13,4710.2998046875,4710.2998046875,4667.60009765625,4668.97021484375,4397230000.0,^GSPC
2021-12-14,4642.990234375,4660.47021484375,4606.52001953125,4634.08984375,4485430000.0,^GSPC
2021-12-15,4636.4599609375,4712.60009765625,4611.22021484375,4709.85009765625,4910130000.0,^GSPC
2021-12-16,4719.1298828125,4731.990234375,4651.89013671875,4668.669921875,4829500000.0,^GSPC
2021-12-17,4652.5,4666.7001953125,4600.22021484375,4620.64013671875,7987090000.0,^GSPC
2021-12-20,4587.89990234375,4587.89990234375,4531.10009765625,4568.02001953125,4635700000.0,^GSPC
2021-12-21,4594.9599609375,4651.14013671875,4583.16015625,4649.22998046875,4072430000.0,^GSPC
2021-12-22,4650.35986328125,4697.669921875,4645.52978515625,4696.56005859375,3319610000.0,^GSPC
2021-12-23,4703.9599609375,4740.740234375,4703.9599609375,4725.7900390625,2913040000.0,^GSPC
2021-12-27,4733.990234375,4791.490234375,4733.990234375,4791.18994140625,2770290000.0,^GSPC
2021-12-28,4795.490234375,4807.02001953125,4780.0400390625,4786.35009765625,2707920000.0,^GSPC
2021-12-29,4788.64013671875,4804.06005859375,4778.080078125,4793.06005859375,2963310000.0,^GSPC
2021-12-30,4794.22998046875,4808.93017578125,4775.330078125,4778.72998046875,3124950000.0,^GSPC
2021-12-31,4775.2099609375,4786.830078125,4765.75,4766.18017578125,2677820000.0,^GSPC
2022-01-03,4778.14013671875,4796.64013671875,4758.169921875,4796.56005859375,3831020000.0,^GSPC
2022-01-04,4804.509765625,4818.6201171875,4774.27001953125,4793.5400390625,4683170000.0,^GSPC
2022-01-05,4787.990234375,4797.7001953125,4699.43994140625,4700.580078125,4887960000.0,^GSPC
2022-01-06,4693.39013671875,4725.009765625,4671.259765625,4696.0498046875,4295280000.0,^GSPC
2022-01-07,4697.66015625,4707.9501953125,4662.740234375,4677.02978515625,4181510000.0,^GSPC
2022-01-10,4655.33984375,4673.02001953125,4582.240234375,4670.2900390625,4511810000.0,^GSPC
2022-01-11,4669.14013671875,4714.1298828125,4638.27001953125,4713.06982421875,4101590000.0,^GSPC
2022-01-12,4728.58984375,4748.830078125,4706.7099609375,4726.35009765625,4048220000.0,^GSPC
2022-01-13,4733.56005859375,4744.1298828125,4650.2900390625,4659.02978515625,4251730000.0,^GSPC
2022-01-14,4637.990234375,4665.1298828125,4614.75,4662.85009765625,4338490000.0,^GSPC
2022-01-18,4632.240234375,4632.240234375,4568.7001953125,4577.10986328125,4748700000.0,^GSPC
2022-01-19,4588.02978515625,4611.5498046875,4530.2001953125,4532.759765625,4465740000.0,^GSPC
2022-01-20,4547.35009765625,4602.10986328125,4477.9501953125,4482.72998046875,4640870000.0,^GSPC
2022-01-21,4471.3798828125,4494.52001953125,4395.33984375,4397.93994140625,5589100000.0,^GSPC
2022-01-24,4356.31982421875,4417.35009765625,4222.6201171875,4410.1298828125,6928110000.0,^GSPC
2022-01-25,4366.64013671875,4411.009765625,4287.10986328125,4356.4501953125,5145050000.0,^GSPC
2022-01-26,4408.43017578125,4453.22998046875,4304.7998046875,4349.93017578125,5570640000.0,^GSPC
2022-01-27,4380.580078125,4428.740234375,4309.5,4326.509765625,5214200000.0,^GSPC
2022-01-28,4336.18994140625,4432.72021484375,4292.4599609375,4431.85009765625,5031090000.0,^GSPC
2022-01-31,4431.7900390625,4516.89013671875,4414.02001953125,4515.5498046875,5098610000.0,^GSPC
2022-02-01,4519.56982421875,4550.490234375,4483.52978515625,4546.5400390625,4816830000.0,^GSPC
2022-02-02,4566.39013671875,4595.31005859375,4544.31982421875,4589.3798828125,4481580000.0,^GSPC
2022-02-03,4535.41015625,4542.8798828125,4470.39013671875,4477.43994140625,4401970000.0,^GSPC
2022-02-04,4482.7900390625,4539.66015625,4451.5,4500.52978515625,4706290000.0,^GSPC
2022-02-07,4505.75,4521.85986328125,4471.47021484375,4483.8701171875,4228480000.0,^GSPC
2022-02-08,4480.02001953125,4531.31982421875,4465.39990234375,4521.5400390625,4459620000.0,^GSPC
2022-02-09,4547.0,4590.02978515625,4547.0,4587.18017578125,4524350000.0,^GSPC
2022-02-10,4553.240234375,4588.919921875,4484.31005859375,4504.080078125,5314860000.0,^GSPC
2022-02-11,4506.27001953125,4526.330078125,4401.41015625,4418.64013671875,5251500000.0,^GSPC
2022-02-14,4412.60986328125,4426.22021484375,4364.83984375,4401.669921875,4600390000.0,^GSPC
2022-02-15,4429.27978515625,4472.77001953125,4429.27978515625,4471.06982421875,4430830000.0,^GSPC
2022-02-16,4455.75,4489.5498046875,4429.68017578125,4475.009765625,4283640000.0,^GSPC
2022-02-17,4456.06005859375,4456.06005859375,4373.81005859375,4380.259765625,4539420000.0,^GSPC
2022-02-18,4384.56982421875,4394.60009765625,4327.22021484375,4348.8701171875,4708060000.0,^GSPC
2022-02-22,4332.740234375,4362.1201171875,4267.10986328125,4304.759765625,5121900000.0,^GSPC
2022-02-23,4324.93017578125,4341.509765625,4221.509765625,4225.5,4797430000.0,^GSPC
2022-02-24,4155.77001953125,4294.72998046875,4114.64990234375,4288.7001953125,6752130000.0,^GSPC
2022-02-25,4298.3798828125,4385.33984375,4286.830078125,4384.64990234375,5177060000.0,^GSPC
2022-02-28,4354.169921875,4388.83984375,4315.1201171875,4373.93994140625,6071370000.0,^GSPC
2022-03-01,4363.14013671875,4378.4501953125,4279.5400390625,4306.259765625,5846230000.0,^GSPC
2022-03-02,4322.56005859375,4401.47998046875,4322.56005859375,4386.5400390625,5337870000.0,^GSPC
2022-03-03,4401.31005859375,4416.77978515625,4345.56005859375,4363.490234375,5039890000.0,^GSPC
2022-03-04,4342.1201171875,4342.1201171875,4284.97998046875,4328.8701171875,5797380000.0,^GSPC
2022-03-07,4327.009765625,4327.009765625,4199.85009765625,4201.08984375,6940470000.0,^GSPC
2022-03-08,4202.66015625,4276.93994140625,4157.8701171875,4170.7001953125,7243120000.0,^GSPC
2022-03-09,4223.10009765625,4299.39990234375,4223.10009765625,4277.8798828125,5662670000.0,^GSPC
2022-03-10,4252.5498046875,4268.27978515625,4209.7998046875,4259.52001953125,4980830000.0,^GSPC
2022-03-11,4279.5,4291.009765625,4200.490234375,4204.31005859375,4938640000.0,^GSPC
2022-03-14,4202.75,4247.56982421875,4161.72021484375,4173.10986328125,5574920000.0,^GSPC
2022-03-15,4188.81982421875,4271.0498046875,4187.89990234375,4262.4501953125,5392470000.0,^GSPC
2022-03-16,4288.14013671875,4358.89990234375,4251.990234375,4357.85986328125,6309750000.0,^GSPC
2022-03-17,4345.10986328125,4412.669921875,4335.64990234375,4411.669921875,4985090000.0,^GSPC
2022-03-18,4407.33984375,4465.39990234375,4390.56982421875,4463.1201171875,8278430000.0,^GSPC
2022-03-21,4462.39990234375,4481.75,4424.2998046875,4461.18017578125,4869820000.0,^GSPC
2022-03-22,4469.10009765625,4522.0,4469.10009765625,4511.60986328125,4754840000.0,^GSPC
2022-03-23,4493.10009765625,4501.06982421875,4455.81005859375,4456.240234375,4550670000.0,^GSPC
2022-03-24,4469.97998046875,4520.580078125,4465.169921875,4520.16015625,4131390000.0,^GSPC
2022-03-25,4522.91015625,4546.02978515625,4501.06982421875,4543.06005859375,4305020000.0,^GSPC
2022-03-28,4541.08984375,4575.64990234375,4517.68994140625,4575.52001953125,4312260000.0,^GSPC
2022-03-29,4602.85986328125,4637.2998046875,4589.66015625,4631.60009765625,5085910000.0,^GSPC
2022-03-30,4624.2001953125,4627.77001953125,4581.31982421875,4602.4501953125,4385570000.0,^GSPC
2022-03-31,4599.02001953125,4603.06982421875,4530.41015625,4530.41015625,4823020000.0,^GSPC
2022-04-01,4540.31982421875,4548.7001953125,4507.56982421875,4545.85986328125,4562940000.0,^GSPC
2022-04-04,4547.97021484375,4583.5,4539.2099609375,4582.64013671875,4547350000.0,^GSPC
2022-04-05,4572.4501953125,4593.4501953125,4514.169921875,4525.1201171875,4800620000.0,^GSPC
2022-04-06,4494.169921875,4503.93994140625,4450.0400390625,4481.14990234375,4986830000.0,^GSPC
2022-04-07,4474.64990234375,4521.16015625,4450.2998046875,4500.2099609375,4821490000.0,^GSPC
2022-04-08,4494.14990234375,4520.41015625,4474.60009765625,4488.27978515625,4083200000.0,^GSPC
2022-04-11,4462.64013671875,4464.35009765625,4408.3798828125,4412.52978515625,4266290000.0,^GSPC
2022-04-12,4437.58984375,4471.0,4381.33984375,4397.4501953125,4152090000.0,^GSPC
2022-04-13,4394.2998046875,4453.919921875,4392.7001953125,4446.58984375,3828150000.0,^GSPC
2022-04-14,4449.1201171875,4460.4599609375,4390.77001953125,4392.58984375,4083090000.0,^GSPC
2022-04-18,4385.6298828125,4410.31005859375,4370.2998046875,4391.68994140625,3910490000.0,^GSPC
2022-04-19,4390.6298828125,4471.02978515625,4390.6298828125,4462.2099609375,4108120000.0,^GSPC
2022-04-20,4472.259765625,4488.2900390625,4448.759765625,4459.4501953125,4290450000.0,^GSPC
2022-04-21,4489.169921875,4512.93994140625,4384.47021484375,4393.66015625,4636890000.0,^GSPC
2022-04-22,4385.830078125,4385.830078125,4267.6201171875,4271.77978515625,4651940000.0,^GSPC
2022-04-25,4255.33984375,4299.02001953125,4200.81982421875,4296.1201171875,5240040000.0,^GSPC
2022-04-26,4278.14013671875,4278.14013671875,4175.0400390625,4175.2001953125,4689970000.0,^GSPC
2022-04-27,4186.52001953125,4240.7099609375,4162.89990234375,4183.9599609375,4769680000.0,^GSPC
2022-04-28,4222.580078125,4308.4501953125,4188.6298828125,4287.5,4854180000.0,^GSPC
2022-04-29,4253.75,4269.68017578125,4124.27978515625,4131.93017578125,5084030000.0,^GSPC
2022-05-02,4130.60986328125,4169.81005859375,4062.510009765625,4155.3798828125,5163790000.0,^GSPC
2022-05-03,4159.77978515625,4200.10009765625,4147.080078125,4175.47998046875,4582050000.0,^GSPC
2022-05-04,4181.18017578125,4307.66015625,4148.91015625,4300.169921875,5136360000.0,^GSPC
2022-05-05,4270.43017578125,4270.43017578125,4106.009765625,4146.8701171875,5077030000.0,^GSPC
2022-05-06,4128.169921875,4157.68994140625,4067.909912109375,4123.33984375,5116940000.0,^GSPC
2022-05-09,4081.27001953125,4081.27001953125,3975.47998046875,3991.239990234375,5954520000.0,^GSPC
2022-05-10,4035.179931640625,4068.820068359375,3958.169921875,4001.050048828125,5885820000.0,^GSPC
2022-05-11,3990.080078125,4049.090087890625,3928.820068359375,3935.179931640625,5816140000.0,^GSPC
2022-05-12,3903.949951171875,3964.800048828125,3858.8701171875,3930.080078125,6286450000.0,^GSPC
2022-05-13,3963.89990234375,4038.8798828125,3963.89990234375,4023.889892578125,5183340000.0,^GSPC
2022-05-16,4013.02001953125,4046.4599609375,3983.989990234375,4008.010009765625,4415030000.0,^GSPC
2022-05-17,4052.0,4090.719970703125,4033.929931640625,4088.85009765625,4841410000.0,^GSPC
2022-05-18,4051.97998046875,4051.97998046875,3911.909912109375,3923.679931640625,5103220000.0,^GSPC
2022-05-19,3899.0,3945.9599609375,3876.580078125,3900.7900390625,5113550000.0,^GSPC
2022-05-20,3927.760009765625,3943.419921875,3810.320068359375,3901.360107421875,5130730000.0,^GSPC
2022-05-23,3919.419921875,3981.8798828125,3909.0400390625,3973.75,4420030000.0,^GSPC
2022-05-24,3942.93994140625,3955.679931640625,3875.1298828125,3941.47998046875,4923190000.0,^GSPC
2022-05-25,3929.590087890625,3999.330078125,3925.030029296875,3978.72998046875,4802560000.0,^GSPC
2022-05-26,3984.60009765625,4075.139892578125,3984.60009765625,4057.840087890625,4709970000.0,^GSPC
2022-05-27,4077.429931640625,4158.490234375,4077.429931640625,4158.240234375,4375620000.0,^GSPC
2022-05-31,4151.08984375,4168.33984375,4104.8798828125,4132.14990234375,6822640000.0,^GSPC
2022-06-01,4149.77978515625,4166.5400390625,4073.85009765625,4101.22998046875,4531800000.0,^GSPC
2022-06-02,4095.409912109375,4177.509765625,4074.3701171875,4176.81982421875,4405790000.0,^GSPC
2022-06-03,4137.56982421875,4142.669921875,4098.669921875,4108.5400390625,3711110000.0,^GSPC
2022-06-06,4134.72021484375,4168.77978515625,4109.18017578125,4121.43017578125,4332700000.0,^GSPC
2022-06-07,4096.47021484375,4164.85986328125,4080.18994140625,4160.68017578125,4248210000.0,^GSPC
2022-06-08,4147.1201171875,4160.14013671875,4107.2001953125,4115.77001953125,4159470000.0,^GSPC
2022-06-09,4101.64990234375,4119.10009765625,4017.169921875,4017.820068359375,4134170000.0,^GSPC
2022-06-10,3974.389892578125,3974.389892578125,3900.159912109375,3900.860107421875,4889640000.0,^GSPC
2022-06-13,3838.14990234375,3838.14990234375,3734.300048828125,3749.6298828125,5636890000.0,^GSPC
2022-06-14,3763.52001953125,3778.179931640625,3705.679931640625,3735.47998046875,5153890000.0,^GSPC
2022-06-15,3764.050048828125,3837.56005859375,3722.300048828125,3789.989990234375,5530480000.0,^GSPC
2022-06-16,3728.179931640625,3728.179931640625,3639.77001953125,3666.77001953125,5644930000.0,^GSPC
2022-06-17,3665.89990234375,3707.7099609375,3636.8701171875,3674.840087890625,8520740000.0,^GSPC
2022-06-21,3715.31005859375,3779.64990234375,3715.31005859375,3764.7900390625,5292260000.0,^GSPC
2022-06-22,3733.889892578125,3801.7900390625,3717.68994140625,3759.889892578125,5058990000.0,^GSPC
2022-06-23,3774.7099609375,3802.580078125,3743.52001953125,3795.72998046875,5098640000.0,^GSPC
2022-06-24,3821.75,3913.64990234375,3821.75,3911.739990234375,8120260000.0,^GSPC
2022-06-27,3920.760009765625,3927.719970703125,3889.659912109375,3900.110107421875,4325310000.0,^GSPC
2022-06-28,3913.0,3945.860107421875,3820.139892578125,3821.550048828125,4270120000.0,^GSPC
2022-06-29,3825.090087890625,3836.5,3799.02001953125,3818.830078125,4211240000.0,^GSPC
2022-06-30,3785.989990234375,3818.989990234375,3738.669921875,3785.3798828125,4840070000.0,^GSPC
2022-07-01,3781.0,3829.820068359375,3752.10009765625,3825.330078125,4046950000.0,^GSPC
2022-07-05,3792.610107421875,3832.18994140625,3742.06005859375,3831.389892578125,5076590000.0,^GSPC
2022-07-06,3831.97998046875,3870.909912109375,3809.3701171875,3845.080078125,4417720000.0,^GSPC
2022-07-07,3858.85009765625,3910.6298828125,3858.85009765625,3902.6201171875,4057770000.0,^GSPC
2022-07-08,3888.260009765625,3918.5,3869.340087890625,3899.3798828125,3521620000.0,^GSPC
2022-07-11,3880.93994140625,3880.93994140625,3847.219970703125,3854.429931640625,3423480000.0,^GSPC
2022-07-12,3851.949951171875,3873.409912109375,3802.360107421875,3818.800048828125,3817210000.0,^GSPC
2022-07-13,3779.669921875,3829.43994140625,3759.070068359375,3801.780029296875,4109390000.0,^GSPC
2022-07-14,3763.989990234375,3796.409912109375,3721.56005859375,3790.3798828125,4199690000.0,^GSPC
2022-07-15,3818.0,3863.6201171875,3817.179931640625,3863.159912109375,4143800000.0,^GSPC
2022-07-18,3883.7900390625,3902.43994140625,3818.6298828125,3830.85009765625,4046870000.0,^GSPC
2022-07-19,3860.72998046875,3939.81005859375,3860.72998046875,3936.68994140625,4041070000.0,^GSPC
2022-07-20,3935.320068359375,3974.1298828125,3922.030029296875,3959.89990234375,4185300000.0,^GSPC
2022-07-21,3955.469970703125,3999.2900390625,3927.639892578125,3998.949951171875,4132790000.0,^GSPC
2022-07-22,3998.429931640625,4012.43994140625,3938.860107421875,3961.6298828125,3979240000.0,^GSPC
2022-07-25,3965.719970703125,3975.300048828125,3943.4599609375,3966.840087890625,3568340000.0,^GSPC
2022-07-26,3953.219970703125,3953.219970703125,3910.739990234375,3921.050048828125,3778950000.0,^GSPC
2022-07-27,3951.429931640625,4039.56005859375,3951.429931640625,4023.610107421875,4112180000.0,^GSPC
2022-07-28,4026.1298828125,4078.949951171875,3992.969970703125,4072.429931640625,4413000000.0,^GSPC
2022-07-29,4087.330078125,4140.14990234375,4079.219970703125,4130.2900390625,4616360000.0,^GSPC
2022-08-01,4112.3798828125,4144.9501953125,4096.02001953125,4118.6298828125,4202810000.0,^GSPC
2022-08-02,4104.2099609375,4140.47021484375,4079.81005859375,4091.18994140625,4727710000.0,^GSPC
2022-08-03,4107.9599609375,4167.66015625,4107.9599609375,4155.169921875,4351760000.0,^GSPC
2022-08-04,4154.85009765625,4161.2900390625,4135.419921875,4151.93994140625,4283320000.0,^GSPC
2022-08-05,4115.8701171875,4151.580078125,4107.31005859375,4145.18994140625,4085940000.0,^GSPC
2022-08-08,4155.93017578125,4186.6201171875,4128.97021484375,4140.06005859375,4221090000.0,^GSPC
2022-08-09,4133.10986328125,4137.2998046875,4112.08984375,4122.47021484375,3913090000.0,^GSPC
2022-08-10,4181.02001953125,4211.02978515625,4177.259765625,4210.240234375,4546010000.0,^GSPC
2022-08-11,4227.39990234375,4257.91015625,4201.41015625,4207.27001953125,4630200000.0,^GSPC
2022-08-12,4225.02001953125,4280.47021484375,4219.77978515625,4280.14990234375,3788010000.0,^GSPC
2022-08-15,4269.3701171875,4301.7900390625,4256.89990234375,4297.14013671875,3696830000.0,^GSPC
2022-08-16,4290.4599609375,4325.27978515625,4277.77001953125,4305.2001953125,4329820000.0,^GSPC
2022-08-17,4280.39990234375,4302.18017578125,4253.080078125,4274.0400390625,3885030000.0,^GSPC
2022-08-18,4273.1298828125,4292.52978515625,4261.97998046875,4283.740234375,3340330000.0,^GSPC
2022-08-19,4266.31005859375,4266.31005859375,4218.7001953125,4228.47998046875,3761340000.0,^GSPC
2022-08-22,4195.080078125,4195.080078125,4129.85986328125,4137.990234375,3907430000.0,^GSPC
2022-08-23,4133.08984375,4159.77001953125,4124.02978515625,4128.72998046875,3823520000.0,^GSPC
2022-08-24,4126.5498046875,4156.56005859375,4119.97021484375,4140.77001953125,3583630000.0,^GSPC
2022-08-25,4153.259765625,4200.5400390625,4147.58984375,4199.1201171875,3566870000.0,^GSPC
2022-08-26,4198.740234375,4203.0400390625,4057.659912109375,4057.659912109375,3832750000.0,^GSPC
2022-08-29,4034.580078125,4062.989990234375,4017.419921875,4030.610107421875,3396510000.0,^GSPC
2022-08-30,4041.25,4044.97998046875,3965.2099609375,3986.159912109375,3835860000.0,^GSPC
2022-08-31,4000.669921875,4015.3701171875,3954.530029296875,3955.0,4542490000.0,^GSPC
2022-09-01,3936.72998046875,3970.22998046875,3903.64990234375,3966.85009765625,4152250000.0,^GSPC
2022-09-02,3994.659912109375,4018.429931640625,3906.2099609375,3924.260009765625,3665850000.0,^GSPC
2022-09-06,3930.889892578125,3942.550048828125,3886.75,3908.18994140625,4127340000.0,^GSPC
2022-09-07,3909.429931640625,3987.889892578125,3906.030029296875,3979.8701171875,3890320000.0,^GSPC
2022-09-08,3959.93994140625,4010.5,3944.81005859375,4006.179931640625,3966850000.0,^GSPC
2022-09-09,4022.93994140625,4076.81005859375,4022.93994140625,4067.360107421875,3901940000.0,^GSPC
2022-09-12,4083.669921875,4119.27978515625,4083.669921875,4110.41015625,3814200000.0,^GSPC
2022-09-13,4037.1201171875,4037.1201171875,3921.280029296875,3932.68994140625,4224550000.0,^GSPC
2022-09-14,3940.72998046875,3961.93994140625,3912.179931640625,3946.010009765625,4293240000.0,^GSPC
2022-09-15,3932.409912109375,3959.139892578125,3888.280029296875,3901.35009765625,4441830000.0,^GSPC
2022-09-16,3880.949951171875,3880.949951171875,3837.080078125,3873.330078125,7954650000.0,^GSPC
2022-09-19,3849.909912109375,3900.449951171875,3838.5,3899.889892578125,3766850000.0,^GSPC
2022-09-20,3875.22998046875,3876.010009765625,3827.5400390625,3855.929931640625,4058050000.0,^GSPC
2022-09-21,3871.39990234375,3907.070068359375,3789.489990234375,3789.929931640625,4078330000.0,^GSPC
2022-09-22,3782.360107421875,3790.89990234375,3749.449951171875,3757.989990234375,4284600000.0,^GSPC
2022-09-23,3727.139892578125,3727.139892578125,3647.469970703125,3693.22998046875,5144270000.0,^GSPC
2022-09-26,3682.719970703125,3715.669921875,3644.760009765625,3655.0400390625,4886140000.0,^GSPC
2022-09-27,3686.43994140625,3717.530029296875,3623.2900390625,3647.2900390625,4577740000.0,^GSPC
2022-09-28,3651.93994140625,3736.739990234375,3640.610107421875,3719.0400390625,4684850000.0,^GSPC
2022-09-29,3687.010009765625,3687.010009765625,3610.39990234375,3640.469970703125,4681810000.0,^GSPC
2022-09-30,3633.47998046875,3671.43994140625,3584.1298828125,3585.6201171875,5645360000.0,^GSPC
2022-10-03,3609.780029296875,3698.35009765625,3604.929931640625,3678.429931640625,4806680000.0,^GSPC
2022-10-04,3726.4599609375,3791.919921875,3726.4599609375,3790.929931640625,5146580000.0,^GSPC
2022-10-05,3753.25,3806.909912109375,3722.659912109375,3783.280029296875,4293180000.0,^GSPC
2022-10-06,3771.969970703125,3797.929931640625,3739.219970703125,3744.52001953125,4252100000.0,^GSPC
2022-10-07,3706.739990234375,3706.739990234375,3620.72998046875,3639.659912109375,4449660000.0,^GSPC
2022-10-10,3647.510009765625,3652.169921875,3588.10009765625,3612.389892578125,3834320000.0,^GSPC
2022-10-11,3595.860107421875,3640.659912109375,3568.449951171875,3588.840087890625,4759030000.0,^GSPC
2022-10-12,3590.830078125,3608.340087890625,3573.860107421875,3577.030029296875,4006830000.0,^GSPC
2022-10-13,3520.3701171875,3685.409912109375,3491.580078125,3669.909912109375,5021680000.0,^GSPC
2022-10-14,3690.409912109375,3712.0,3579.679931640625,3583.070068359375,4243030000.0,^GSPC
2022-10-17,3638.64990234375,3689.72998046875,3638.64990234375,3677.949951171875,4352780000.0,^GSPC
2022-10-18,3746.260009765625,3762.7900390625,3686.530029296875,3719.97998046875,4483740000.0,^GSPC
2022-10-19,3703.110107421875,3728.580078125,3666.510009765625,3695.159912109375,4223800000.0,^GSPC
2022-10-20,3689.050048828125,3736.0,3656.43994140625,3665.780029296875,4496620000.0,^GSPC
2022-10-21,3657.10009765625,3757.889892578125,3647.419921875,3752.75,5078020000.0,^GSPC
2022-10-24,3762.010009765625,3810.739990234375,3741.64990234375,3797.340087890625,4747930000.0,^GSPC
2022-10-25,3799.43994140625,3862.85009765625,3799.43994140625,3859.110107421875,4843120000.0,^GSPC
2022-10-26,3825.969970703125,3886.14990234375,3824.070068359375,3830.60009765625,4817310000.0,^GSPC
2022-10-27,3834.68994140625,3859.949951171875,3803.7900390625,3807.300048828125,4687320000.0,^GSPC
2022-10-28,3808.260009765625,3905.419921875,3808.260009765625,3901.06005859375,4459410000.0,^GSPC
2022-10-31,3881.85009765625,3893.72998046875,3863.179931640625,3871.97998046875,4820620000.0,^GSPC
2022-11-01,3901.7900390625,3911.7900390625,3843.800048828125,3856.10009765625,4481210000.0,^GSPC
2022-11-02,3852.89990234375,3894.43994140625,3758.679931640625,3759.68994140625,4899000000.0,^GSPC
2022-11-03,3733.25,3750.590087890625,3698.14990234375,3719.889892578125,4625290000.0,^GSPC
2022-11-04,3766.97998046875,3796.340087890625,3708.840087890625,3770.550048828125,5400180000.0,^GSPC
2022-11-07,3780.7099609375,3813.949951171875,3764.699951171875,3806.800048828125,4341620000.0,^GSPC
2022-11-08,3817.02001953125,3859.39990234375,3786.280029296875,3828.110107421875,4607640000.0,^GSPC
2022-11-09,3810.93994140625,3818.199951171875,3744.219970703125,3748.570068359375,4645010000.0,^GSPC
2022-11-10,3859.889892578125,3958.330078125,3859.889892578125,3956.3701171875,5781260000.0,^GSPC
2022-11-11,3963.719970703125,4001.47998046875,3944.820068359375,3992.929931640625,5593310000.0,^GSPC
2022-11-14,3977.969970703125,4008.969970703125,3956.39990234375,3957.25,4561930000.0,^GSPC
2022-11-15,4006.409912109375,4028.840087890625,3953.169921875,3991.72998046875,5015310000.0,^GSPC
2022-11-16,3976.820068359375,3983.090087890625,3954.340087890625,3958.7900390625,4165320000.0,^GSPC
2022-11-17,3919.260009765625,3954.330078125,3906.5400390625,3946.56005859375,4051780000.0,^GSPC
2022-11-18,3966.389892578125,3979.889892578125,3935.97998046875,3965.340087890625,4037360000.0,^GSPC
2022-11-21,3956.22998046875,3962.0,3933.340087890625,3949.93994140625,3850690000.0,^GSPC
2022-11-22,3965.510009765625,4005.8798828125,3956.8798828125,4003.580078125,3887990000.0,^GSPC
2022-11-23,4000.300048828125,4033.780029296875,3998.659912109375,4027.260009765625,3279720000.0,^GSPC
2022-11-25,4023.340087890625,4034.02001953125,4020.760009765625,4026.1201171875,1706460000.0,^GSPC
2022-11-28,4005.360107421875,4012.27001953125,3955.77001953125,3963.93994140625,3615430000.0,^GSPC
2022-11-29,3964.18994140625,3976.77001953125,3937.64990234375,3957.6298828125,3546040000.0,^GSPC
2022-11-30,3957.179931640625,4080.110107421875,3938.580078125,4080.110107421875,6579360000.0,^GSPC
2022-12-01,4087.139892578125,4100.509765625,4050.8701171875,4076.570068359375,4527130000.0,^GSPC
2022-12-02,4040.169921875,4080.47998046875,4026.6298828125,4071.699951171875,4012620000.0,^GSPC
2022-12-05,4052.02001953125,4052.449951171875,3984.489990234375,3998.840087890625,4280820000.0,^GSPC
2022-12-06,3996.6298828125,4001.510009765625,3918.389892578125,3941.260009765625,4368380000.0,^GSPC
2022-12-07,3933.280029296875,3957.570068359375,3922.679931640625,3933.919921875,4118050000.0,^GSPC
2022-12-08,3947.7900390625,3974.18994140625,3935.830078125,3963.510009765625,4006900000.0,^GSPC
2022-12-09,3954.169921875,3977.02001953125,3933.0400390625,3934.3798828125,3888260000.0,^GSPC
2022-12-12,3939.2900390625,3990.7099609375,3935.300048828125,3990.56005859375,3904130000.0,^GSPC
2022-12-13,4069.3798828125,4100.9599609375,3993.030029296875,4019.64990234375,5079360000.0,^GSPC
2022-12-14,4015.5400390625,4053.760009765625,3965.64990234375,3995.320068359375,4472340000.0,^GSPC
2022-12-15,3958.3701171875,3958.3701171875,3879.449951171875,3895.75,4493900000.0,^GSPC
2022-12-16,3890.909912109375,3890.909912109375,3827.909912109375,3852.360107421875,7493660000.0,^GSPC
2022-12-19,3853.7900390625,3854.860107421875,3800.0400390625,3817.659912109375,3969610000.0,^GSPC
2022-12-20,3810.469970703125,3838.239990234375,3795.6201171875,3821.6201171875,3985370000.0,^GSPC
2022-12-21,3839.489990234375,3889.820068359375,3839.489990234375,3878.43994140625,3775200000.0,^GSPC
2022-12-22,3853.260009765625,3853.260009765625,3764.489990234375,3822.389892578125,3956950000.0,^GSPC
2022-12-23,3815.110107421875,3845.800048828125,3797.010009765625,3844.820068359375,2819280000.0,^GSPC
2022-12-27,3843.340087890625,3846.64990234375,3813.219970703125,3829.25,3030300000.0,^GSPC
2022-12-28,3829.56005859375,3848.320068359375,3780.780029296875,3783.219970703125,3083520000.0,^GSPC
2022-12-29,3805.449951171875,3858.18994140625,3805.449951171875,3849.280029296875,3003680000.0,^GSPC
2022-12-30,3829.06005859375,3839.85009765625,3800.340087890625,3839.5,2979870000.0,^GSPC
2023-01-03,3853.2900390625,3878.4599609375,3794.330078125,3824.139892578125,3959140000.0,^GSPC
2023-01-04,3840.360107421875,3873.159912109375,3815.77001953125,3852.969970703125,4414080000.0,^GSPC
2023-01-05,3839.739990234375,3839.739990234375,3802.419921875,3808.10009765625,3893450000.0,^GSPC
2023-01-06,3823.3701171875,3906.18994140625,3809.56005859375,3895.080078125,3923560000.0,^GSPC
2023-01-09,3910.820068359375,3950.570068359375,3890.419921875,3892.090087890625,4311770000.0,^GSPC
2023-01-10,3888.570068359375,3919.830078125,3877.2900390625,3919.25,3851030000.0,^GSPC
2023-01-11,3932.35009765625,3970.070068359375,3928.5400390625,3969.610107421875,4303360000.0,^GSPC
2023-01-12,3977.570068359375,3997.760009765625,3937.56005859375,3983.169921875,4440260000.0,^GSPC
2023-01-13,3960.60009765625,4003.949951171875,3947.669921875,3999.090087890625,3939700000.0,^GSPC
2023-01-17,3999.280029296875,4015.389892578125,3984.570068359375,3990.969970703125,4235560000.0,^GSPC
2023-01-18,4002.25,4014.159912109375,3926.590087890625,3928.860107421875,4298710000.0,^GSPC
2023-01-19,3911.840087890625,3922.93994140625,3885.5400390625,3898.85009765625,3991500000.0,^GSPC
2023-01-20,3909.0400390625,3972.9599609375,3897.860107421875,3972.610107421875,4013360000.0,^GSPC
2023-01-23,3978.139892578125,4039.31005859375,3971.639892578125,4019.81005859375,3945210000.0,^GSPC
2023-01-24,4001.739990234375,4023.919921875,3989.7900390625,4016.949951171875,3320430000.0,^GSPC
2023-01-25,3982.7099609375,4019.550048828125,3949.06005859375,4016.219970703125,3724020000.0,^GSPC
2023-01-26,4036.080078125,4061.570068359375,4013.2900390625,4060.429931640625,3809590000.0,^GSPC
2023-01-27,4053.719970703125,4094.2099609375,4048.699951171875,4070.56005859375,3907760000.0,^GSPC
2023-01-30,4049.27001953125,4063.85009765625,4015.550048828125,4017.77001953125,3802000000.0,^GSPC
2023-01-31,4020.85009765625,4077.159912109375,4020.43994140625,4076.60009765625,4679320000.0,^GSPC
2023-02-01,4070.070068359375,4148.9501953125,4037.199951171875,4119.2099609375,4856930000.0,^GSPC
2023-02-02,4158.68017578125,4195.43994140625,4141.8798828125,4179.759765625,5624360000.0,^GSPC
2023-02-03,4136.68994140625,4182.35986328125,4123.35986328125,4136.47998046875,4694510000.0,^GSPC
2023-02-06,4119.56982421875,4124.6298828125,4093.3798828125,4111.080078125,4114240000.0,^GSPC
2023-02-07,4105.35009765625,4176.5400390625,4088.389892578125,4164.0,4355860000.0,^GSPC
2023-02-08,4153.47021484375,4156.85009765625,4111.669921875,4117.85986328125,4029820000.0,^GSPC
2023-02-09,4144.25,4156.22998046875,4069.669921875,4081.5,4270200000.0,^GSPC
2023-02-10,4068.919921875,4094.360107421875,4060.7900390625,4090.4599609375,3891520000.0,^GSPC
2023-02-13,4096.6201171875,4138.89990234375,4092.669921875,4137.2900390625,3448620000.0,^GSPC
2023-02-14,4126.7001953125,4159.77001953125,4095.010009765625,4136.1298828125,3929200000.0,^GSPC
2023-02-15,4119.5,4148.10986328125,4103.97998046875,4147.60009765625,4075980000.0,^GSPC
2023-02-16,4114.75,4136.5400390625,4089.489990234375,4090.409912109375,4143660000.0,^GSPC
2023-02-17,4077.389892578125,4081.510009765625,4047.949951171875,4079.090087890625,4045480000.0,^GSPC
2023-02-21,4052.35009765625,4052.35009765625,3995.18994140625,3997.340087890625,4121590000.0,^GSPC
2023-02-22,4001.830078125,4017.3701171875,3976.89990234375,3991.050048828125,4079320000.0,^GSPC
2023-02-23,4018.60009765625,4028.300048828125,3969.18994140625,4012.320068359375,3952940000.0,^GSPC
2023-02-24,3973.239990234375,3978.25,3943.080078125,3970.0400390625,3877700000.0,^GSPC
2023-02-27,3992.360107421875,4018.050048828125,3973.550048828125,3982.239990234375,3836950000.0,^GSPC
2023-02-28,3977.18994140625,3997.5,3968.97998046875,3970.14990234375,5043400000.0,^GSPC
2023-03-01,3963.340087890625,3971.72998046875,3939.050048828125,3951.389892578125,4249480000.0,^GSPC
2023-03-02,3938.679931640625,3990.840087890625,3928.159912109375,3981.35009765625,4244900000.0,^GSPC
2023-03-03,3998.02001953125,4048.2900390625,3995.169921875,4045.639892578125,4084730000.0,^GSPC
2023-03-06,4055.14990234375,4078.489990234375,4044.610107421875,4048.419921875,4000870000.0,^GSPC
2023-03-07,4048.260009765625,4050.0,3980.31005859375,3986.3701171875,3922500000.0,^GSPC
2023-03-08,3987.550048828125,4000.409912109375,3969.760009765625,3992.010009765625,3535570000.0,^GSPC
2023-03-09,3998.659912109375,4017.81005859375,3908.699951171875,3918.320068359375,4445260000.0,^GSPC
2023-03-10,3912.77001953125,3934.050048828125,3846.320068359375,3861.590087890625,5518190000.0,^GSPC
2023-03-13,3835.1201171875,3905.050048828125,3808.860107421875,3855.760009765625,6558020000.0,^GSPC
2023-03-14,3894.010009765625,3937.2900390625,3873.6298828125,3919.2900390625,5665870000.0,^GSPC
2023-03-15,3876.739990234375,3894.260009765625,3838.239990234375,3891.929931640625,6594010000.0,^GSPC
2023-03-16,3878.929931640625,3964.4599609375,3864.110107421875,3960.280029296875,5695790000.0,^GSPC
2023-03-17,3958.68994140625,3958.909912109375,3901.27001953125,3916.639892578125,9354280000.0,^GSPC
2023-03-20,3917.469970703125,3956.6201171875,3916.889892578125,3951.570068359375,5347140000.0,^GSPC
2023-03-21,3975.889892578125,4009.080078125,3971.18994140625,4002.8701171875,4920240000.0,^GSPC
2023-03-22,4002.0400390625,4039.489990234375,3936.169921875,3936.969970703125,4533010000.0,^GSPC
2023-03-23,3959.2099609375,4007.659912109375,3919.050048828125,3948.719970703125,4991600000.0,^GSPC
2023-03-24,3939.2099609375,3972.739990234375,3909.159912109375,3970.989990234375,4583970000.0,^GSPC
2023-03-27,3982.929931640625,4003.830078125,3970.489990234375,3977.530029296875,4233540000.0,^GSPC
2023-03-28,3974.1298828125,3979.199951171875,3951.530029296875,3971.27001953125,4014600000.0,^GSPC
2023-03-29,3999.530029296875,4030.590087890625,3999.530029296875,4027.81005859375,4145250000.0,^GSPC
2023-03-30,4046.739990234375,4057.85009765625,4032.10009765625,4050.830078125,3930860000.0,^GSPC
2023-03-31,4056.179931640625,4110.75,4056.179931640625,4109.31005859375,4525120000.0,^GSPC
2023-04-03,4102.2001953125,4127.66015625,4098.7900390625,4124.509765625,4234700000.0,^GSPC
2023-04-04,4128.02978515625,4133.1298828125,4086.8701171875,4100.60009765625,4227800000.0,^GSPC
2023-04-05,4094.5,4099.68994140625,4072.56005859375,4090.3798828125,3968020000.0,^GSPC
2023-04-06,4081.14990234375,4107.31982421875,4069.840087890625,4105.02001953125,3486690000.0,^GSPC
2023-04-10,4085.199951171875,4109.5,4072.550048828125,4109.10986328125,3423650000.0,^GSPC
2023-04-11,4110.2900390625,4124.259765625,4102.60986328125,4108.93994140625,3665830000.0,^GSPC
2023-04-12,4121.72021484375,4134.3701171875,4086.93994140625,4091.949951171875,3633120000.0,^GSPC
2023-04-13,4100.0400390625,4150.259765625,4099.39990234375,4146.22021484375,3596590000.0,^GSPC
2023-04-14,4140.10986328125,4163.18994140625,4113.2001953125,4137.64013671875,3575690000.0,^GSPC
2023-04-17,4137.169921875,4151.72021484375,4123.18017578125,4151.31982421875,3611180000.0,^GSPC
2023-04-18,4164.259765625,4169.47998046875,4140.35986328125,4154.8701171875,3536640000.0,^GSPC
2023-04-19,4139.330078125,4162.56982421875,4134.490234375,4154.52001953125,3572560000.0,^GSPC
2023-04-20,4130.47998046875,4148.56982421875,4114.56982421875,4129.7900390625,3772080000.0,^GSPC
2023-04-21,4132.14013671875,4138.02001953125,4113.85986328125,4133.52001953125,3611750000.0,^GSPC
2023-04-24,4132.06982421875,4142.41015625,4117.77001953125,4137.0400390625,3290940000.0,^GSPC
2023-04-25,4126.43017578125,4126.43017578125,4071.3798828125,4071.6298828125,3978640000.0,^GSPC
2023-04-26,4087.780029296875,4089.669921875,4049.35009765625,4055.989990234375,3837030000.0,^GSPC
2023-04-27,4075.2900390625,4138.240234375,4075.2900390625,4135.35009765625,3750550000.0,^GSPC
2023-04-28,4129.6298828125,4170.06005859375,4127.18017578125,4169.47998046875,4087800000.0,^GSPC
2023-05-01,4166.7900390625,4186.919921875,4164.1201171875,4167.8701171875,3321370000.0,^GSPC
2023-05-02,4164.10009765625,4164.10009765625,4089.719970703125,4119.580078125,4486130000.0,^GSPC
2023-05-03,4122.25,4148.2998046875,4088.860107421875,4090.75,4246510000.0,^GSPC
2023-05-04,4082.550048828125,4082.610107421875,4048.280029296875,4061.219970703125,4920090000.0,^GSPC
2023-05-05,4084.72998046875,4147.02001953125,4084.72998046875,4136.25,4186270000.0,^GSPC
2023-05-08,4136.97998046875,4142.2998046875,4123.81005859375,4138.1201171875,3641640000.0,^GSPC
2023-05-09,4124.25,4130.35009765625,4116.64990234375,4119.169921875,3810140000.0,^GSPC
2023-05-10,4143.740234375,4154.27978515625,4098.919921875,4137.64013671875,4057160000.0,^GSPC
2023-05-11,4132.240234375,4132.7998046875,4109.2900390625,4130.6201171875,3752900000.0,^GSPC
2023-05-12,4138.5400390625,4143.740234375,4099.1201171875,4124.080078125,3533740000.0,^GSPC
2023-05-15,4126.64990234375,4141.25,4110.27001953125,4136.27978515625,3562170000.0,^GSPC
2023-05-16,4127.9501953125,4135.5400390625,4109.85986328125,4109.89990234375,3654200000.0,^GSPC
2023-05-17,4122.85009765625,4164.669921875,4113.6201171875,4158.77001953125,4039080000.0,^GSPC
2023-05-18,4157.68017578125,4202.2001953125,4153.5,4198.0498046875,3980500000.0,^GSPC
2023-05-19,4204.14990234375,4212.91015625,4180.2001953125,4191.97998046875,4041900000.0,^GSPC
2023-05-22,4190.77978515625,4209.22021484375,4179.68017578125,4192.6298828125,3728520000.0,^GSPC
2023-05-23,4176.7998046875,4185.68017578125,4142.5400390625,4145.580078125,4155320000.0,^GSPC
2023-05-24,4132.9599609375,4132.9599609375,4103.97998046875,4115.240234375,0.0,^GSPC
2023-05-25,4155.7099609375,4165.740234375,4129.72998046875,4151.27978515625,4147760000.0,^GSPC
2023-05-26,4156.16015625,4212.8701171875,4156.16015625,4205.4501953125,3715460000.0,^GSPC
2023-05-30,4226.7099609375,4231.10009765625,4192.18017578125,4205.52001953125,4228510000.0,^GSPC
2023-05-31,4190.740234375,4195.43994140625,4166.14990234375,4179.830078125,5980670000.0,^GSPC
2023-06-01,4183.02978515625,4232.43017578125,4171.64013671875,4221.02001953125,4391860000.0,^GSPC
2023-06-02,4241.009765625,4290.669921875,4241.009765625,4282.3701171875,4454200000.0,^GSPC
2023-06-05,4282.990234375,4299.27978515625,4266.81982421875,4273.7900390625,3813290000.0,^GSPC
2023-06-06,4271.33984375,4288.330078125,4263.08984375,4283.85009765625,3996560000.0,^GSPC
2023-06-07,4285.47021484375,4299.18994140625,4263.9599609375,4267.52001953125,4537800000.0,^GSPC
2023-06-08,4268.68994140625,4298.009765625,4261.06982421875,4293.93017578125,3826740000.0,^GSPC
2023-06-09,4304.8798828125,4322.6201171875,4291.7001953125,4298.85986328125,3786510000.0,^GSPC
2023-06-12,4308.31982421875,4340.1298828125,4304.3701171875,4338.93017578125,3945670000.0,^GSPC
2023-06-13,4352.60986328125,4375.3701171875,4349.31005859375,4369.009765625,4275400000.0,^GSPC
2023-06-14,4366.2900390625,4391.81982421875,4337.85009765625,4372.58984375,4252110000.0,^GSPC
2023-06-15,4365.330078125,4439.2001953125,4362.60009765625,4425.83984375,4176690000.0,^GSPC
2023-06-16,4440.9501953125,4448.47021484375,4407.43994140625,4409.58984375,6848600000.0,^GSPC
2023-06-20,4396.10986328125,4400.14990234375,4367.18994140625,4388.7099609375,4055790000.0,^GSPC
2023-06-21,4380.009765625,4386.22021484375,4360.14013671875,4365.68994140625,3709330000.0,^GSPC
2023-06-22,4355.39990234375,4382.25,4351.81982421875,4381.89013671875,3511000000.0,^GSPC
2023-06-23,4354.169921875,4366.5498046875,4341.33984375,4348.330078125,6053620000.0,^GSPC
2023-06-26,4344.83984375,4362.06005859375,4328.080078125,4328.81982421875,3415030000.0,^GSPC
2023-06-27,4337.35986328125,4384.419921875,4335.0,4378.41015625,3573500000.0,^GSPC
2023-06-28,4367.47998046875,4390.35009765625,4360.22021484375,4376.85986328125,3739330000.0,^GSPC
2023-06-29,4374.93994140625,4398.39013671875,4371.97021484375,4396.43994140625,3696660000.0,^GSPC
2023-06-30,4422.43994140625,4458.47998046875,4422.43994140625,4450.3798828125,3923450000.0,^GSPC
2023-07-03,4450.47998046875,4456.4599609375,4442.2900390625,4455.58984375,2034280000.0,^GSPC
2023-07-05,4442.0400390625,4454.06005859375,4436.60986328125,4446.81982421875,3482620000.0,^GSPC
2023-07-06,4422.6201171875,4422.6201171875,4385.0498046875,4411.58984375,3682020000.0,^GSPC
2023-07-07,4404.5400390625,4440.39013671875,4397.39990234375,4398.9501953125,3630480000.0,^GSPC
2023-07-10,4394.22998046875,4412.60009765625,4389.919921875,4409.52978515625,3429600000.0,^GSPC
2023-07-11,4415.5498046875,4443.64013671875,4408.4599609375,4439.259765625,3624220000.0,^GSPC
2023-07-12,4467.68994140625,4488.33984375,4463.22998046875,4472.16015625,3920290000.0,^GSPC
2023-07-13,4491.5,4517.3798828125,4489.35986328125,4510.0400390625,3839530000.0,^GSPC
2023-07-14,4514.60986328125,4527.759765625,4499.56005859375,4505.419921875,3647450000.0,^GSPC
2023-07-17,4508.85986328125,4532.85009765625,4504.89990234375,4522.7900390625,3538240000.0,^GSPC
2023-07-18,4521.77978515625,4562.2998046875,4514.58984375,4554.97998046875,4090010000.0,^GSPC
2023-07-19,4563.8701171875,4578.43017578125,4557.47998046875,4565.72021484375,4115670000.0,^GSPC
2023-07-20,4554.3798828125,4564.740234375,4527.56005859375,4534.8701171875,3761770000.0,^GSPC
2023-07-21,4550.16015625,4555.0,4535.7900390625,4536.33984375,3570190000.0,^GSPC
2023-07-24,4543.39013671875,4563.41015625,4541.2900390625,4554.64013671875,3856250000.0,^GSPC
2023-07-25,4555.18994140625,4580.6201171875,4552.419921875,4567.4599609375,3812470000.0,^GSPC
2023-07-26,4558.9599609375,4582.47021484375,4547.580078125,4566.75,3990290000.0,^GSPC
2023-07-27,4598.259765625,4607.06982421875,4528.56005859375,4537.41015625,4553210000.0,^GSPC
2023-07-28,4565.75,4590.16015625,4564.009765625,4582.22998046875,3981010000.0,^GSPC
2023-07-31,4584.81982421875,4594.22021484375,4573.14013671875,4588.9599609375,4503600000.0,^GSPC
2023-08-01,4578.830078125,4584.6201171875,4567.52978515625,4576.72998046875,4042370000.0,^GSPC
2023-08-02,4550.93017578125,4550.93017578125,4505.75,4513.39013671875,4270710000.0,^GSPC
2023-08-03,4494.27001953125,4519.490234375,4485.5400390625,4501.89013671875,4149120000.0,^GSPC
2023-08-04,4513.9599609375,4540.33984375,4474.5498046875,4478.02978515625,4143310000.0,^GSPC
2023-08-07,4491.580078125,4519.83984375,4491.14990234375,4518.43994140625,3493920000.0,^GSPC
2023-08-08,4498.02978515625,4503.31005859375,4464.39013671875,4499.3798828125,3884910000.0,^GSPC
2023-08-09,4501.56982421875,4502.43994140625,4461.330078125,4467.7099609375,3803100000.0,^GSPC
2023-08-10,4487.16015625,4527.3701171875,4457.919921875,4468.830078125,4504370000.0,^GSPC
2023-08-11,4450.68994140625,4476.22998046875,4443.97998046875,4464.0498046875,3753290000.0,^GSPC
2023-08-14,4458.1298828125,4490.330078125,4453.43994140625,4489.72021484375,3896410000.0,^GSPC
2023-08-15,4478.8701171875,4478.8701171875,4432.18994140625,4437.85986328125,3832250000.0,^GSPC
2023-08-16,4433.7900390625,4449.9501953125,4403.5498046875,4404.330078125,3753910000.0,^GSPC
2023-08-17,4416.31982421875,4421.169921875,4364.830078125,4370.35986328125,3943700000.0,^GSPC
2023-08-18,4344.8798828125,4381.81982421875,4335.31005859375,4369.7099609375,3940400000.0,^GSPC
2023-08-21,4380.27978515625,4407.5498046875,4360.2998046875,4399.77001953125,3726850000.0,^GSPC
2023-08-22,4415.330078125,4418.58984375,4382.77001953125,4387.5498046875,3522760000.0,^GSPC
2023-08-23,4396.43994140625,4443.18017578125,4396.43994140625,4436.009765625,3837270000.0,^GSPC
2023-08-24,4455.16015625,4458.2998046875,4375.5498046875,4376.31005859375,3723470000.0,^GSPC
2023-08-25,4389.3798828125,4418.4599609375,4356.2900390625,4405.7099609375,3296180000.0,^GSPC
2023-08-28,4426.02978515625,4439.56005859375,4414.97998046875,4433.31005859375,2957230000.0,^GSPC
2023-08-29,4432.75,4500.14013671875,4431.68017578125,4497.6298828125,3354820000.0,^GSPC
2023-08-30,4500.33984375,4521.64990234375,4493.58984375,4514.8701171875,3064110000.0,^GSPC
2023-08-31,4517.009765625,4532.259765625,4507.39013671875,4507.66015625,3946360000.0,^GSPC
2023-09-01,4530.60009765625,4541.25,4501.35009765625,4515.77001953125,3246260000.0,^GSPC
2023-09-05,4510.06005859375,4514.2900390625,4496.009765625,4496.830078125,3526250000.0,^GSPC
2023-09-06,4490.35009765625,4490.35009765625,4442.3798828125,4465.47998046875,3418850000.0,^GSPC
2023-09-07,4434.5498046875,4457.81005859375,4430.4599609375,4451.14013671875,3763760000.0,^GSPC
2023-09-08,4451.2998046875,4473.52978515625,4448.3798828125,4457.490234375,3259290000.0,^GSPC
2023-09-11,4480.97998046875,4490.77001953125,4467.89013671875,4487.4599609375,3369920000.0,^GSPC
2023-09-12,4473.27001953125,4487.10986328125,4456.830078125,4461.89990234375,3435740000.0,^GSPC
2023-09-13,4462.64990234375,4479.39013671875,4453.52001953125,4467.43994140625,3529430000.0,^GSPC
2023-09-14,4487.77978515625,4511.990234375,4478.68994140625,4505.10009765625,3648720000.0,^GSPC
2023-09-15,4497.97998046875,4497.97998046875,4447.2099609375,4450.31982421875,6932230000.0,^GSPC
2023-09-18,4445.1298828125,4466.35986328125,4442.10986328125,4453.52978515625,3161230000.0,^GSPC
2023-09-19,4445.41015625,4449.85009765625,4416.60986328125,4443.9501953125,3614880000.0,^GSPC
2023-09-20,4452.81005859375,4461.02978515625,4401.3798828125,4402.2001953125,3308450000.0,^GSPC
2023-09-21,4374.35986328125,4375.7001953125,4329.169921875,4330.0,3662340000.0,^GSPC
2023-09-22,4341.740234375,4357.39990234375,4316.490234375,4320.06005859375,3349570000.0,^GSPC
2023-09-25,4310.6201171875,4338.509765625,4302.7001953125,4337.43994140625,3195650000.0,^GSPC
2023-09-26,4312.8798828125,4313.009765625,4265.97998046875,4273.52978515625,3472340000.0,^GSPC
2023-09-27,4282.6298828125,4292.06982421875,4238.6298828125,4274.509765625,3875880000.0,^GSPC
2023-09-28,4269.64990234375,4317.27001953125,4264.3798828125,4299.7001953125,3846230000.0,^GSPC
2023-09-29,4328.18017578125,4333.14990234375,4274.85986328125,4288.0498046875,3865960000.0,^GSPC
2023-10-02,4284.52001953125,4300.580078125,4260.2099609375,4288.39013671875,3938660000.0,^GSPC
2023-10-03,4269.75,4281.14990234375,4216.4501953125,4229.4501953125,3953830000.0,^GSPC
2023-10-04,4233.830078125,4268.5,4220.47998046875,4263.75,3777600000.0,^GSPC
2023-10-05,4259.31005859375,4267.1298828125,4225.91015625,4258.18994140625,3581470000.0,^GSPC
2023-10-06,4234.7900390625,4324.10009765625,4219.5498046875,4308.5,3902030000.0,^GSPC
2023-10-09,4289.02001953125,4341.72998046875,4283.7900390625,4335.66015625,3174630000.0,^GSPC
2023-10-10,4339.75,4385.4599609375,4339.64013671875,4358.240234375,3520240000.0,^GSPC
2023-10-11,4366.58984375,4378.64013671875,4345.33984375,4376.9501953125,3601660000.0,^GSPC
2023-10-12,4380.93994140625,4385.85009765625,4325.43017578125,4349.60986328125,3713140000.0,^GSPC
2023-10-13,4360.490234375,4377.10009765625,4311.97021484375,4327.77978515625,3566560000.0,^GSPC
2023-10-16,4342.3701171875,4383.330078125,4342.3701171875,4373.6298828125,3409960000.0,^GSPC
2023-10-17,4345.22998046875,4393.56982421875,4337.5400390625,4373.2001953125,3794850000.0,^GSPC
2023-10-18,4357.35009765625,4364.2001953125,4303.83984375,4314.60009765625,3686030000.0,^GSPC
2023-10-19,4321.35986328125,4339.5400390625,4269.68994140625,4278.0,3969730000.0,^GSPC
2023-10-20,4273.85009765625,4276.56005859375,4223.02978515625,4224.16015625,4004030000.0,^GSPC
2023-10-23,4210.39990234375,4255.83984375,4189.22021484375,4217.0400390625,3776100000.0,^GSPC
2023-10-24,4235.7900390625,4259.3798828125,4219.43017578125,4247.68017578125,3821820000.0,^GSPC
2023-10-25,4232.419921875,4232.419921875,4181.419921875,4186.77001953125,3869370000.0,^GSPC
2023-10-26,4175.990234375,4183.60009765625,4127.89990234375,4137.22998046875,4277640000.0,^GSPC
2023-10-27,4152.93017578125,4156.7001953125,4103.77978515625,4117.3701171875,4019500000.0,^GSPC
2023-10-30,4139.39013671875,4177.47021484375,4132.93994140625,4166.81982421875,3911140000.0,^GSPC
2023-10-31,4171.330078125,4195.5498046875,4153.1201171875,4193.7998046875,4249470000.0,^GSPC
2023-11-01,4201.27001953125,4245.64013671875,4197.740234375,4237.85986328125,4224900000.0,^GSPC
2023-11-02,4268.259765625,4319.72021484375,4268.259765625,4317.77978515625,4669780000.0,^GSPC
2023-11-03,4334.22998046875,4373.6201171875,4334.22998046875,4358.33984375,4570960000.0,^GSPC
2023-11-06,4364.27001953125,4372.2099609375,4347.52978515625,4365.97998046875,3656340000.0,^GSPC
2023-11-07,4366.2099609375,4386.259765625,4355.41015625,4378.3798828125,3791230000.0,^GSPC
2023-11-08,4384.3701171875,4391.2001953125,4359.759765625,4382.77978515625,3729510000.0,^GSPC
2023-11-09,4391.41015625,4393.39990234375,4343.93994140625,4347.35009765625,3900780000.0,^GSPC
2023-11-10,4364.14990234375,4418.02978515625,4353.33984375,4415.240234375,3665080000.0,^GSPC
2023-11-13,4406.66015625,4421.759765625,4393.81982421875,4411.5498046875,3326240000.0,^GSPC
2023-11-14,4458.97021484375,4508.669921875,4458.97021484375,4495.7001953125,4700350000.0,^GSPC
2023-11-15,4505.2998046875,4521.169921875,4495.31005859375,4502.8798828125,4347170000.0,^GSPC
2023-11-16,4497.080078125,4511.990234375,4487.830078125,4508.240234375,3964520000.0,^GSPC
2023-11-17,4509.5498046875,4520.1201171875,4499.66015625,4514.02001953125,3777240000.0,^GSPC
2023-11-20,4511.7001953125,4557.10986328125,4510.35986328125,4547.3798828125,3644790000.0,^GSPC
2023-11-21,4538.77001953125,4542.14013671875,4525.509765625,4538.18994140625,3511080000.0,^GSPC
2023-11-22,4553.0400390625,4568.43017578125,4545.0498046875,4556.6201171875,3042810000.0,^GSPC
2023-11-24,4555.83984375,4560.31005859375,4552.7998046875,4559.33984375,1639500000.0,^GSPC
2023-11-27,4554.85986328125,4560.52001953125,4546.31982421875,4550.43017578125,3403990000.0,^GSPC
2023-11-28,4545.5498046875,4568.14013671875,4540.509765625,4554.89013671875,3586240000.0,^GSPC
2023-11-29,4571.83984375,4587.64013671875,4547.14990234375,4550.580078125,4418760000.0,^GSPC
2023-11-30,4554.8701171875,4569.89013671875,4537.240234375,4567.7998046875,5399300000.0,^GSPC
2023-12-01,4559.43017578125,4599.39013671875,4554.7099609375,4594.6298828125,4397120000.0,^GSPC
2023-12-04,4564.3701171875,4572.3701171875,4546.72021484375,4569.77978515625,4369910000.0,^GSPC
2023-12-05,4557.25,4578.56005859375,4551.68017578125,4567.18017578125,3909950000.0,^GSPC
2023-12-06,4586.22998046875,4590.740234375,4546.5,4549.33984375,4245680000.0,^GSPC
2023-12-07,4568.83984375,4590.919921875,4565.22021484375,4585.58984375,3818880000.0,^GSPC
2023-12-08,4576.2001953125,4609.22998046875,4574.06005859375,4604.3701171875,3707010000.0,^GSPC
2023-12-11,4593.39013671875,4623.7099609375,4593.39013671875,4622.43994140625,3823210000.0,^GSPC
2023-12-12,4618.2998046875,4643.93017578125,4608.08984375,4643.7001953125,3808380000.0,^GSPC
2023-12-13,4646.2001953125,4709.68994140625,4643.22998046875,4707.08984375,5063650000.0,^GSPC
2023-12-14,4721.0400390625,4738.56982421875,4694.33984375,4719.5498046875,6314040000.0,^GSPC
2023-12-15,4714.22998046875,4725.52978515625,4704.68994140625,4719.18994140625,8218980000.0,^GSPC
2023-12-18,4725.580078125,4749.52001953125,4725.580078125,4740.56005859375,4060340000.0,^GSPC
2023-12-19,4743.72021484375,4768.68994140625,4743.72021484375,4768.3701171875,4026970000.0,^GSPC
2023-12-20,4764.72998046875,4778.009765625,4697.81982421875,4698.35009765625,4201320000.0,^GSPC
2023-12-21,4724.2900390625,4748.7099609375,4708.35009765625,4746.75,3431180000.0,^GSPC
2023-12-22,4753.919921875,4772.93994140625,4736.77001953125,4754.6298828125,3046770000.0,^GSPC
2023-12-26,4758.85986328125,4784.72021484375,4758.4501953125,4774.75,2513910000.0,^GSPC
2023-12-27,4773.4501953125,4785.39013671875,4768.89990234375,4781.580078125,2748450000.0,^GSPC
2023-12-28,4786.43994140625,4793.2998046875,4780.97998046875,4783.35009765625,2698860000.0,^GSPC
2023-12-29,4782.8798828125,4788.43017578125,4751.990234375,4769.830078125,3126060000.0,^GSPC
2010-01-04,,,,,,TSLA
2010-01-05,,,,,,TSLA
2010-01-06,,,,,,TSLA
2010-01-07,,,,,,TSLA
2010-01-08,,,,,,TSLA
2010-01-11,,,,,,TSLA
2010-01-12,,,,,,TSLA
2010-01-13,,,,,,TSLA
2010-01-14,,,,,,TSLA
2010-01-15,,,,,,TSLA
2010-01-19,,,,,,TSLA
2010-01-20,,,,,,TSLA
2010-01-21,,,,,,TSLA
2010-01-22,,,,,,TSLA
2010-01-25,,,,,,TSLA
2010-01-26,,,,,,TSLA
2010-01-27,,,,,,TSLA
2010-01-28,,,,,,TSLA
2010-01-29,,,,,,TSLA
2010-02-01,,,,,,TSLA
2010-02-02,,,,,,TSLA
2010-02-03,,,,,,TSLA
2010-02-04,,,,,,TSLA
2010-02-05,,,,,,TSLA
2010-02-08,,,,,,TSLA
2010-02-09,,,,,,TSLA
2010-02-10,,,,,,TSLA
2010-02-11,,,,,,TSLA
2010-02-12,,,,,,TSLA
2010-02-16,,,,,,TSLA
2010-02-17,,,,,,TSLA
2010-02-18,,,,,,TSLA
2010-02-19,,,,,,TSLA
2010-02-22,,,,,,TSLA
2010-02-23,,,,,,TSLA
2010-02-24,,,,,,TSLA
2010-02-25,,,,,,TSLA
2010-02-26,,,,,,TSLA
2010-03-01,,,,,,TSLA
2010-03-02,,,,,,TSLA
2010-03-03,,,,,,TSLA
2010-03-04,,,,,,TSLA
2010-03-05,,,,,,TSLA
2010-03-08,,,,,,TSLA
2010-03-09,,,,,,TSLA
2010-03-10,,,,,,TSLA
2010-03-11,,,,,,TSLA
2010-03-12,,,,,,TSLA
2010-03-15,,,,,,TSLA
2010-03-16,,,,,,TSLA
2010-03-17,,,,,,TSLA
2010-03-18,,,,,,TSLA
2010-03-19,,,,,,TSLA
2010-03-22,,,,,,TSLA
2010-03-23,,,,,,TSLA
2010-03-24,,,,,,TSLA
2010-03-25,,,,,,TSLA
2010-03-26,,,,,,TSLA
2010-03-29,,,,,,TSLA
2010-03-30,,,,,,TSLA
2010-03-31,,,,,,TSLA
2010-04-01,,,,,,TSLA
2010-04-05,,,,,,TSLA
2010-04-06,,,,,,TSLA
2010-04-07,,,,,,TSLA
2010-04-08,,,,,,TSLA
2010-04-09,,,,,,TSLA
2010-04-12,,,,,,TSLA
2010-04-13,,,,,,TSLA
2010-04-14,,,,,,TSLA
2010-04-15,,,,,,TSLA
2010-04-16,,,,,,TSLA
2010-04-19,,,,,,TSLA
2010-04-20,,,,,,TSLA
2010-04-21,,,,,,TSLA
2010-04-22,,,,,,TSLA
2010-04-23,,,,,,TSLA
2010-04-26,,,,,,TSLA
2010-04-27,,,,,,TSLA
2010-04-28,,,,,,TSLA
2010-04-29,,,,,,TSLA
2010-04-30,,,,,,TSLA
2010-05-03,,,,,,TSLA
2010-05-04,,,,,,TSLA
2010-05-05,,,,,,TSLA
2010-05-06,,,,,,TSLA
2010-05-07,,,,,,TSLA
2010-05-10,,,,,,TSLA
2010-05-11,,,,,,TSLA
2010-05-12,,,,,,TSLA
2010-05-13,,,,,,TSLA
2010-05-14,,,,,,TSLA
2010-05-17,,,,,,TSLA
2010-05-18,,,,,,TSLA
2010-05-19,,,,,,TSLA
2010-05-20,,,,,,TSLA
2010-05-21,,,,,,TSLA
2010-05-24,,,,,,TSLA
2010-05-25,,,,,,TSLA
2010-05-26,,,,,,TSLA
2010-05-27,,,,,,TSLA
2010-05-28,,,,,,TSLA
2010-06-01,,,,,,TSLA
2010-06-02,,,,,,TSLA
2010-06-03,,,,,,TSLA
2010-06-04,,,,,,TSLA
2010-06-07,,,,,,TSLA
2010-06-08,,,,,,TSLA
2010-06-09,,,,,,TSLA
2010-06-10,,,,,,TSLA
2010-06-11,,,,,,TSLA
2010-06-14,,,,,,TSLA
2010-06-15,,,,,,TSLA
2010-06-16,,,,,,TSLA
2010-06-17,,,,,,TSLA
2010-06-18,,,,,,TSLA
2010-06-21,,,,,,TSLA
2010-06-22,,,,,,TSLA
2010-06-23,,,,,,TSLA
2010-06-24,,,,,,TSLA
2010-06-25,,,,,,TSLA
2010-06-28,,,,,,TSLA
2010-06-29,1.2666670083999634,1.6666669845581055,1.1693329811096191,1.5926669836044312,281494500.0,TSLA
2010-06-30,1.7193330526351929,2.0280001163482666,1.553333044052124,1.5886670351028442,257806500.0,TSLA
2010-07-01,1.6666669845581055,1.7280000448226929,1.3513330221176147,1.4639999866485596,123282000.0,TSLA
2010-07-02,1.5333329439163208,1.5399999618530273,1.24733304977417,1.2799999713897705,77097000.0,TSLA
2010-07-06,1.3333330154418945,1.3333330154418945,1.0553330183029175,1.0740000009536743,103003500.0,TSLA
2010-07-07,1.0933330059051514,1.108667016029358,0.9986670017242432,1.053333044052124,103825500.0,TSLA
2010-07-08,1.0759999752044678,1.1679999828338623,1.0379999876022339,1.1640000343322754,115671000.0,TSLA
2010-07-09,1.1720000505447388,1.1933330297470093,1.1033329963684082,1.159999966621399,60759000.0,TSLA
2010-07-12,1.196666955947876,1.2046669721603394,1.1333329677581787,1.136667013168335,33037500.0,TSLA
2010-07-13,1.1593329906463623,1.2426669597625732,1.1266670227050781,1.2093329429626465,40201500.0,TSLA
2010-07-14,1.1959999799728394,1.3433330059051514,1.184000015258789,1.3226670026779175,62928000.0,TSLA
2010-07-15,1.329332947731018,1.4333330392837524,1.2666670083999634,1.3259999752044678,56097000.0,TSLA
2010-07-16,1.3799999952316284,1.4199999570846558,1.3366669416427612,1.3760000467300415,39319500.0,TSLA
2010-07-19,1.4246670007705688,1.4833329916000366,1.3946670293807983,1.4606670141220093,37297500.0,TSLA
2010-07-20,1.4566669464111328,1.4566669464111328,1.3366669416427612,1.3533329963684082,27379500.0,TSLA
2010-07-21,1.3773330450057983,1.3933329582214355,1.2999999523162842,1.3480000495910645,18787500.0,TSLA
2010-07-22,1.3666670322418213,1.4166669845581055,1.3580000400543213,1.399999976158142,14367000.0,TSLA
2010-07-23,1.4126670360565186,1.4373329877853394,1.4040000438690186,1.4193329811096191,9804000.0,TSLA
2010-07-26,1.4333330392837524,1.4333330392837524,1.3533329963684082,1.3966670036315918,13833000.0,TSLA
2010-07-27,1.3940000534057617,1.4119999408721924,1.3506669998168945,1.3700000047683716,9295500.0,TSLA
2010-07-28,1.3700000047683716,1.3933329582214355,1.3673330545425415,1.3813329935073853,7008000.0,TSLA
2010-07-29,1.3846670389175415,1.3919999599456787,1.3333330154418945,1.3566670417785645,9240000.0,TSLA
2010-07-30,1.3466670513153076,1.3626669645309448,1.303333044052124,1.329332947731018,6403500.0,TSLA
2010-08-02,1.3666670322418213,1.3980000019073486,1.3553329706192017,1.3946670293807983,10771500.0,TSLA
2010-08-03,1.399999976158142,1.463333010673523,1.3880000114440918,1.463333010673523,18457500.0,TSLA
2010-08-04,1.463333010673523,1.4786670207977295,1.3899999856948853,1.4173330068588257,13695000.0,TSLA
2010-08-05,1.4359999895095825,1.4366669654846191,1.3366669416427612,1.363332986831665,11943000.0,TSLA
2010-08-06,1.340000033378601,1.343999981880188,1.301332950592041,1.305999994277954,11128500.0,TSLA
2010-08-09,1.3266669511795044,1.3320000171661377,1.2966669797897339,1.3066669702529907,12190500.0,TSLA
2010-08-10,1.309999942779541,1.309999942779541,1.254667043685913,1.2686669826507568,19219500.0,TSLA
2010-08-11,1.246000051498413,1.2586669921875,1.190000057220459,1.1933330297470093,11964000.0,TSLA
2010-08-12,1.1866669654846191,1.1933330297470093,1.1593329906463623,1.1733330488204956,10365000.0,TSLA
2010-08-13,1.2120000123977661,1.2300000190734863,1.1773329973220825,1.2213330268859863,9510000.0,TSLA
2010-08-16,1.2300000190734863,1.2533329725265503,1.2173329591751099,1.2519999742507935,7287000.0,TSLA
2010-08-17,1.2640000581741333,1.2933330535888672,1.2519999742507935,1.2766669988632202,6718500.0,TSLA
2010-08-18,1.305999994277954,1.305999994277954,1.2400000095367432,1.2513329982757568,9019500.0,TSLA
2010-08-19,1.2359999418258667,1.2833329439163208,1.222000002861023,1.25266695022583,8686500.0,TSLA
2010-08-20,1.2433329820632935,1.2740000486373901,1.2339999675750732,1.273332953453064,4440000.0,TSLA
2010-08-23,1.2726670503616333,1.3593330383300781,1.2666670083999634,1.3420000076293945,16321500.0,TSLA
2010-08-24,1.2833329439163208,1.3140000104904175,1.2633329629898071,1.2799999713897705,10096500.0,TSLA
2010-08-25,1.2773330211639404,1.3320000171661377,1.237333059310913,1.3266669511795044,7549500.0,TSLA
2010-08-26,1.3259999752044678,1.3513330221176147,1.3066669702529907,1.3166669607162476,6507000.0,TSLA
2010-08-27,1.3166669607162476,1.324666976928711,1.2999999523162842,1.3133330345153809,5694000.0,TSLA
2010-08-30,1.3133330345153809,1.3459999561309814,1.307332992553711,1.324666976928711,10992000.0,TSLA
2010-08-31,1.3106670379638672,1.3193329572677612,1.2886669635772705,1.2986669540405273,3016500.0,TSLA
2010-09-01,1.3079999685287476,1.3793330192565918,1.3066669702529907,1.363332986831665,7423500.0,TSLA
2010-09-02,1.3580000400543213,1.4160000085830688,1.3539999723434448,1.4040000438690186,7306500.0,TSLA
2010-09-03,1.391332983970642,1.4199999570846558,1.3773330450057983,1.4033329486846924,6519000.0,TSLA
2010-09-07,1.3739999532699585,1.399999976158142,1.3666670322418213,1.369333028793335,3651000.0,TSLA
2010-09-08,1.3773330450057983,1.3966670036315918,1.3733329772949219,1.3933329582214355,4326000.0,TSLA
2010-09-09,1.399999976158142,1.4033329486846924,1.3793330192565918,1.380666971206665,5643000.0,TSLA
2010-09-10,1.3833329677581787,1.3953330516815186,1.3173329830169678,1.3446669578552246,5799000.0,TSLA
2010-09-13,1.3926670551300049,1.3933329582214355,1.3666670322418213,1.3813329935073853,5412000.0,TSLA
2010-09-14,1.369333028793335,1.440000057220459,1.3686670064926147,1.4079999923706055,9820500.0,TSLA
2010-09-15,1.3986669778823853,1.4666670560836792,1.3860000371932983,1.4653329849243164,10269000.0,TSLA
2010-09-16,1.476667046546936,1.5440000295639038,1.3893330097198486,1.3960000276565552,40267500.0,TSLA
2010-09-17,1.401332974433899,1.4213329553604126,1.3200000524520874,1.348667025566101,17977500.0,TSLA
2010-09-20,1.378000020980835,1.4233330488204956,1.343999981880188,1.4040000438690186,14212500.0,TSLA
2010-09-21,1.3926670551300049,1.4366669654846191,1.378000020980835,1.3846670389175415,11940000.0,TSLA
2010-09-22,1.391332983970642,1.3966670036315918,1.3200000524520874,1.324666976928711,14443500.0,TSLA
2010-09-23,1.3259999752044678,1.3426669836044312,1.2999999523162842,1.3040000200271606,10021500.0,TSLA
2010-09-24,1.3300000429153442,1.3459999561309814,1.309999942779541,1.340000033378601,8683500.0,TSLA
2010-09-27,1.3600000143051147,1.3873330354690552,1.3366669416427612,1.3686670064926147,6279000.0,TSLA
2010-09-28,1.4026670455932617,1.4326670169830322,1.3839999437332153,1.4266669750213623,18217500.0,TSLA
2010-09-29,1.4126670360565186,1.4686670303344727,1.408666968345642,1.4653329849243164,29539500.0,TSLA
2010-09-30,1.4666670560836792,1.476667046546936,1.3459999561309814,1.3606669902801514,32937000.0,TSLA
2010-10-01,1.3793330192565918,1.3833329677581787,1.3539999723434448,1.3733329772949219,8965500.0,TSLA
2010-10-04,1.3619999885559082,1.4113329648971558,1.3533329963684082,1.3993330001831055,9654000.0,TSLA
2010-10-05,1.409999966621399,1.418666958808899,1.4006669521331787,1.4079999923706055,4980000.0,TSLA
2010-10-06,1.4040000438690186,1.4173330068588257,1.3546669483184814,1.3639999628067017,4701000.0,TSLA
2010-10-07,1.3713330030441284,1.3760000467300415,1.3559999465942383,1.3619999885559082,2115000.0,TSLA
2010-10-08,1.3619999885559082,1.3860000371932983,1.3593330383300781,1.3619999885559082,4017000.0,TSLA
2010-10-11,1.3626669645309448,1.3799999952316284,1.3380000591278076,1.3493330478668213,2568000.0,TSLA
2010-10-12,1.3466670513153076,1.3519999980926514,1.335332989692688,1.3493330478668213,3660000.0,TSLA
2010-10-13,1.3760000467300415,1.3899999856948853,1.3573329448699951,1.369333028793335,4773000.0,TSLA
2010-10-14,1.399999976158142,1.4019999504089355,1.3600000143051147,1.3833329677581787,4422000.0,TSLA
2010-10-15,1.3926670551300049,1.3933329582214355,1.350000023841858,1.369333028793335,4270500.0,TSLA
2010-10-18,1.3680000305175781,1.3760000467300415,1.3480000495910645,1.348667025566101,2442000.0,TSLA
2010-10-19,1.3466670513153076,1.3606669902801514,1.3333330154418945,1.3366669416427612,3678000.0,TSLA
2010-10-20,1.343999981880188,1.3793330192565918,1.3359999656677246,1.3766670227050781,4687500.0,TSLA
2010-10-21,1.3739999532699585,1.3966670036315918,1.363332986831665,1.3833329677581787,6256500.0,TSLA
2010-10-22,1.3786669969558716,1.3953330516815186,1.3700000047683716,1.3813329935073853,2416500.0,TSLA
2010-10-25,1.3960000276565552,1.3986669778823853,1.3819999694824219,1.3899999856948853,1777500.0,TSLA
2010-10-26,1.386667013168335,1.4579999446868896,1.3673330545425415,1.4240000247955322,9913500.0,TSLA
2010-10-27,1.4166669845581055,1.425333023071289,1.3766670227050781,1.399999976158142,5347500.0,TSLA
2010-10-28,1.4259999990463257,1.4333330392837524,1.397333025932312,1.4126670360565186,3363000.0,TSLA
2010-10-29,1.4093329906463623,1.4566669464111328,1.4033329486846924,1.4559999704360962,4209000.0,TSLA
2010-11-01,1.4626669883728027,1.5166670083999634,1.420667052268982,1.4273329973220825,6837000.0,TSLA
2010-11-02,1.4453330039978027,1.4586670398712158,1.4033329486846924,1.4166669845581055,4837500.0,TSLA
2010-11-03,1.418666958808899,1.5,1.4106669425964355,1.4513330459594727,5589000.0,TSLA
2010-11-04,1.5066670179367065,1.6886670589447021,1.476667046546936,1.659999966621399,28110000.0,TSLA
2010-11-05,1.6579999923706055,1.664667010307312,1.581333041191101,1.6293330192565918,15165000.0,TSLA
2010-11-08,1.6333329677581787,1.6666669845581055,1.6019999980926514,1.6653330326080322,7642500.0,TSLA
2010-11-09,1.6666669845581055,1.7126669883728027,1.6033329963684082,1.6419999599456787,14346000.0,TSLA
2010-11-10,1.6319999694824219,1.9980000257492065,1.6033329963684082,1.957332968711853,45907500.0,TSLA
2010-11-11,1.9066669940948486,1.940000057220459,1.8220000267028809,1.869333028793335,29179500.0,TSLA
2010-11-12,1.8833329677581787,2.0333330631256104,1.8713330030441284,1.9893330335617065,40936500.0,TSLA
2010-11-15,2.01466703414917,2.196000099182129,2.01466703414917,2.053333044052124,39343500.0,TSLA
2010-11-16,2.066667079925537,2.0933330059051514,1.8946670293807983,1.9780000448226929,20214000.0,TSLA
2010-11-17,2.0133330821990967,2.049999952316284,1.9073330163955688,1.965999960899353,11250000.0,TSLA
2010-11-18,2.0446670055389404,2.049333095550537,1.9279999732971191,1.9926669597625732,14341500.0,TSLA
2010-11-19,2.010667085647583,2.0913329124450684,1.9800000190734863,2.065999984741211,17257500.0,TSLA
2010-11-22,2.1046669483184814,2.2300000190734863,2.0999999046325684,2.2266669273376465,22945500.0,TSLA
2010-11-23,2.2193329334259033,2.378667116165161,2.1459999084472656,2.3046669960021973,23667000.0,TSLA
2010-11-24,2.351332902908325,2.3980000019073486,2.2886669635772705,2.3646669387817383,21375000.0,TSLA
2010-11-26,2.373332977294922,2.4000000953674316,2.316667079925537,2.3546669483184814,5259000.0,TSLA
2010-11-29,2.3606669902801514,2.396667003631592,2.2219998836517334,2.2886669635772705,17184000.0,TSLA
2010-11-30,2.249332904815674,2.355333089828491,2.2273330688476562,2.355333089828491,33339000.0,TSLA
2010-12-01,2.3913331031799316,2.427999973297119,2.2300000190734863,2.2899999618530273,19488000.0,TSLA
2010-12-02,2.2673330307006836,2.2866671085357666,2.0799999237060547,2.1566669940948486,30105000.0,TSLA
2010-12-03,2.134000062942505,2.1500000953674316,2.058000087738037,2.0993330478668213,17401500.0,TSLA
2010-12-06,2.0899999141693115,2.0966670513153076,1.9706670045852661,2.02066707611084,19116000.0,TSLA
2010-12-07,2.0326669216156006,2.1600000858306885,2.00333309173584,2.1040000915527344,19669500.0,TSLA
2010-12-08,2.1653330326080322,2.1659998893737793,2.101332902908325,2.1579999923706055,9900000.0,TSLA
2010-12-09,2.167332887649536,2.181333065032959,2.109999895095825,2.136667013168335,6090000.0,TSLA
2010-12-10,2.136667013168335,2.194667100906372,2.0753331184387207,2.101332902908325,6441000.0,TSLA
2010-12-13,2.109333038330078,2.118000030517578,2.0266671180725098,2.0366671085357666,6156000.0,TSLA
2010-12-14,2.0193328857421875,2.0260000228881836,1.8506669998168945,1.9019999504089355,26485500.0,TSLA
2010-12-15,1.9113329648971558,1.9980000257492065,1.9019999504089355,1.9733330011367798,11143500.0,TSLA
2010-12-16,2.0,2.060667037963867,1.976667046546936,2.053999900817871,11851500.0,TSLA
2010-12-17,2.0893330574035645,2.1026670932769775,2.047333002090454,2.0906670093536377,12195000.0,TSLA
2010-12-20,2.109333038330078,2.1459999084472656,2.0840001106262207,2.113332986831665,7851000.0,TSLA
2010-12-21,2.119999885559082,2.179332971572876,2.114000082015991,2.1506669521331787,11665500.0,TSLA
2010-12-22,2.1500000953674316,2.190666913986206,2.113332986831665,2.175333023071289,12499500.0,TSLA
2010-12-23,2.0840001106262207,2.1653330326080322,1.9946670532226562,2.00600004196167,23289000.0,TSLA
2010-12-27,1.8680000305175781,1.9053330421447754,1.670667052268982,1.7033330202102661,139528500.0,TSLA
2010-12-28,1.7233330011367798,1.7833329439163208,1.6666669845581055,1.7606669664382935,60844500.0,TSLA
2010-12-29,1.8020000457763672,1.8673330545425415,1.7666670083999634,1.848667025566101,49788000.0,TSLA
2010-12-30,1.8466670513153076,1.8600000143051147,1.7586669921875,1.7666670083999634,30616500.0,TSLA
2010-12-31,1.7713329792022705,1.8166669607162476,1.7666670083999634,1.775333046913147,21268500.0,TSLA
2011-01-03,1.7893329858779907,1.7999999523162842,1.726667046546936,1.7746670246124268,19245000.0,TSLA
2011-01-04,1.7773330211639404,1.7966669797897339,1.7346669435501099,1.777999997138977,17811000.0,TSLA
2011-01-05,1.7653330564498901,1.7933330535888672,1.746000051498413,1.7886669635772705,21700500.0,TSLA
2011-01-06,1.7886669635772705,1.8666670322418213,1.7873330116271973,1.858667016029358,30918000.0,TSLA
2011-01-07,1.8666670322418213,1.9053330421447754,1.8600000143051147,1.8826669454574585,33718500.0,TSLA
2011-01-10,1.878000020980835,1.9119999408721924,1.8700000047683716,1.8966670036315918,20140500.0,TSLA
2011-01-11,1.906000018119812,1.9140000343322754,1.7946670055389404,1.797333002090454,25653000.0,TSLA
2011-01-12,1.8006670475006104,1.8266669511795044,1.7680000066757202,1.797333002090454,14466000.0,TSLA
2011-01-13,1.797333002090454,1.7979999780654907,1.74399995803833,1.7480000257492065,10854000.0,TSLA
2011-01-14,1.7433329820632935,1.7719999551773071,1.707332968711853,1.7166670560836792,17880000.0,TSLA
2011-01-18,1.698667049407959,1.7093329429626465,1.649999976158142,1.7093329429626465,24325500.0,TSLA
2011-01-19,1.6846669912338257,1.6979999542236328,1.5833330154418945,1.6019999980926514,35572500.0,TSLA
2011-01-20,1.6019999980926514,1.6299999952316284,1.4913330078125,1.5080000162124634,34198500.0,TSLA
2011-01-21,1.5413329601287842,1.5726670026779175,1.5140000581741333,1.5360000133514404,18255000.0,TSLA
2011-01-24,1.5686670541763306,1.6540000438690186,1.5486669540405273,1.6326669454574585,24676500.0,TSLA
2011-01-25,1.6433329582214355,1.6593329906463623,1.6013330221176147,1.6453330516815186,19072500.0,TSLA
2011-01-26,1.647333025932312,1.658666968345642,1.6066670417785645,1.649999976158142,16198500.0,TSLA
2011-01-27,1.6493330001831055,1.6720000505447388,1.6353329420089722,1.6613329648971558,13435500.0,TSLA
2011-01-28,1.658666968345642,1.658666968345642,1.5833330154418945,1.6006669998168945,15726000.0,TSLA
2011-01-31,1.6033329963684082,1.6080000400543213,1.5666669607162476,1.6066670417785645,12454500.0,TSLA
2011-02-01,1.6206669807434082,1.6486669778823853,1.5693329572677612,1.593999981880188,10617000.0,TSLA
2011-02-02,1.6106669902801514,1.6119999885559082,1.5779999494552612,1.5959999561309814,8542500.0,TSLA
2011-02-03,1.5880000591278076,1.5933330059051514,1.5433330535888672,1.5753329992294312,7680000.0,TSLA
2011-02-04,1.5626670122146606,1.5779999494552612,1.5479999780654907,1.5640000104904175,8160000.0,TSLA
2011-02-07,1.5506670475006104,1.5506670475006104,1.525333046913147,1.5379999876022339,13426500.0,TSLA
2011-02-08,1.585332989692688,1.6833330392837524,1.5333329439163208,1.6326669454574585,52573500.0,TSLA
2011-02-09,1.608667016029358,1.6119999885559082,1.519333004951477,1.547333002090454,39534000.0,TSLA
2011-02-10,1.5506670475006104,1.5759999752044678,1.5206669569015503,1.5479999780654907,12541500.0,TSLA
2011-02-11,1.5499999523162842,1.5833330154418945,1.5293329954147339,1.5499999523162842,9517500.0,TSLA
2011-02-14,1.5759999752044678,1.6093330383300781,1.536666989326477,1.5386669635772705,19246500.0,TSLA
2011-02-15,1.534000039100647,1.5446670055389404,1.503999948501587,1.5226670503616333,14305500.0,TSLA
2011-02-16,1.5399999618530273,1.664667010307312,1.5379999876022339,1.6486669778823853,61726500.0,TSLA
2011-02-17,1.6419999599456787,1.6993329524993896,1.5700000524520874,1.5733330249786377,39276000.0,TSLA
2011-02-18,1.5553330183029175,1.565999984741211,1.5306669473648071,1.5453330278396606,35560500.0,TSLA
2011-02-22,1.525333046913147,1.5333329439163208,1.4520000219345093,1.4579999446868896,30969000.0,TSLA
2011-02-23,1.4786670207977295,1.5,1.4073330163955688,1.4553329944610596,24084000.0,TSLA
2011-02-24,1.4520000219345093,1.5053329467773438,1.4333330392837524,1.5019999742507935,15829500.0,TSLA
2011-02-25,1.5206669569015503,1.590000033378601,1.512666940689087,1.5740000009536743,20194500.0,TSLA
2011-02-28,1.5826669931411743,1.6066670417785645,1.5666669607162476,1.5926669836044312,15768000.0,TSLA
2011-03-01,1.6033329963684082,1.6213330030441284,1.5800000429153442,1.5959999561309814,16596000.0,TSLA
2011-03-02,1.5880000591278076,1.6186670064926147,1.5820000171661377,1.6013330221176147,9949500.0,TSLA
2011-03-03,1.6319999694824219,1.6526670455932617,1.6039999723434448,1.6239999532699585,9603000.0,TSLA
2011-03-04,1.6319999694824219,1.6660000085830688,1.585332989692688,1.6633330583572388,23701500.0,TSLA
2011-03-07,1.6619999408721924,1.6933330297470093,1.6466670036315918,1.6626670360565186,30504000.0,TSLA
2011-03-08,1.6399999856948853,1.6640000343322754,1.600000023841858,1.6440000534057617,20998500.0,TSLA
2011-03-09,1.6440000534057617,1.6660000085830688,1.6180000305175781,1.6480000019073486,13872000.0,TSLA
2011-03-10,1.6293330192565918,1.6326669454574585,1.5820000171661377,1.6006669998168945,15255000.0,TSLA
2011-03-11,1.590000033378601,1.6166670322418213,1.5686670541763306,1.6046669483184814,13962000.0,TSLA
2011-03-14,1.5880000591278076,1.600000023841858,1.5466669797897339,1.5499999523162842,17490000.0,TSLA
2011-03-15,1.4800000190734863,1.5306669473648071,1.4533330202102661,1.5299999713897705,19782000.0,TSLA
2011-03-16,1.5240000486373901,1.5499999523162842,1.512666940689087,1.5213329792022705,17545500.0,TSLA
2011-03-17,1.5493329763412476,1.562000036239624,1.5093330144882202,1.5206669569015503,13839000.0,TSLA
2011-03-18,1.5460000038146973,1.5460000038146973,1.5006669759750366,1.5306669473648071,10318500.0,TSLA
2011-03-21,1.536666989326477,1.536666989326477,1.50266695022583,1.5153330564498901,6175500.0,TSLA
2011-03-22,1.5153330564498901,1.5240000486373901,1.4666670560836792,1.4793330430984497,8743500.0,TSLA
2011-03-23,1.4739999771118164,1.4846669435501099,1.4513330459594727,1.480666995048523,6342000.0,TSLA
2011-03-24,1.4759999513626099,1.4919999837875366,1.4653329849243164,1.4886670112609863,6933000.0,TSLA
2011-03-25,1.495332956314087,1.5333329439163208,1.4933329820632935,1.5166670083999634,8520000.0,TSLA
2011-03-28,1.5133329629898071,1.5693329572677612,1.5033329725265503,1.5499999523162842,15871500.0,TSLA
2011-03-29,1.553333044052124,1.600000023841858,1.547333002090454,1.5946669578552246,11331000.0,TSLA
2011-03-30,1.6073329448699951,1.6326669454574585,1.534000039100647,1.5806670188903809,18349500.0,TSLA
2011-03-31,1.7699999809265137,1.9140000343322754,1.7666670083999634,1.850000023841858,172767000.0,TSLA
2011-04-01,1.8300000429153442,1.8786669969558716,1.7713329792022705,1.7773330211639404,42972000.0,TSLA
2011-04-04,1.7886669635772705,1.7999999523162842,1.6820000410079956,1.722000002861023,39139500.0,TSLA
2011-04-05,1.726667046546936,1.7999999523162842,1.7126669883728027,1.7799999713897705,47713500.0,TSLA
2011-04-06,1.7993329763412476,1.8006670475006104,1.7200000286102295,1.7660000324249268,19324500.0,TSLA
2011-04-07,1.7899999618530273,1.8626669645309448,1.7633329629898071,1.815999984741211,42154500.0,TSLA
2011-04-08,1.8386670351028442,1.840000033378601,1.7573330402374268,1.7660000324249268,29196000.0,TSLA
2011-04-11,1.76466703414917,1.7686669826507568,1.6679999828338623,1.6846669912338257,20541000.0,TSLA
2011-04-12,1.6720000505447388,1.6806670427322388,1.6200000047683716,1.6433329582214355,20361000.0,TSLA
2011-04-13,1.675333023071289,1.7126669883728027,1.6540000438690186,1.6619999408721924,18172500.0,TSLA
2011-04-14,1.6579999923706055,1.685333013534546,1.613332986831665,1.6759999990463257,14751000.0,TSLA
2011-04-15,1.7100000381469727,1.745332956314087,1.694000005722046,1.7053329944610596,14152500.0,TSLA
2011-04-18,1.675333023071289,1.7079999446868896,1.6239999532699585,1.668666958808899,15508500.0,TSLA
2011-04-19,1.684000015258789,1.684000015258789,1.6433329582214355,1.6773329973220825,8230500.0,TSLA
2011-04-20,1.713333010673523,1.7393330335617065,1.6866669654846191,1.7166670560836792,12558000.0,TSLA
2011-04-21,1.7233330011367798,1.7986669540405273,1.7059999704360962,1.7826670408248901,20791500.0,TSLA
2011-04-25,1.7799999713897705,1.781999945640564,1.7313330173492432,1.7593330144882202,12013500.0,TSLA
2011-04-26,1.7773330211639404,1.8166669607162476,1.753999948501587,1.7953330278396606,21000000.0,TSLA
2011-04-27,1.7953330278396606,1.8240000009536743,1.775333046913147,1.8053330183029175,14953500.0,TSLA
2011-04-28,1.8046669960021973,1.8459999561309814,1.7813329696655273,1.843999981880188,24000000.0,TSLA
2011-04-29,1.8459999561309814,1.8580000400543213,1.8279999494552612,1.840000033378601,10890000.0,TSLA
2011-05-02,1.840000033378601,1.8533329963684082,1.8040000200271606,1.8300000429153442,11769000.0,TSLA
2011-05-03,1.8253329992294312,1.8259999752044678,1.7666670083999634,1.7913329601287842,13708500.0,TSLA
2011-05-04,1.7853330373764038,1.7999999523162842,1.7166670560836792,1.7793329954147339,15667500.0,TSLA
2011-05-05,1.8133330345153809,1.829332947731018,1.7446670532226562,1.762666940689087,18277500.0,TSLA
2011-05-06,1.7933330535888672,1.8466670513153076,1.7746670246124268,1.8079999685287476,14725500.0,TSLA
2011-05-09,1.7999999523162842,1.8666670322418213,1.7899999618530273,1.8606669902801514,13746000.0,TSLA
2011-05-10,1.8826669454574585,1.9299999475479126,1.8606669902801514,1.8886669874191284,23029500.0,TSLA
2011-05-11,1.8799999952316284,1.886667013168335,1.7946670055389404,1.8046669960021973,14437500.0,TSLA
2011-05-12,1.8046669960021973,1.8493330478668213,1.7766669988632202,1.8446669578552246,9420000.0,TSLA
2011-05-13,1.8666670322418213,1.8793330192565918,1.8200000524520874,1.8366669416427612,9922500.0,TSLA
2011-05-16,1.8660000562667847,1.8660000562667847,1.7699999809265137,1.773332953453064,11335500.0,TSLA
2011-05-17,1.7999999523162842,1.7999999523162842,1.7146669626235962,1.730666995048523,18513000.0,TSLA
2011-05-18,1.7400000095367432,1.76466703414917,1.7013330459594727,1.7566670179367065,10942500.0,TSLA
2011-05-19,1.8020000457763672,1.8960000276565552,1.773332953453064,1.8799999952316284,39826500.0,TSLA
2011-05-20,1.8839999437332153,1.8853329420089722,1.8233330249786377,1.8646670579910278,12637500.0,TSLA
2011-05-23,1.841333031654358,1.841333031654358,1.7746670246124268,1.7879999876022339,12954000.0,TSLA
2011-05-24,1.801332950592041,1.8333330154418945,1.773332953453064,1.7813329696655273,9205500.0,TSLA
2011-05-25,1.7933330535888672,1.934000015258789,1.7446670532226562,1.9320000410079956,70396500.0,TSLA
2011-05-26,1.9213329553604126,1.9839999675750732,1.8733329772949219,1.9653329849243164,50053500.0,TSLA
2011-05-27,1.9693330526351929,1.9780000448226929,1.9213329553604126,1.9700000286102295,25306500.0,TSLA
2011-05-31,1.9793330430984497,2.018666982650757,1.9700000286102295,2.0093328952789307,49357500.0,TSLA
2011-06-01,2.0,2.006666898727417,1.8919999599456787,1.901332974433899,22948500.0,TSLA
2011-06-02,1.901332974433899,1.9546669721603394,1.9006669521331787,1.9173330068588257,14794500.0,TSLA
2011-06-03,1.9966670274734497,2.0999999046325684,1.9666670560836792,2.0086669921875,93138000.0,TSLA
2011-06-06,2.006666898727417,2.0086669921875,1.8839999437332153,1.9133330583572388,34966500.0,TSLA
2011-06-07,1.929332971572876,1.9593329429626465,1.8839999437332153,1.891332983970642,18331500.0,TSLA
2011-06-08,1.8960000276565552,1.9066669940948486,1.801332950592041,1.8079999685287476,25438500.0,TSLA
2011-06-09,1.8286670446395874,1.8733329772949219,1.8066669702529907,1.841333031654358,24048000.0,TSLA
2011-06-10,1.8346669673919678,1.886667013168335,1.8233330249786377,1.8573329448699951,23499000.0,TSLA
2011-06-13,1.8713330030441284,1.925333023071289,1.858667016029358,1.8953330516815186,25701000.0,TSLA
2011-06-14,1.9026670455932617,1.9800000190734863,1.901332974433899,1.9066669940948486,23601000.0,TSLA
2011-06-15,1.8960000276565552,1.8966670036315918,1.8046669960021973,1.8213330507278442,20175000.0,TSLA
2011-06-16,1.8446669578552246,1.8666670322418213,1.715999960899353,1.7666670083999634,27633000.0,TSLA
2011-06-17,1.7913329601287842,1.8466670513153076,1.7426669597625732,1.7666670083999634,25710000.0,TSLA
2011-06-20,1.75266695022583,1.7640000581741333,1.7000000476837158,1.7339999675750732,23067000.0,TSLA
2011-06-21,1.7493330240249634,1.848667025566101,1.7333329916000366,1.835332989692688,22440000.0,TSLA
2011-06-22,1.824666976928711,1.8833329677581787,1.8066669702529907,1.8140000104904175,22134000.0,TSLA
2011-06-23,1.8133330345153809,1.8480000495910645,1.74733304977417,1.8473329544067383,17550000.0,TSLA
2011-06-24,1.8426669836044312,1.8646670579910278,1.8173329830169678,1.8380000591278076,54127500.0,TSLA
2011-06-27,1.848667025566101,1.8853329420089722,1.820667028427124,1.8306670188903809,27141000.0,TSLA
2011-06-28,1.852666974067688,1.8833329677581787,1.8446669578552246,1.8739999532699585,13338000.0,TSLA
2011-06-29,1.899999976158142,1.9393329620361328,1.8713330030441284,1.8860000371932983,21927000.0,TSLA
2011-06-30,1.899999976158142,1.9553329944610596,1.8933329582214355,1.9420000314712524,14200500.0,TSLA
2011-07-01,1.937999963760376,1.9733330011367798,1.9199999570846558,1.9346669912338257,12823500.0,TSLA
2011-07-05,1.9346669912338257,1.968000054359436,1.9140000343322754,1.942667007446289,14940000.0,TSLA
2011-07-06,1.942667007446289,1.942667007446289,1.9033329486846924,1.9306670427322388,13903500.0,TSLA
2011-07-07,1.942667007446289,2.0,1.934000015258789,1.9819999933242798,19918500.0,TSLA
2011-07-08,1.9926669597625732,1.9926669597625732,1.906000018119812,1.920667052268982,18609000.0,TSLA
2011-07-11,1.8933329582214355,1.9019999504089355,1.8666670322418213,1.8899999856948853,14637000.0,TSLA
2011-07-12,1.891332983970642,1.9393329620361328,1.8666670322418213,1.878000020980835,15681000.0,TSLA
2011-07-13,1.8953330516815186,1.935333013534546,1.8600000143051147,1.9093329906463623,15990000.0,TSLA
2011-07-14,1.9019999504089355,1.9306670427322388,1.8166669607162476,1.8406670093536377,17385000.0,TSLA
2011-07-15,1.852666974067688,1.8553329706192017,1.8266669511795044,1.8386670351028442,10635000.0,TSLA
2011-07-18,1.8226670026779175,1.8300000429153442,1.775333046913147,1.8153330087661743,12778500.0,TSLA
2011-07-19,1.8386670351028442,1.8739999532699585,1.8359999656677246,1.8593330383300781,15391500.0,TSLA
2011-07-20,1.8666670322418213,2.0293331146240234,1.8533329963684082,1.9126670360565186,45724500.0,TSLA
2011-07-21,1.9273329973220825,1.944000005722046,1.8733329772949219,1.9133330583572388,15172500.0,TSLA
2011-07-22,1.9133330583572388,1.9693330526351929,1.9033329486846924,1.952666997909546,8752500.0,TSLA
2011-07-25,1.934000015258789,1.9500000476837158,1.8960000276565552,1.8993330001831055,10099500.0,TSLA
2011-07-26,1.8873330354690552,1.9179999828338623,1.8646670579910278,1.8666670322418213,11409000.0,TSLA
2011-07-27,1.899999976158142,1.899999976158142,1.8339999914169312,1.8426669836044312,14377500.0,TSLA
2011-07-28,1.840000033378601,1.9033329486846924,1.8359999656677246,1.878000020980835,14080500.0,TSLA
2011-07-29,1.8533329963684082,1.8933329582214355,1.8333330154418945,1.878000020980835,14223000.0,TSLA
2011-08-01,1.9113329648971558,1.9320000410079956,1.880666971206665,1.9179999828338623,17473500.0,TSLA
2011-08-02,1.9126670360565186,1.946666955947876,1.8179999589920044,1.8226670026779175,23241000.0,TSLA
2011-08-03,1.8333330154418945,1.8553329706192017,1.75600004196167,1.8133330345153809,26917500.0,TSLA
2011-08-04,1.7673330307006836,1.792667031288147,1.6446670293807983,1.649999976158142,45967500.0,TSLA
2011-08-05,1.6660000085830688,1.6920000314712524,1.5219999551773071,1.6160000562667847,29466000.0,TSLA
2011-08-08,1.5399999618530273,1.6293330192565918,1.5399999618530273,1.5759999752044678,39127500.0,TSLA
2011-08-09,1.6100000143051147,1.696666955947876,1.5800000429153442,1.670667052268982,20001000.0,TSLA
2011-08-10,1.6959999799728394,1.6959999799728394,1.5753329992294312,1.5880000591278076,23463000.0,TSLA
2011-08-11,1.602666974067688,1.7166670560836792,1.600000023841858,1.6866669654846191,12547500.0,TSLA
2011-08-12,1.7066669464111328,1.8093329668045044,1.6906670331954956,1.753999948501587,15136500.0,TSLA
2011-08-15,1.7746670246124268,1.7833329439163208,1.7286670207977295,1.7486670017242432,11079000.0,TSLA
2011-08-16,1.7419999837875366,1.769333004951477,1.722000002861023,1.7400000095367432,8065500.0,TSLA
2011-08-17,1.7593330144882202,1.7766669988632202,1.7006670236587524,1.722000002861023,9655500.0,TSLA
2011-08-18,1.6666669845581055,1.6766669750213623,1.564666986465454,1.6173330545425415,15849000.0,TSLA
2011-08-19,1.5906670093536377,1.6146670579910278,1.4666670560836792,1.4866670370101929,20629500.0,TSLA
2011-08-22,1.5406670570373535,1.5866669416427612,1.4453330039978027,1.463333010673523,14791500.0,TSLA
2011-08-23,1.4620000123977661,1.5406670570373535,1.4333330392837524,1.5306669473648071,13035000.0,TSLA
2011-08-24,1.5399999618530273,1.5953329801559448,1.5219999551773071,1.591333031654358,10264500.0,TSLA
2011-08-25,1.591333031654358,1.591333031654358,1.5266669988632202,1.5406670570373535,10197000.0,TSLA
2011-08-26,1.5140000581741333,1.5966670513153076,1.4713330268859863,1.5820000171661377,11427000.0,TSLA
2011-08-29,1.6146670579910278,1.6566669940948486,1.6013330221176147,1.647333025932312,12051000.0,TSLA
2011-08-30,1.6333329677581787,1.651332974433899,1.6059999465942383,1.6419999599456787,5493000.0,TSLA
2011-08-31,1.6533329486846924,1.7000000476837158,1.6186670064926147,1.6493330001831055,12357000.0,TSLA
2011-09-01,1.6440000534057617,1.6579999923706055,1.5893330574035645,1.600000023841858,12721500.0,TSLA
2011-09-02,1.5773329734802246,1.5993330478668213,1.5119999647140503,1.5379999876022339,11548500.0,TSLA
2011-09-06,1.5,1.5466669797897339,1.4859999418258667,1.5293329954147339,12147000.0,TSLA
2011-09-07,1.5593329668045044,1.600000023841858,1.5520000457763672,1.5893330574035645,6888000.0,TSLA
2011-09-08,1.5720000267028809,1.6019999980926514,1.5520000457763672,1.5740000009536743,7585500.0,TSLA
2011-09-09,1.5579999685287476,1.5713330507278442,1.5033329725265503,1.5313329696655273,10039500.0,TSLA
2011-09-12,1.5,1.5540000200271606,1.4966670274734497,1.525333046913147,8499000.0,TSLA
2011-09-13,1.534000039100647,1.6066670417785645,1.5166670083999634,1.6053329706192017,10897500.0,TSLA
2011-09-14,1.6166670322418213,1.656000018119812,1.5859999656677246,1.6226669549942017,12462000.0,TSLA
2011-09-15,1.6386669874191284,1.6619999408721924,1.621999979019165,1.6546670198440552,8439000.0,TSLA
2011-09-16,1.6519999504089355,1.7226669788360596,1.6326669454574585,1.7200000286102295,21256500.0,TSLA
2011-09-19,1.6633330583572388,1.7206670045852661,1.5880000591278076,1.718000054359436,17361000.0,TSLA
2011-09-20,1.7319999933242798,1.773332953453064,1.7113330364227295,1.7339999675750732,17706000.0,TSLA
2011-09-21,1.7300000190734863,1.7966669797897339,1.713333010673523,1.7233330011367798,14814000.0,TSLA
2011-09-22,1.7093329429626465,1.7406669855117798,1.658666968345642,1.7086670398712158,11637000.0,TSLA
2011-09-23,1.6993329524993896,1.7746670246124268,1.690000057220459,1.7586669921875,17346000.0,TSLA
2011-09-26,1.7680000066757202,1.7680000066757202,1.659999966621399,1.7013330459594727,14022000.0,TSLA
2011-09-27,1.7333329916000366,1.7993329763412476,1.7046669721603394,1.746000051498413,10117500.0,TSLA
2011-09-28,1.7333329916000366,1.7666670083999634,1.6339999437332153,1.6393330097198486,10849500.0,TSLA
2011-09-29,1.7146669626235962,1.7213330268859863,1.5700000524520874,1.6080000400543213,13944000.0,TSLA
2011-09-30,1.6533329486846924,1.6593329906463623,1.565999984741211,1.6260000467300415,20041500.0,TSLA
2011-10-03,1.6633330583572388,1.6666669845581055,1.5499999523162842,1.5820000171661377,15348000.0,TSLA
2011-10-04,1.5526670217514038,1.6213330030441284,1.5286669731140137,1.5773329734802246,18004500.0,TSLA
2011-10-05,1.6019999980926514,1.7226669788360596,1.5566669702529907,1.6913330554962158,18442500.0,TSLA
2011-10-06,1.6913330554962158,1.840000033378601,1.6679999828338623,1.797333002090454,26536500.0,TSLA
2011-10-07,1.7986669540405273,1.840000033378601,1.7366670370101929,1.7993329763412476,19674000.0,TSLA
2011-10-10,1.820667028427124,1.8786669969558716,1.7999999523162842,1.858667016029358,13852500.0,TSLA
2011-10-11,1.8339999914169312,1.8513330221176147,1.805999994277954,1.8406670093536377,8635500.0,TSLA
2011-10-12,1.8166669607162476,1.8666670322418213,1.8133330345153809,1.8533329963684082,16851000.0,TSLA
2011-10-13,1.8420000076293945,1.8980000019073486,1.829332947731018,1.8626669645309448,15652500.0,TSLA
2011-10-14,1.8666670322418213,1.9033329486846924,1.8173329830169678,1.8700000047683716,21007500.0,TSLA
2011-10-17,1.8573329448699951,1.8666670322418213,1.8173329830169678,1.8279999494552612,11317500.0,TSLA
2011-10-18,1.8200000524520874,1.8953330516815186,1.7806669473648071,1.8893330097198486,14995500.0,TSLA
2011-10-19,1.8680000305175781,1.8706669807434082,1.8200000524520874,1.8380000591278076,11893500.0,TSLA
2011-10-20,1.829332947731018,1.831333041191101,1.7999999523162842,1.8226670026779175,14995500.0,TSLA
2011-10-21,1.8266669511795044,1.886667013168335,1.8006670475006104,1.8686670064926147,17139000.0,TSLA
2011-10-24,1.8580000400543213,1.9259999990463257,1.850000023841858,1.9033329486846924,14109000.0,TSLA
2011-10-25,1.8819999694824219,1.9240000247955322,1.8533329963684082,1.8833329677581787,9816000.0,TSLA
2011-10-26,1.8793330192565918,1.891332983970642,1.8266669511795044,1.8653329610824585,7657500.0,TSLA
2011-10-27,1.8893330097198486,1.9299999475479126,1.8739999532699585,1.9173330068588257,13041000.0,TSLA
2011-10-28,1.899999976158142,2.0,1.8673330545425415,1.9913330078125,18960000.0,TSLA
2011-10-31,1.9666670560836792,1.9673329591751099,1.9166669845581055,1.9579999446868896,17010000.0,TSLA
2011-11-01,1.8926670551300049,1.9279999732971191,1.8666670322418213,1.925333023071289,9528000.0,TSLA
2011-11-02,1.9333330392837524,1.9506670236587524,1.8833329677581787,1.9140000343322754,13129500.0,TSLA
2011-11-03,2.0,2.1659998893737793,1.9686670303344727,2.1640000343322754,37645500.0,TSLA
2011-11-04,2.0973329544067383,2.1600000858306885,2.0339999198913574,2.1540000438690186,45493500.0,TSLA
2011-11-07,2.109333038330078,2.1333329677581787,2.049999952316284,2.0846669673919678,18994500.0,TSLA
2011-11-08,2.0913329124450684,2.1333329677581787,2.0480000972747803,2.122667074203491,17518500.0,TSLA
2011-11-09,2.058000087738037,2.0993330478668213,2.0199999809265137,2.058666944503784,14305500.0,TSLA
2011-11-10,2.062666893005371,2.0999999046325684,2.043333053588867,2.0886669158935547,11209500.0,TSLA
2011-11-11,2.126667022705078,2.299999952316284,2.0380001068115234,2.2426669597625732,58024500.0,TSLA
2011-11-14,2.200000047683716,2.2360000610351562,2.1746668815612793,2.2146670818328857,19885500.0,TSLA
2011-11-15,2.194667100906372,2.293333053588867,2.181999921798706,2.26200008392334,13365000.0,TSLA
2011-11-16,2.2320001125335693,2.3333330154418945,2.2266669273376465,2.3293330669403076,27498000.0,TSLA
2011-11-17,2.299999952316284,2.326667070388794,2.2126669883728027,2.245332956314087,20239500.0,TSLA
2011-11-18,2.2426669597625732,2.2739999294281006,2.169332981109619,2.173332929611206,13542000.0,TSLA
2011-11-21,2.1626670360565186,2.1626670360565186,2.069999933242798,2.117332935333252,15474000.0,TSLA
2011-11-22,2.117332935333252,2.186000108718872,2.069999933242798,2.138000011444092,10989000.0,TSLA
2011-11-23,2.117332935333252,2.136667013168335,2.0833330154418945,2.0966670513153076,6777000.0,TSLA
2011-11-25,2.103332996368408,2.1606669425964355,2.072000026702881,2.1106669902801514,3594000.0,TSLA
2011-11-28,2.1333329677581787,2.2186670303344727,2.120666980743408,2.1706669330596924,10218000.0,TSLA
2011-11-29,2.1659998893737793,2.204667091369629,2.1086668968200684,2.1166670322418213,8866500.0,TSLA
2011-11-30,2.1666669845581055,2.1953330039978027,2.1480000019073486,2.1826670169830322,11404500.0,TSLA
2011-12-01,2.171333074569702,2.2660000324249268,2.131999969482422,2.173332929611206,15453000.0,TSLA
2011-12-02,2.188667058944702,2.246000051498413,2.1600000858306885,2.2200000286102295,12042000.0,TSLA
2011-12-05,2.23533296585083,2.3333330154418945,2.2286670207977295,2.2946670055389404,17401500.0,TSLA
2011-12-06,2.2799999713897705,2.3320000171661377,2.268666982650757,2.324666976928711,14277000.0,TSLA
2011-12-07,2.308666944503784,2.3259999752044678,2.25333309173584,2.2793331146240234,10114500.0,TSLA
2011-12-08,2.055999994277954,2.109999895095825,1.9739999771118164,2.059333086013794,49587000.0,TSLA
2011-12-09,2.0360000133514404,2.074666976928711,2.018666982650757,2.069333076477051,18592500.0,TSLA
2011-12-12,2.0293331146240234,2.041332960128784,2.001332998275757,2.0273330211639404,11380500.0,TSLA
2011-12-13,2.0380001068115234,2.062000036239624,1.9273329973220825,1.963333010673523,14911500.0,TSLA
2011-12-14,1.9666670560836792,1.9786670207977295,1.8666670322418213,1.9019999504089355,17458500.0,TSLA
2011-12-15,1.9113329648971558,1.9446669816970825,1.8746670484542847,1.9079999923706055,10504500.0,TSLA
2011-12-16,1.9193329811096191,1.9286669492721558,1.8653329610824585,1.8666670322418213,15445500.0,TSLA
2011-12-19,1.8726669549942017,1.899999976158142,1.824666976928711,1.850000023841858,14805000.0,TSLA
2011-12-20,1.8700000047683716,1.8966670036315918,1.8480000495910645,1.8600000143051147,12649500.0,TSLA
2011-12-21,1.8606669902801514,1.8713330030441284,1.73533296585083,1.8380000591278076,25582500.0,TSLA
2011-12-22,1.840000033378601,1.8700000047683716,1.8200000524520874,1.8513330221176147,15141000.0,TSLA
2011-12-23,1.8666670322418213,1.8666670322418213,1.8346669673919678,1.8600000143051147,8871000.0,TSLA
2011-12-27,1.843999981880188,1.9179999828338623,1.8426669836044312,1.9046670198440552,11662500.0,TSLA
2011-12-28,1.9326670169830322,1.9493329524993896,1.869333028793335,1.9006669521331787,8628000.0,TSLA
2011-12-29,1.906000018119812,1.9559999704360962,1.9033329486846924,1.9153330326080322,7323000.0,TSLA
2011-12-30,1.8993330001831055,1.9320000410079956,1.8833329677581787,1.9040000438690186,5097000.0,TSLA
2012-01-03,1.929332971572876,1.9666670560836792,1.8433330059051514,1.871999979019165,13921500.0,TSLA
2012-01-04,1.880666971206665,1.9113329648971558,1.8333330154418945,1.8473329544067383,9451500.0,TSLA
2012-01-05,1.8506669998168945,1.8619999885559082,1.7899999618530273,1.8079999685287476,15082500.0,TSLA
2012-01-06,1.8133330345153809,1.852666974067688,1.7606669664382935,1.7940000295639038,14794500.0,TSLA
2012-01-09,1.7999999523162842,1.8326669931411743,1.7413330078125,1.8166669607162476,13455000.0,TSLA
2012-01-10,1.829332947731018,1.8506669998168945,1.8166669607162476,1.841333031654358,10077000.0,TSLA
2012-01-11,1.841333031654358,1.8919999599456787,1.8200000524520874,1.8819999694824219,10084500.0,TSLA
2012-01-12,1.8986669778823853,1.9079999923706055,1.8539999723434448,1.8833329677581787,10939500.0,TSLA
2012-01-13,1.8933329582214355,1.899999976158142,1.5093330144882202,1.519333004951477,82506000.0,TSLA
2012-01-17,1.7746670246124268,1.8226670026779175,1.7606669664382935,1.773332953453064,69774000.0,TSLA
2012-01-18,1.7793329954147339,1.7920000553131104,1.75,1.7873330116271973,18903000.0,TSLA
2012-01-19,1.8126670122146606,1.8493330478668213,1.7740000486373901,1.784000039100647,18694500.0,TSLA
2012-01-20,1.7933330535888672,1.7999999523162842,1.7599999904632568,1.773332953453064,9934500.0,TSLA
2012-01-23,1.7873330116271973,1.8140000104904175,1.773332953453064,1.7846670150756836,8919000.0,TSLA
2012-01-24,1.775333046913147,1.8453329801559448,1.762666940689087,1.8279999494552612,12870000.0,TSLA
2012-01-25,1.8179999589920044,1.8673330545425415,1.803333044052124,1.8646670579910278,9168000.0,TSLA
2012-01-26,1.8713330030441284,1.972000002861023,1.8666670322418213,1.929332971572876,19066500.0,TSLA
2012-01-27,1.899999976158142,1.9813330173492432,1.899999976158142,1.9553329944610596,11226000.0,TSLA
2012-01-30,1.965999960899353,1.9739999771118164,1.9019999504089355,1.9713330268859863,10935000.0,TSLA
2012-01-31,1.9933329820632935,2.0,1.9246670007705688,1.937999963760376,14346000.0,TSLA
2012-02-01,1.937999963760376,1.9800000190734863,1.9333330392837524,1.972000002861023,7848000.0,TSLA
2012-02-02,1.9813330173492432,2.058666944503784,1.9739999771118164,2.016666889190674,12085500.0,TSLA
2012-02-03,2.0273330211639404,2.0886669158935547,2.016666889190674,2.076667070388794,11467500.0,TSLA
2012-02-06,2.0733330249786377,2.126667022705078,2.069999933242798,2.119999885559082,9781500.0,TSLA
2012-02-07,2.119999885559082,2.119999885559082,2.0546669960021973,2.1066670417785645,15324000.0,TSLA
2012-02-08,2.1066670417785645,2.134000062942505,2.0859999656677246,2.128667116165161,9355500.0,TSLA
2012-02-09,2.1333329677581787,2.1933329105377197,2.0953330993652344,2.171999931335449,19156500.0,TSLA
2012-02-10,2.1506669521331787,2.1513330936431885,1.9893330335617065,2.0733330249786377,28113000.0,TSLA
2012-02-13,2.103332996368408,2.1373329162597656,2.059999942779541,2.0993330478668213,17368500.0,TSLA
2012-02-14,2.115999937057495,2.25266695022583,2.0933330059051514,2.2113330364227295,27162000.0,TSLA
2012-02-15,2.206666946411133,2.2939999103546143,2.1513330936431885,2.240000009536743,41427000.0,TSLA
2012-02-16,2.233333110809326,2.3006670475006104,2.169332981109619,2.2786669731140137,33295500.0,TSLA
2012-02-17,2.2660000324249268,2.3313329219818115,2.233333110809326,2.3313329219818115,20650500.0,TSLA
2012-02-21,2.324666976928711,2.324666976928711,2.253999948501587,2.299999952316284,17037000.0,TSLA
2012-02-22,2.299999952316284,2.314666986465454,2.1666669845581055,2.2813329696655273,24819000.0,TSLA
2012-02-23,2.2660000324249268,2.3313329219818115,2.237333059310913,2.302000045776367,12306000.0,TSLA
2012-02-24,2.2820000648498535,2.301332950592041,2.2179999351501465,2.25,14398500.0,TSLA
2012-02-27,2.2273330688476562,2.266666889190674,2.200000047683716,2.2413330078125,9090000.0,TSLA
2012-02-28,2.2426669597625732,2.2960000038146973,2.2113330364227295,2.253999948501587,9183000.0,TSLA
2012-02-29,2.253999948501587,2.2746670246124268,2.2093329429626465,2.2273330688476562,8035500.0,TSLA
2012-03-01,2.2339999675750732,2.299999952316284,2.2206668853759766,2.2939999103546143,10552500.0,TSLA
2012-03-02,2.293333053588867,2.299999952316284,2.24733304977417,2.2693328857421875,8250000.0,TSLA
2012-03-05,2.2899999618530273,2.293333053588867,2.2306671142578125,2.251332998275757,7005000.0,TSLA
2012-03-06,2.2166669368743896,2.2186670303344727,2.1746668815612793,2.2073330879211426,8607000.0,TSLA
2012-03-07,2.2079999446868896,2.2206668853759766,2.194000005722046,2.2079999446868896,5473500.0,TSLA
2012-03-08,2.2073330879211426,2.2326669692993164,2.202666997909546,2.204667091369629,9499500.0,TSLA
2012-03-09,2.2133328914642334,2.3540000915527344,2.2133328914642334,2.315999984741211,23301000.0,TSLA
2012-03-12,2.312666893005371,2.419332981109619,2.3066670894622803,2.4006669521331787,29449500.0,TSLA
2012-03-13,2.434000015258789,2.439332962036133,2.3666670322418213,2.4059998989105225,15024000.0,TSLA
2012-03-14,2.4000000953674316,2.4000000953674316,2.319999933242798,2.3526670932769775,12772500.0,TSLA
2012-03-15,2.3519999980926514,2.365333080291748,2.318666934967041,2.3333330154418945,8574000.0,TSLA
2012-03-16,2.326667070388794,2.392667055130005,2.322000026702881,2.3546669483184814,10939500.0,TSLA
2012-03-19,2.3506669998168945,2.3546669483184814,2.3026669025421143,2.3320000171661377,15234000.0,TSLA
2012-03-20,2.3320000171661377,2.3466670513153076,2.3046669960021973,2.330667018890381,8505000.0,TSLA
2012-03-21,2.3293330669403076,2.353332996368408,2.3066670894622803,2.3433330059051514,9108000.0,TSLA
2012-03-22,2.3313329219818115,2.3433330059051514,2.2866671085357666,2.293333053588867,7836000.0,TSLA
2012-03-23,2.2839999198913574,2.308666944503784,2.2100000381469727,2.2720000743865967,17559000.0,TSLA
2012-03-26,2.372667074203491,2.5393331050872803,2.3359999656677246,2.493333101272583,47107500.0,TSLA
2012-03-27,2.4773330688476562,2.663332939147949,2.4686670303344727,2.5293331146240234,38088000.0,TSLA
2012-03-28,2.518666982650757,2.562666893005371,2.4739999771118164,2.5233330726623535,14325000.0,TSLA
2012-03-29,2.5460000038146973,2.5460000038146973,2.4686670303344727,2.4886670112609863,11946000.0,TSLA
2012-03-30,2.501332998275757,2.5293331146240234,2.4453330039978027,2.4826669692993164,13296000.0,TSLA
2012-04-02,2.4886670112609863,2.5313329696655273,2.435333013534546,2.438667058944702,15429000.0,TSLA
2012-04-03,2.446666955947876,2.564666986465454,2.444667100906372,2.5339999198913574,16471500.0,TSLA
2012-04-04,2.351332902908325,2.365999937057495,2.312666893005371,2.3333330154418945,67227000.0,TSLA
2012-04-05,2.3399999141693115,2.3626670837402344,2.2939999103546143,2.2986669540405273,22641000.0,TSLA
2012-04-09,2.2733330726623535,2.2860000133514404,2.206666946411133,2.2100000381469727,24835500.0,TSLA
2012-04-10,2.2100000381469727,2.256666898727417,2.140000104904175,2.1640000343322754,27715500.0,TSLA
2012-04-11,2.2160000801086426,2.2193329334259033,2.134000062942505,2.2060000896453857,16582500.0,TSLA
2012-04-12,2.251332998275757,2.2986669540405273,2.194667100906372,2.22933292388916,15508500.0,TSLA
2012-04-13,2.262666940689087,2.2693328857421875,2.190000057220459,2.239332914352417,9744000.0,TSLA
2012-04-16,2.2273330688476562,2.24666690826416,2.1393330097198486,2.1500000953674316,16494000.0,TSLA
2012-04-17,2.1619999408721924,2.204667091369629,2.135999917984009,2.1493330001831055,16732500.0,TSLA
2012-04-18,2.1393330097198486,2.183332920074463,2.1019999980926514,2.177333116531372,12346500.0,TSLA
2012-04-19,2.183332920074463,2.2286670207977295,2.1666669845581055,2.2106668949127197,11623500.0,TSLA
2012-04-20,2.2093329429626465,2.248667001724243,2.196000099182129,2.2106668949127197,12327000.0,TSLA
2012-04-23,2.190666913986206,2.197999954223633,2.114000082015991,2.129333019256592,13362000.0,TSLA
2012-04-24,2.121332883834839,2.146667003631592,2.066667079925537,2.121332883834839,10117500.0,TSLA
2012-04-25,2.138000011444092,2.1993329524993896,2.138000011444092,2.194000005722046,10683000.0,TSLA
2012-04-26,2.1973330974578857,2.2346670627593994,2.194000005722046,2.2326669692993164,6379500.0,TSLA
2012-04-27,2.240000009536743,2.242000102996826,2.194000005722046,2.2226669788360596,8865000.0,TSLA
2012-04-30,2.2179999351501465,2.2239999771118164,2.171999931335449,2.208667039871216,6208500.0,TSLA
2012-05-01,2.208667039871216,2.2806670665740967,2.208667039871216,2.252000093460083,9885000.0,TSLA
2012-05-02,2.233333110809326,2.2926669120788574,2.2260000705718994,2.262666940689087,7459500.0,TSLA
2012-05-03,2.260667085647583,2.266666889190674,2.1419999599456787,2.1640000343322754,12619500.0,TSLA
2012-05-04,2.1546669006347656,2.1640000343322754,2.0933330059051514,2.121999979019165,18712500.0,TSLA
2012-05-07,2.130666971206665,2.171999931335449,2.107332944869995,2.1646668910980225,17370000.0,TSLA
2012-05-08,2.1666669845581055,2.181999921798706,1.9579999446868896,2.012666940689087,46458000.0,TSLA
2012-05-09,2.0199999809265137,2.051332950592041,1.9839999675750732,2.003999948501587,29218500.0,TSLA
2012-05-10,2.197999954223633,2.312000036239624,2.1600000858306885,2.1973330974578857,83344500.0,TSLA
2012-05-11,2.1659998893737793,2.22933292388916,2.1440000534057617,2.1500000953674316,18319500.0,TSLA
2012-05-14,2.128000020980835,2.1419999599456787,2.00333309173584,2.003999948501587,20713500.0,TSLA
2012-05-15,2.0173330307006836,2.063999891281128,1.9479999542236328,1.9620000123977661,23785500.0,TSLA
2012-05-16,1.972000002861023,2.01200008392334,1.925333023071289,1.9453330039978027,18856500.0,TSLA
2012-05-17,1.9533330202102661,1.9859999418258667,1.8826669454574585,1.9046670198440552,17235000.0,TSLA
2012-05-18,1.891332983970642,1.897333025932312,1.7886669635772705,1.8373329639434814,24247500.0,TSLA
2012-05-21,1.8386670351028442,1.9506670236587524,1.8079999685287476,1.9179999828338623,22128000.0,TSLA
2012-05-22,2.006666898727417,2.0893330574035645,2.0,2.053333044052124,35493000.0,TSLA
2012-05-23,2.0373330116271973,2.069999933242798,1.9666670560836792,2.068000078201294,18306000.0,TSLA
2012-05-24,2.0833330154418945,2.0833330154418945,1.9793330430984497,2.018666982650757,16134000.0,TSLA
2012-05-25,2.010667085647583,2.0273330211639404,1.946666955947876,1.987333059310913,11355000.0,TSLA
2012-05-29,2.000667095184326,2.128667116165161,2.000667095184326,2.1126670837402344,24750000.0,TSLA
2012-05-30,2.072000026702881,2.0946669578552246,2.0160000324249268,2.0273330211639404,19608000.0,TSLA
2012-05-31,2.004667043685913,2.0193328857421875,1.9166669845581055,1.9666670560836792,16780500.0,TSLA
2012-06-01,1.9019999504089355,1.944000005722046,1.8506669998168945,1.8766670227050781,13287000.0,TSLA
2012-06-04,1.8686670064926147,1.8940000534057617,1.807332992553711,1.858667016029358,15463500.0,TSLA
2012-06-05,1.8559999465942383,1.8926670551300049,1.8373329639434814,1.8606669902801514,9463500.0,TSLA
2012-06-06,1.8799999952316284,1.963333010673523,1.8760000467300415,1.9479999542236328,13648500.0,TSLA
2012-06-07,1.987333059310913,1.9913330078125,1.9233330488204956,1.9286669492721558,7381500.0,TSLA
2012-06-08,1.9240000247955322,2.012666940689087,1.8766670227050781,2.0053329467773438,13216500.0,TSLA
2012-06-11,2.02066707611084,2.066667079925537,1.9306670427322388,1.9413330554962158,9540000.0,TSLA
2012-06-12,1.948667049407959,1.9893330335617065,1.920667052268982,1.9773329496383667,8535000.0,TSLA
2012-06-13,1.9700000286102295,2.0426669120788574,1.9646669626235962,1.9846669435501099,12661500.0,TSLA
2012-06-14,2.01200008392334,2.043333053588867,1.9079999923706055,1.9593329429626465,13083000.0,TSLA
2012-06-15,1.9593329429626465,1.9966670274734497,1.920667052268982,1.99399995803833,9702000.0,TSLA
2012-06-18,1.996000051498413,2.1553330421447754,1.9666670560836792,2.122667074203491,18852000.0,TSLA
2012-06-19,2.134666919708252,2.177333116531372,2.0999999046325684,2.1393330097198486,13666500.0,TSLA
2012-06-20,2.233333110809326,2.299999952316284,2.2139999866485596,2.252000093460083,51336000.0,TSLA
2012-06-21,2.2839999198913574,2.2853329181671143,2.122667074203491,2.1459999084472656,28378500.0,TSLA
2012-06-22,2.173332929611206,2.2653329372406006,2.1640000343322754,2.25266695022583,45699000.0,TSLA
2012-06-25,2.262666940689087,2.2746670246124268,2.183332920074463,2.2073330879211426,22477500.0,TSLA
2012-06-26,2.136667013168335,2.1566669940948486,2.0926671028137207,2.107332944869995,39208500.0,TSLA
2012-06-27,2.126667022705078,2.163332939147949,2.1046669483184814,2.130666971206665,15708000.0,TSLA
2012-06-28,2.126667022705078,2.140666961669922,2.041332960128784,2.0940001010894775,13711500.0,TSLA
2012-06-29,2.186666965484619,2.186666965484619,2.066667079925537,2.0859999656677246,16887000.0,TSLA
2012-07-02,2.0899999141693115,2.119999885559082,2.012666940689087,2.0266671180725098,19734000.0,TSLA
2012-07-03,2.0399999618530273,2.066667079925537,2.0266671180725098,2.0439999103546143,14205000.0,TSLA
2012-07-05,2.053999900817871,2.111332893371582,2.053333044052124,2.0820000171661377,18807000.0,TSLA
2012-07-06,2.065999984741211,2.115333080291748,2.053333044052124,2.065999984741211,11767500.0,TSLA
2012-07-09,2.062666893005371,2.121999979019165,2.0446670055389404,2.0993330478668213,13657500.0,TSLA
2012-07-10,2.1026670932769775,2.1653330326080322,2.059333086013794,2.0846669673919678,11376000.0,TSLA
2012-07-11,2.1046669483184814,2.111999988555908,2.0673329830169678,2.1006669998168945,9579000.0,TSLA
2012-07-12,2.0859999656677246,2.200666904449463,2.053333044052124,2.180000066757202,16885500.0,TSLA
2012-07-13,2.197999954223633,2.293333053588867,2.188667058944702,2.2833330631256104,19572000.0,TSLA
2012-07-16,2.2880001068115234,2.4000000953674316,2.259999990463257,2.3973329067230225,26160000.0,TSLA
2012-07-17,2.3333330154418945,2.3473329544067383,2.1586670875549316,2.2233328819274902,38539500.0,TSLA
2012-07-18,2.0946669578552246,2.2446670532226562,2.070667028427124,2.1433329582214355,43228500.0,TSLA
2012-07-19,2.181333065032959,2.2100000381469727,2.135999917984009,2.1513330936431885,21538500.0,TSLA
2012-07-20,2.138000011444092,2.1500000953674316,2.0833330154418945,2.119333028793335,23527500.0,TSLA
2012-07-23,2.069999933242798,2.086667060852051,2.041332960128784,2.0439999103546143,20802000.0,TSLA
2012-07-24,2.0439999103546143,2.069333076477051,1.974666953086853,1.9893330335617065,22504500.0,TSLA
2012-07-25,1.9946670532226562,1.9986670017242432,1.9166669845581055,1.9299999475479126,42633000.0,TSLA
2012-07-26,1.9933329820632935,2.0,1.8426669836044312,1.8753329515457153,33934500.0,TSLA
2012-07-27,1.9140000343322754,1.9773329496383667,1.8733329772949219,1.9673329591751099,25095000.0,TSLA
2012-07-30,1.9673329591751099,2.016666889190674,1.8140000104904175,1.8233330249786377,30978000.0,TSLA
2012-07-31,1.8359999656677246,1.8646670579910278,1.8233330249786377,1.8279999494552612,23626500.0,TSLA
2012-08-01,1.8660000562667847,1.8660000562667847,1.73533296585083,1.75,23884500.0,TSLA
2012-08-02,1.7893329858779907,1.7899999618530273,1.7013330459594727,1.7400000095367432,19576500.0,TSLA
2012-08-03,1.7933330535888672,1.8366669416427612,1.7826670408248901,1.8179999589920044,18142500.0,TSLA
2012-08-06,1.8366669416427612,1.9133330583572388,1.8366669416427612,1.8846670389175415,22923000.0,TSLA
2012-08-07,1.9179999828338623,2.059999942779541,1.899999976158142,2.016666889190674,35808000.0,TSLA
2012-08-08,1.9933329820632935,2.0,1.906000018119812,1.9393329620361328,19633500.0,TSLA
2012-08-09,1.968000054359436,2.0,1.9420000314712524,1.9606670141220093,10089000.0,TSLA
2012-08-10,1.9539999961853027,1.996000051498413,1.9539999961853027,1.996000051498413,10611000.0,TSLA
2012-08-13,1.9793330430984497,2.086667060852051,1.940000057220459,2.078000068664551,13051500.0,TSLA
2012-08-14,2.049999952316284,2.078000068664551,1.9506670236587524,1.9613330364227295,11901000.0,TSLA
2012-08-15,1.9593329429626465,1.9800000190734863,1.920667052268982,1.9600000381469727,7881000.0,TSLA
2012-08-16,1.9686670303344727,2.0260000228881836,1.9666670560836792,2.0199999809265137,10035000.0,TSLA
2012-08-17,2.0193328857421875,2.047333002090454,1.9986670017242432,2.000667095184326,7623000.0,TSLA
2012-08-20,2.009999990463257,2.0260000228881836,1.940000057220459,1.9673329591751099,17686500.0,TSLA
2012-08-21,1.972000002861023,2.0,1.9333330392837524,1.9406670331954956,11424000.0,TSLA
2012-08-22,1.934000015258789,2.00266695022583,1.934000015258789,1.9966670274734497,11632500.0,TSLA
2012-08-23,2.0,2.0566670894622803,1.976667046546936,2.0486669540405273,22065000.0,TSLA
2012-08-24,2.003999948501587,2.0160000324249268,1.9606670141220093,1.9666670560836792,21441000.0,TSLA
2012-08-27,1.9713330268859863,1.9800000190734863,1.878000020980835,1.8880000114440918,20256000.0,TSLA
2012-08-28,1.8933329582214355,1.9586670398712158,1.8666670322418213,1.9126670360565186,21040500.0,TSLA
2012-08-29,1.8993330001831055,1.9093329906463623,1.8680000305175781,1.8940000534057617,12583500.0,TSLA
2012-08-30,1.9066669940948486,1.9160000085830688,1.8733329772949219,1.8940000534057617,9846000.0,TSLA
2012-08-31,1.9073330163955688,1.9226670265197754,1.8799999952316284,1.901332974433899,8097000.0,TSLA
2012-09-04,1.901332974433899,1.9326670169830322,1.8600000143051147,1.8760000467300415,11287500.0,TSLA
2012-09-05,1.8673330545425415,1.899999976158142,1.8539999723434448,1.8626669645309448,9589500.0,TSLA
2012-09-06,1.8666670322418213,1.9266669750213623,1.8600000143051147,1.9033329486846924,12625500.0,TSLA
2012-09-07,1.9033329486846924,1.9713330268859863,1.899999976158142,1.9566669464111328,14298000.0,TSLA
2012-09-10,1.946666955947876,1.9566669464111328,1.8200000524520874,1.824666976928711,22249500.0,TSLA
2012-09-11,1.8506669998168945,1.8773330450057983,1.8266669511795044,1.8533329963684082,15223500.0,TSLA
2012-09-12,1.8600000143051147,1.9053330421447754,1.8533329963684082,1.8853329420089722,17178000.0,TSLA
2012-09-13,1.9046670198440552,1.9666670560836792,1.8986669778823853,1.9653329849243164,22270500.0,TSLA
2012-09-14,2.0,2.043333053588867,1.976667046546936,2.0260000228881836,23049000.0,TSLA
2012-09-17,2.1566669940948486,2.185333013534546,2.1006669998168945,2.169332981109619,48192000.0,TSLA
2012-09-18,2.125333070755005,2.126667022705078,2.045332908630371,2.0893330574035645,26827500.0,TSLA
2012-09-19,2.066667079925537,2.115999937057495,2.062666893005371,2.069999933242798,15727500.0,TSLA
2012-09-20,2.062000036239624,2.0999999046325684,2.045332908630371,2.059999942779541,13686000.0,TSLA
2012-09-21,2.0733330249786377,2.0993330478668213,1.9693330526351929,2.001332998275757,28050000.0,TSLA
2012-09-24,1.9673329591751099,2.068666934967041,1.9600000381469727,2.0439999103546143,19528500.0,TSLA
2012-09-25,1.9079999923706055,1.9653329849243164,1.835332989692688,1.843999981880188,85206000.0,TSLA
2012-09-26,1.843999981880188,1.8933329582214355,1.8320000171661377,1.8359999656677246,22908000.0,TSLA
2012-09-27,1.8546669483184814,1.9026670455932617,1.840000033378601,1.8993330001831055,26379000.0,TSLA
2012-09-28,1.9153330326080322,1.9926669597625732,1.9073330163955688,1.9520000219345093,65151000.0,TSLA
2012-10-01,1.9666670560836792,1.9926669597625732,1.9333330392837524,1.944000005722046,13266000.0,TSLA
2012-10-02,1.9520000219345093,1.9926669597625732,1.9333330392837524,1.9866670370101929,10935000.0,TSLA
2012-10-03,1.9833329916000366,1.9966670274734497,1.9493329524993896,1.9533330202102661,15792000.0,TSLA
2012-10-04,2.0,2.006666898727417,1.909999966621399,1.9600000381469727,23119500.0,TSLA
2012-10-05,1.9800000190734863,1.987333059310913,1.9119999408721924,1.9259999990463257,14079000.0,TSLA
2012-10-08,1.9240000247955322,1.9600000381469727,1.9073330163955688,1.9500000476837158,13345500.0,TSLA
2012-10-09,1.9413330554962158,1.9413330554962158,1.8833329677581787,1.891332983970642,17895000.0,TSLA
2012-10-10,1.8926670551300049,1.914667010307312,1.8673330545425415,1.8933329582214355,7554000.0,TSLA
2012-10-11,1.929332971572876,1.9320000410079956,1.8833329677581787,1.8880000114440918,6759000.0,TSLA
2012-10-12,1.8880000114440918,1.9153330326080322,1.8333330154418945,1.8426669836044312,14814000.0,TSLA
2012-10-15,1.8680000305175781,1.8700000047683716,1.7906670570373535,1.8220000267028809,22030500.0,TSLA
2012-10-16,1.8446669578552246,1.8726669549942017,1.8226670026779175,1.8706669807434082,7189500.0,TSLA
2012-10-17,1.8833329677581787,1.9226670265197754,1.8533329963684082,1.9213329553604126,10020000.0,TSLA
2012-10-18,1.9326670169830322,1.9326670169830322,1.8519999980926514,1.869333028793335,11115000.0,TSLA
2012-10-19,1.8553329706192017,1.8799999952316284,1.8200000524520874,1.8493330478668213,15411000.0,TSLA
2012-10-22,1.8660000562667847,1.8666670322418213,1.8240000009536743,1.8566670417785645,7053000.0,TSLA
2012-10-23,1.8253329992294312,1.9040000438690186,1.824666976928711,1.8926670551300049,11235000.0,TSLA
2012-10-24,1.901332974433899,1.901332974433899,1.8166669607162476,1.8279999494552612,15246000.0,TSLA
2012-10-25,1.8533329963684082,1.8533329963684082,1.8300000429153442,1.8346669673919678,8665500.0,TSLA
2012-10-26,1.835332989692688,1.8533329963684082,1.801332950592041,1.8253329992294312,7161000.0,TSLA
2012-10-31,1.8466670513153076,1.8899999856948853,1.824666976928711,1.8753329515457153,11628000.0,TSLA
2012-11-01,1.8833329677581787,1.965999960899353,1.8799999952316284,1.9500000476837158,15361500.0,TSLA
2012-11-02,1.9513330459594727,1.9700000286102295,1.9033329486846924,1.9279999732971191,15454500.0,TSLA
2012-11-05,1.9866670370101929,2.105333089828491,1.9553329944610596,2.0999999046325684,30733500.0,TSLA
2012-11-06,2.0406670570373535,2.0799999237060547,1.9966670274734497,2.076667070388794,34860000.0,TSLA
2012-11-07,2.066667079925537,2.136667013168335,2.053999900817871,2.1026670932769775,25717500.0,TSLA
2012-11-08,2.0673329830169678,2.125333070755005,2.062666893005371,2.0873329639434814,19110000.0,TSLA
2012-11-09,2.0399999618530273,2.062000036239624,1.9900000095367432,2.0213329792022705,12945000.0,TSLA
2012-11-12,2.0193328857421875,2.0946669578552246,2.010667085647583,2.0713329315185547,8338500.0,TSLA
2012-11-13,2.0859999656677246,2.1333329677581787,2.0480000972747803,2.107332944869995,14974500.0,TSLA
2012-11-14,2.130666971206665,2.1413331031799316,2.0799999237060547,2.0920000076293945,13069500.0,TSLA
2012-11-15,2.086667060852051,2.0959999561309814,2.0333330631256104,2.0546669960021973,14760000.0,TSLA
2012-11-16,2.076667070388794,2.1333329677581787,2.0393331050872803,2.122667074203491,13630500.0,TSLA
2012-11-19,2.138000011444092,2.2166669368743896,2.122667074203491,2.194667100906372,20886000.0,TSLA
2012-11-20,2.186666965484619,2.206666946411133,2.127332925796509,2.200000047683716,13837500.0,TSLA
2012-11-21,2.1740000247955322,2.231333017349243,2.1526670455932617,2.1646668910980225,14448000.0,TSLA
2012-11-23,2.173332929611206,2.188667058944702,2.113332986831665,2.1419999599456787,6454500.0,TSLA
2012-11-26,2.140000104904175,2.1533329486846924,2.1080000400543213,2.1513330936431885,7437000.0,TSLA
2012-11-27,2.1419999599456787,2.177333116531372,2.101332902908325,2.1433329582214355,13662000.0,TSLA
2012-11-28,2.1333329677581787,2.2860000133514404,2.127332925796509,2.2153329849243164,22878000.0,TSLA
2012-11-29,2.22933292388916,2.266666889190674,2.191333055496216,2.246000051498413,16551000.0,TSLA
2012-11-30,2.242000102996826,2.2853329181671143,2.200666904449463,2.254667043685913,21304500.0,TSLA
2012-12-03,2.2593328952789307,2.3333330154418945,2.233333110809326,2.308000087738037,31285500.0,TSLA
2012-12-04,2.2720000743865967,2.319999933242798,2.2366669178009033,2.259999990463257,18949500.0,TSLA
2012-12-05,2.254667043685913,2.2793331146240234,2.2386670112609863,2.24733304977417,9922500.0,TSLA
2012-12-06,2.254667043685913,2.319999933242798,2.233333110809326,2.259999990463257,9906000.0,TSLA
2012-12-07,2.2866671085357666,2.299333095550537,2.256666898727417,2.2780001163482666,9966000.0,TSLA
2012-12-10,2.295332908630371,2.319999933242798,2.2786669731140137,2.3046669960021973,13947000.0,TSLA
2012-12-11,2.3066670894622803,2.3666670322418213,2.297333002090454,2.3519999980926514,23589000.0,TSLA
2012-12-12,2.3473329544067383,2.386667013168335,2.3299999237060547,2.3506669998168945,30957000.0,TSLA
2012-12-13,2.3506669998168945,2.353332996368408,2.183332920074463,2.2406671047210693,32269500.0,TSLA
2012-12-14,2.252000093460083,2.293333053588867,2.239332914352417,2.253999948501587,15345000.0,TSLA
2012-12-17,2.251332998275757,2.299999952316284,2.25,2.293333053588867,12373500.0,TSLA
2012-12-18,2.2839999198913574,2.3380000591278076,2.2839999198913574,2.305999994277954,23308500.0,TSLA
2012-12-19,2.316667079925537,2.3506669998168945,2.301332950592041,2.307332992553711,19482000.0,TSLA
2012-12-20,2.3006670475006104,2.319333076477051,2.2699999809265137,2.295332908630371,13818000.0,TSLA
2012-12-21,2.262666940689087,2.2780001163482666,2.2386670112609863,2.266666889190674,22386000.0,TSLA
2012-12-24,2.2426669597625732,2.2899999618530273,2.2366669178009033,2.2853329181671143,5637000.0,TSLA
2012-12-26,2.2639999389648438,2.299999952316284,2.233333110809326,2.239332914352417,9021000.0,TSLA
2012-12-27,2.233333110809326,2.260667085647583,2.200000047683716,2.246000051498413,8416500.0,TSLA
2012-12-28,2.2253329753875732,2.243333101272583,2.2013330459594727,2.2146670818328857,6211500.0,TSLA
2012-12-31,2.200000047683716,2.26466703414917,2.200000047683716,2.257999897003174,8923500.0,TSLA
2013-01-02,2.3333330154418945,2.363332986831665,2.313999891281128,2.357332944869995,17922000.0,TSLA
2013-01-03,2.3453330993652344,2.363332986831665,2.316667079925537,2.318000078201294,11130000.0,TSLA
2013-01-04,2.319999933242798,2.319999933242798,2.2613329887390137,2.293333053588867,10110000.0,TSLA
2013-01-07,2.319999933242798,2.319999933242798,2.259999990463257,2.2893331050872803,6630000.0,TSLA
2013-01-08,2.299999952316284,2.299999952316284,2.2073330879211426,2.245332956314087,19260000.0,TSLA
2013-01-09,2.2673330307006836,2.2793331146240234,2.2266669273376465,2.2426669597625732,10470000.0,TSLA
2013-01-10,2.257999897003174,2.2660000324249268,2.2253329753875732,2.23533296585083,13837500.0,TSLA
2013-01-11,2.2693328857421875,2.2693328857421875,2.140666961669922,2.194000005722046,23448000.0,TSLA
2013-01-14,2.2053329944610596,2.2253329753875732,2.190000057220459,2.2173330783843994,13876500.0,TSLA
2013-01-15,2.2073330879211426,2.2833330631256104,2.2053329944610596,2.259999990463257,24363000.0,TSLA
2013-01-16,2.256666898727417,2.2820000648498535,2.248667001724243,2.2733330726623535,20673000.0,TSLA
2013-01-17,2.2773330211639404,2.3233330249786377,2.2613329887390137,2.2920000553131104,21550500.0,TSLA
2013-01-18,2.315999984741211,2.318666934967041,2.254667043685913,2.301332950592041,53326500.0,TSLA
2013-01-22,2.303999900817871,2.369999885559082,2.2839999198913574,2.3459999561309814,28803000.0,TSLA
2013-01-23,2.3346669673919678,2.4159998893737793,2.330667018890381,2.4000000953674316,23464500.0,TSLA
2013-01-24,2.4000000953674316,2.51466703414917,2.3893330097198486,2.4660000801086426,29556000.0,TSLA
2013-01-25,2.4666669368743896,2.50266695022583,2.4533329010009766,2.4653329849243164,19317000.0,TSLA
2013-01-28,2.4573330879211426,2.580667018890381,2.4573330879211426,2.5353329181671143,29790000.0,TSLA
2013-01-29,2.5399999618530273,2.562666893005371,2.4753329753875732,2.5299999713897705,21399000.0,TSLA
2013-01-30,2.5233330726623535,2.5333330631256104,2.495332956314087,2.501332998275757,14521500.0,TSLA
2013-01-31,2.5246670246124268,2.5246670246124268,2.4619998931884766,2.500667095184326,13521000.0,TSLA
2013-02-01,2.5446670055389404,2.566667079925537,2.507999897003174,2.553333044052124,16509000.0,TSLA
2013-02-04,2.559999942779541,2.561332941055298,2.50600004196167,2.5160000324249268,16920000.0,TSLA
2013-02-05,2.5333330631256104,2.576667070388794,2.51200008392334,2.5420000553131104,19653000.0,TSLA
2013-02-06,2.545332908630371,2.625999927520752,2.5266671180725098,2.611332893371582,28398000.0,TSLA
2013-02-07,2.6126670837402344,2.6453330516815186,2.5966670513153076,2.631999969482422,17949000.0,TSLA
2013-02-08,2.630000114440918,2.6666669845581055,2.609333038330078,2.615999937057495,17097000.0,TSLA
2013-02-11,2.5320000648498535,2.609999895095825,2.5,2.561332941055298,48994500.0,TSLA
2013-02-12,2.563333034515381,2.5913329124450684,2.4860000610351562,2.5260000228881836,33919500.0,TSLA
2013-02-13,2.553333044052124,2.5999999046325684,2.5366671085357666,2.563333034515381,14502000.0,TSLA
2013-02-14,2.5759999752044678,2.5833330154418945,2.547333002090454,2.551332950592041,14860500.0,TSLA
2013-02-15,2.566667079925537,2.5673329830169678,2.4633328914642334,2.4693329334259033,30264000.0,TSLA
2013-02-19,2.4906671047210693,2.619333028793335,2.487333059310913,2.618666887283325,40521000.0,TSLA
2013-02-20,2.619999885559082,2.6433329582214355,2.563999891281128,2.569333076477051,46830000.0,TSLA
2013-02-21,2.4326670169830322,2.4926669597625732,2.3026669025421143,2.3440001010894775,135567000.0,TSLA
2013-02-22,2.381333112716675,2.4260001182556152,2.373332977294922,2.4073328971862793,38209500.0,TSLA
2013-02-25,2.4100000858306885,2.450000047683716,2.2893331050872803,2.2920000553131104,43341000.0,TSLA
2013-02-26,2.297333002090454,2.330667018890381,2.25333309173584,2.295332908630371,41443500.0,TSLA
2013-02-27,2.2939999103546143,2.3606669902801514,2.293333053588867,2.3399999141693115,29388000.0,TSLA
2013-02-28,2.392667055130005,2.4066669940948486,2.291332960128784,2.322000026702881,29473500.0,TSLA
2013-03-01,2.3333330154418945,2.3386669158935547,2.2833330631256104,2.309999942779541,23199000.0,TSLA
2013-03-04,2.318000078201294,2.388667106628418,2.313333034515381,2.371999979019165,26365500.0,TSLA
2013-03-05,2.4000000953674316,2.4613330364227295,2.385999917984009,2.4433329105377197,31305000.0,TSLA
2013-03-06,2.4673330783843994,2.5253329277038574,2.4646670818328857,2.512666940689087,17250000.0,TSLA
2013-03-07,2.5153329372406006,2.576667070388794,2.458667039871216,2.5486669540405273,17374500.0,TSLA
2013-03-08,2.5373330116271973,2.629333019256592,2.4906671047210693,2.564666986465454,13681500.0,TSLA
2013-03-11,2.5913329124450684,2.629333019256592,2.576667070388794,2.6066670417785645,23692500.0,TSLA
2013-03-12,2.5933330059051514,2.625333070755005,2.5899999141693115,2.6080000400543213,19126500.0,TSLA
2013-03-13,2.5999999046325684,2.632667064666748,2.5873329639434814,2.5986669063568115,12330000.0,TSLA
2013-03-14,2.5933330059051514,2.5940001010894775,2.4513330459594727,2.456666946411133,30315000.0,TSLA
2013-03-15,2.442667007446289,2.4433329105377197,2.3473329544067383,2.3526670932769775,49194000.0,TSLA
2013-03-18,2.353332996368408,2.4040000438690186,2.328000068664551,2.3433330059051514,19741500.0,TSLA
2013-03-19,2.3499999046325684,2.373332977294922,2.3293330669403076,2.3386669158935547,16477500.0,TSLA
2013-03-20,2.3506669998168945,2.4046669006347656,2.3440001010894775,2.396667003631592,21345000.0,TSLA
2013-03-21,2.396667003631592,2.4706668853759766,2.382667064666748,2.4006669521331787,17194500.0,TSLA
2013-03-22,2.413332939147949,2.4533329010009766,2.413332939147949,2.441333055496216,6603000.0,TSLA
2013-03-25,2.4733328819274902,2.568000078201294,2.4513330459594727,2.502000093460083,35682000.0,TSLA
2013-03-26,2.5320000648498535,2.5480000972747803,2.510667085647583,2.5239999294281006,27123000.0,TSLA
2013-03-27,2.5293331146240234,2.558666944503784,2.487333059310913,2.5439999103546143,19444500.0,TSLA
2013-03-28,2.5486669540405273,2.549333095550537,2.516666889190674,2.5260000228881836,17380500.0,TSLA
2013-04-01,2.8239998817443848,3.111999988555908,2.7799999713897705,2.9286670684814453,211477500.0,TSLA
2013-04-02,2.9066669940948486,3.0333330631256104,2.9006669521331787,2.9560000896453857,99786000.0,TSLA
2013-04-03,2.873332977294922,2.8980000019073486,2.680666923522949,2.740000009536743,84654000.0,TSLA
2013-04-04,2.7406671047210693,2.816667079925537,2.7206668853759766,2.8006670475006104,33972000.0,TSLA
2013-04-05,2.799999952316284,2.799999952316284,2.700000047683716,2.757999897003174,23286000.0,TSLA
2013-04-08,2.7980000972747803,2.836667060852051,2.7673330307006836,2.7886669635772705,25185000.0,TSLA
2013-04-09,2.7866671085357666,2.7886669635772705,2.688667058944702,2.700000047683716,25441500.0,TSLA
2013-04-10,2.7133328914642334,2.8006670475006104,2.7073330879211426,2.7906670570373535,31816500.0,TSLA
2013-04-11,2.803999900817871,2.9700000286102295,2.7833330631256104,2.9059998989105225,51711000.0,TSLA
2013-04-12,2.8833329677581787,3.0093328952789307,2.869999885559082,2.9166669845581055,47241000.0,TSLA
2013-04-15,2.9000000953674316,2.9200000762939453,2.8340001106262207,2.886667013168335,25221000.0,TSLA
2013-04-16,2.946000099182129,3.0759999752044678,2.927333116531372,3.0393331050872803,47706000.0,TSLA
2013-04-17,3.0333330631256104,3.063333034515381,2.9693329334259033,3.0299999713897705,31777500.0,TSLA
2013-04-18,3.0653328895568848,3.173332929611206,3.0260000228881836,3.131333112716675,50518500.0,TSLA
2013-04-19,3.1640000343322754,3.3253331184387207,3.138000011444092,3.188667058944702,45175500.0,TSLA
2013-04-22,3.240000009536743,3.3466670513153076,3.183332920074463,3.3459999561309814,59091000.0,TSLA
2013-04-23,3.4000000953674316,3.5280001163482666,3.377332925796509,3.4006669521331787,56007000.0,TSLA
2013-04-24,3.3933329582214355,3.4033329486846924,3.2653329372406006,3.361999988555908,39450000.0,TSLA
2013-04-25,3.3666670322418213,3.493333101272583,3.3666670322418213,3.4666669368743896,41938500.0,TSLA
2013-04-26,3.5420000553131104,3.582667112350464,3.374666929244995,3.413332939147949,54331500.0,TSLA
2013-04-29,3.450666904449463,3.6659998893737793,3.413332939147949,3.6626670360565186,54595500.0,TSLA
2013-04-30,3.733333110809326,3.878667116165161,3.5840001106262207,3.5993330478668213,82839000.0,TSLA
2013-05-01,3.7326669692993164,3.7326669692993164,3.5333330631256104,3.552000045776367,41142000.0,TSLA
2013-05-02,3.5899999141693115,3.6846671104431152,3.5799999237060547,3.607332944869995,45756000.0,TSLA
2013-05-03,3.76466703414917,3.76466703414917,3.6333329677581787,3.636667013168335,50680500.0,TSLA
2013-05-06,3.7593328952789307,3.9773330688476562,3.700000047683716,3.9666669368743896,65500500.0,TSLA
2013-05-07,4.133333206176758,4.1579999923706055,3.6746668815612793,3.700666904449463,149865000.0,TSLA
2013-05-08,3.8333330154418945,3.880000114440918,3.7139999866485596,3.7193329334259033,101548500.0,TSLA
2013-05-09,4.674666881561279,5.051332950592041,4.245999813079834,4.626667022705078,429075000.0,TSLA
2013-05-10,4.6433329582214355,5.400000095367432,4.616666793823242,5.117332935333252,376239000.0,TSLA
2013-05-13,5.3993330001831055,5.866666793823242,5.27666711807251,5.853332996368408,336253500.0,TSLA
2013-05-14,6.281332969665527,6.474667072296143,5.409999847412109,5.549333095550537,557458500.0,TSLA
2013-05-15,5.453332901000977,5.791999816894531,5.207333087921143,5.656000137329102,253180500.0,TSLA
2013-05-16,6.313333034515381,6.3333330154418945,5.9106669425964355,6.150000095367432,324210000.0,TSLA
2013-05-17,6.1666669845581055,6.296000003814697,5.8333330154418945,6.099999904632568,285033000.0,TSLA
2013-05-20,6.074666976928711,6.1666669845581055,5.908667087554932,5.995999813079834,125226000.0,TSLA
2013-05-21,5.900000095367432,5.999332904815674,5.685332775115967,5.8393330574035645,134973000.0,TSLA
2013-05-22,5.757999897003174,6.064000129699707,5.699999809265137,5.815999984741211,128520000.0,TSLA
2013-05-23,5.6539998054504395,6.200666904449463,5.5366668701171875,6.182000160217285,180333000.0,TSLA
2013-05-24,6.173333168029785,6.53000020980835,6.133333206176758,6.4720001220703125,241863000.0,TSLA
2013-05-28,6.769999980926514,7.383333206176758,6.686666965484619,7.355332851409912,295378500.0,TSLA
2013-05-29,7.570000171661377,7.659999847412109,6.599999904632568,6.975333213806152,376492500.0,TSLA
2013-05-30,6.830667018890381,7.302667140960693,6.74666690826416,6.99666690826416,242005500.0,TSLA
2013-05-31,7.084000110626221,7.0960001945495605,6.51533317565918,6.517333030700684,227580000.0,TSLA
2013-06-03,6.507999897003174,6.507999897003174,5.883333206176758,6.172667026519775,287094000.0,TSLA
2013-06-04,6.183332920074463,6.427999973297119,6.159999847412109,6.322667121887207,132841500.0,TSLA
2013-06-05,6.24399995803833,6.531332969665527,5.940667152404785,6.357999801635742,183372000.0,TSLA
2013-06-06,6.349999904632568,6.618000030517578,6.340666770935059,6.489999771118164,142663500.0,TSLA
2013-06-07,6.533332824707031,6.860000133514404,6.446667194366455,6.802667140960693,160674000.0,TSLA
2013-06-10,6.595333099365234,6.834667205810547,6.571332931518555,6.670000076293945,138429000.0,TSLA
2013-06-11,6.545332908630371,6.578667163848877,6.269999980926514,6.297999858856201,110910000.0,TSLA
2013-06-12,6.453332901000977,6.698667049407959,6.383333206176758,6.51533317565918,137890500.0,TSLA
2013-06-13,6.599999904632568,6.618667125701904,6.341332912445068,6.545332908630371,89424000.0,TSLA
2013-06-14,6.6666669845581055,6.834667205810547,6.622000217437744,6.686666965484619,98470500.0,TSLA
2013-06-17,6.906667232513428,6.983333110809326,6.74666690826416,6.813333034515381,105993000.0,TSLA
2013-06-18,6.783332824707031,6.932000160217285,6.613333225250244,6.892666816711426,131929500.0,TSLA
2013-06-19,6.803999900817871,7.111332893371582,6.800666809082031,6.97866678237915,128683500.0,TSLA
2013-06-20,6.9766669273376465,7.142000198364258,6.630000114440918,6.710000038146973,151597500.0,TSLA
2013-06-21,6.913332939147949,6.913332939147949,6.5,6.636666774749756,175779000.0,TSLA
2013-06-24,6.433332920074463,6.857999801635742,6.353332996368408,6.765999794006348,106797000.0,TSLA
2013-06-25,6.873332977294922,6.946667194366455,6.703332901000977,6.826666831970215,87730500.0,TSLA
2013-06-26,6.920000076293945,7.058000087738037,6.843999862670898,7.047999858856201,99039000.0,TSLA
2013-06-27,7.116666793823242,7.349999904632568,7.075333118438721,7.283332824707031,131173500.0,TSLA
2013-06-28,7.23799991607666,7.296000003814697,7.113999843597412,7.157332897186279,86229000.0,TSLA
2013-07-01,7.2906670570373535,7.851333141326904,7.27666711807251,7.811999797821045,163554000.0,TSLA
2013-07-02,7.883333206176758,8.12600040435791,7.699999809265137,7.8546671867370605,180961500.0,TSLA
2013-07-03,7.866666793823242,7.949999809265137,7.618000030517578,7.682666778564453,72100500.0,TSLA
2013-07-05,7.888000011444092,8.018667221069336,7.7133331298828125,8.005999565124512,102280500.0,TSLA
2013-07-08,8.091333389282227,8.145333290100098,7.921332836151123,8.107333183288574,117213000.0,TSLA
2013-07-09,8.309332847595215,8.354666709899902,8.12733268737793,8.229999542236328,129049500.0,TSLA
2013-07-10,8.212667465209961,8.216667175292969,8.052666664123535,8.15133285522461,84001500.0,TSLA
2013-07-11,8.325332641601562,8.406000137329102,8.15666675567627,8.37399959564209,112254000.0,TSLA
2013-07-12,8.366666793823242,8.662667274475098,8.300666809082031,8.65999984741211,170160000.0,TSLA
2013-07-15,8.868666648864746,8.883999824523926,8.454667091369629,8.484000205993652,148836000.0,TSLA
2013-07-16,8.41866683959961,8.421333312988281,7.1533331871032715,7.269999980926514,485578500.0,TSLA
2013-07-17,7.101333141326904,8.107999801635742,6.966667175292969,8.016667366027832,390435000.0,TSLA
2013-07-18,8.064666748046875,8.182000160217285,7.745333194732666,7.935332775115967,170971500.0,TSLA
2013-07-19,7.900000095367432,8.036666870117188,7.767333030700684,7.97866678237915,88354500.0,TSLA
2013-07-22,7.992667198181152,8.445332527160645,7.992000102996826,8.161999702453613,146967000.0,TSLA
2013-07-23,8.266667366027832,8.370667457580566,8.121333122253418,8.182666778564453,116046000.0,TSLA
2013-07-24,8.29800033569336,8.300000190734863,7.970666885375977,8.113332748413086,103035000.0,TSLA
2013-07-25,8.026666641235352,8.316666603088379,8.012666702270508,8.271332740783691,79264500.0,TSLA
2013-07-26,8.542667388916016,8.711999893188477,8.440667152404785,8.62600040435791,144496500.0,TSLA
2013-07-29,8.621333122253418,9.024666786193848,8.550000190734863,8.974666595458984,145183500.0,TSLA
2013-07-30,8.986666679382324,9.166000366210938,8.545332908630371,8.78266716003418,196905000.0,TSLA
2013-07-31,8.838000297546387,8.998000144958496,8.763333320617676,8.95199966430664,95275500.0,TSLA
2013-08-01,9.0,9.101332664489746,8.842000007629395,9.036666870117188,79854000.0,TSLA
2013-08-02,8.97266674041748,9.216667175292969,8.907333374023438,9.199999809265137,94048500.0,TSLA
2013-08-05,9.333999633789062,9.659333229064941,9.3100004196167,9.645333290100098,153010500.0,TSLA
2013-08-06,9.649999618530273,9.715332984924316,9.40666675567627,9.476667404174805,138817500.0,TSLA
2013-08-07,9.459333419799805,9.463333129882812,8.824000358581543,8.9486665725708,273183000.0,TSLA
2013-08-08,10.289999961853027,10.592000007629395,10.030667304992676,10.232000350952148,408702000.0,TSLA
2013-08-09,10.15999984741211,10.396666526794434,10.083333015441895,10.199999809265137,133915500.0,TSLA
2013-08-12,9.961999893188477,10.033332824707031,9.470000267028809,9.825332641601562,223683000.0,TSLA
2013-08-13,9.966667175292969,9.989333152770996,9.630000114440918,9.695332527160645,131233500.0,TSLA
2013-08-14,9.514666557312012,9.656000137329102,9.203332901000977,9.290666580200195,175407000.0,TSLA
2013-08-15,9.095333099365234,9.573332786560059,9.0,9.311332702636719,152688000.0,TSLA
2013-08-16,9.442000389099121,9.593999862670898,9.39799976348877,9.466667175292969,106621500.0,TSLA
2013-08-19,9.562000274658203,9.825332641601562,9.522000312805176,9.65999984741211,120565500.0,TSLA
2013-08-20,9.90999984741211,9.985333442687988,9.800000190734863,9.972000122070312,96273000.0,TSLA
2013-08-21,10.0,10.02066707611084,9.75,9.857333183288574,93994500.0,TSLA
2013-08-22,9.947999954223633,10.498666763305664,9.87600040435791,10.473333358764648,158886000.0,TSLA
2013-08-23,10.466667175292969,10.819999694824219,10.333333015441895,10.78933334350586,193978500.0,TSLA
2013-08-26,11.010000228881836,11.533332824707031,10.683333396911621,10.947999954223633,362566500.0,TSLA
2013-08-27,10.819999694824219,11.25333309173584,10.729999542236328,11.133999824523926,263503500.0,TSLA
2013-08-28,11.27066707611084,11.433333396911621,10.883333206176758,11.096667289733887,221101500.0,TSLA
2013-08-29,10.947999954223633,11.183333396911621,10.833999633789062,11.070667266845703,141540000.0,TSLA
2013-08-30,11.091333389282227,11.280667304992676,10.93066692352295,11.266667366027832,165426000.0,TSLA
2013-09-03,11.5600004196167,11.579999923706055,11.09333324432373,11.262666702270508,180916500.0,TSLA
2013-09-04,11.317999839782715,11.441332817077637,11.037332534790039,11.374667167663574,172135500.0,TSLA
2013-09-05,11.34000015258789,11.433333396911621,11.216667175292969,11.328666687011719,100279500.0,TSLA
2013-09-06,11.23799991607666,11.313332557678223,11.010000228881836,11.131333351135254,129295500.0,TSLA
2013-09-09,10.874667167663574,10.966667175292969,10.567333221435547,10.713333129882812,215167500.0,TSLA
2013-09-10,10.763333320617676,11.166666984558105,10.708666801452637,11.091333389282227,134517000.0,TSLA
2013-09-11,11.093999862670898,11.19333267211914,10.808667182922363,10.90133285522461,87487500.0,TSLA
2013-09-12,10.933333396911621,11.11733341217041,10.700667381286621,10.995332717895508,92400000.0,TSLA
2013-09-13,10.851332664489746,11.091333389282227,10.810667037963867,11.03600025177002,81018000.0,TSLA
2013-09-16,11.199999809265137,11.390000343322754,11.05666732788086,11.10533332824707,113623500.0,TSLA
2013-09-17,11.005332946777344,11.227999687194824,10.890666961669922,11.081999778747559,82453500.0,TSLA
2013-09-18,11.137999534606934,11.16333293914795,10.946666717529297,11.08133316040039,81595500.0,TSLA
2013-09-19,11.386667251586914,12.031332969665527,11.272000312805176,11.861332893371582,233919000.0,TSLA
2013-09-20,11.926667213439941,12.388667106628418,11.904000282287598,12.22599983215332,201025500.0,TSLA
2013-09-23,12.298666954040527,12.36533260345459,11.807332992553711,12.074000358581543,122601000.0,TSLA
2013-09-24,11.942667007446289,12.330666542053223,11.84333324432373,12.155332565307617,94101000.0,TSLA
2013-09-25,12.237333297729492,12.420000076293945,12.033332824707031,12.349332809448242,123790500.0,TSLA
2013-09-26,12.446666717529297,12.645333290100098,12.37399959564209,12.576000213623047,99216000.0,TSLA
2013-09-27,12.501333236694336,12.751999855041504,12.428667068481445,12.726667404174805,88746000.0,TSLA
2013-09-30,12.600000381469727,12.966667175292969,12.533332824707031,12.891332626342773,133870500.0,TSLA
2013-10-01,12.93066692352295,12.9486665725708,12.557999610900879,12.866666793823242,116338500.0,TSLA
2013-10-02,12.572667121887207,12.788666725158691,11.69333267211914,12.063332557678223,311631000.0,TSLA
2013-10-03,11.670000076293945,11.97933292388916,11.199999809265137,11.553999900817871,357247500.0,TSLA
2013-10-04,11.760000228881836,12.078666687011719,11.510000228881836,12.065333366394043,216210000.0,TSLA
2013-10-07,12.163999557495117,12.4486665725708,12.017333030700684,12.204667091369629,172284000.0,TSLA
2013-10-08,12.293333053588867,12.395333290100098,11.547332763671875,11.648667335510254,206358000.0,TSLA
2013-10-09,11.648667335510254,11.666000366210938,10.766667366027832,11.251999855041504,229747500.0,TSLA
2013-10-10,11.53933334350586,11.716667175292969,11.312666893005371,11.528667449951172,133258500.0,TSLA
2013-10-11,11.516667366027832,11.952667236328125,11.41333293914795,11.91333293914795,124666500.0,TSLA
2013-10-14,11.666666984558105,12.166666984558105,11.609999656677246,11.981332778930664,116544000.0,TSLA
2013-10-15,12.35200023651123,12.586000442504883,12.211999893188477,12.262666702270508,164677500.0,TSLA
2013-10-16,12.326666831970215,12.486666679382324,12.13933277130127,12.237333297729492,123081000.0,TSLA
2013-10-17,12.236000061035156,12.319999694824219,12.065999984741211,12.186667442321777,100575000.0,TSLA
2013-10-18,12.276666641235352,12.397333145141602,12.168000221252441,12.226667404174805,88962000.0,TSLA
2013-10-21,12.218667030334473,12.22599983215332,11.399999618530273,11.506667137145996,172981500.0,TSLA
2013-10-22,11.366666793823242,11.85200023651123,11.074000358581543,11.435999870300293,170800500.0,TSLA
2013-10-23,11.260666847229004,11.454000473022461,10.676667213439941,10.966667175292969,199806000.0,TSLA
2013-10-24,11.0,11.633333206176758,10.85533332824707,11.543333053588867,162385500.0,TSLA
2013-10-25,11.61400032043457,11.633333206176758,11.119999885559082,11.310667037963867,113932500.0,TSLA
2013-10-28,11.345333099365234,11.366666793823242,10.813332557678223,10.857333183288574,117625500.0,TSLA
2013-10-29,10.850666999816895,11.029999732971191,10.199999809265137,10.964667320251465,211675500.0,TSLA
2013-10-30,10.975333213806152,11.178667068481445,10.54466724395752,10.614666938781738,126027000.0,TSLA
2013-10-31,10.378000259399414,10.829333305358887,10.220000267028809,10.662667274475098,140007000.0,TSLA
2013-11-01,10.866666793823242,11.0600004196167,10.694000244140625,10.811332702636719,107709000.0,TSLA
2013-11-04,11.0,11.692667007446289,10.947999954223633,11.680000305175781,196806000.0,TSLA
2013-11-05,12.0,12.095333099365234,11.423999786376953,11.787332534790039,337006500.0,TSLA
2013-11-06,10.320667266845703,10.715332984924316,9.756667137145996,10.077333450317383,466075500.0,TSLA
2013-11-07,9.612667083740234,9.710000038146973,9.174667358398438,9.317999839782715,334270500.0,TSLA
2013-11-08,9.09866714477539,9.373332977294922,8.821332931518555,9.196666717529297,337168500.0,TSLA
2013-11-11,9.399999618530273,9.694666862487793,9.140000343322754,9.646666526794434,209964000.0,TSLA
2013-11-12,9.645999908447266,9.646666526794434,9.078666687011719,9.186667442321777,224778000.0,TSLA
2013-11-13,9.38933277130127,9.4913330078125,9.089332580566406,9.24666690826416,189874500.0,TSLA
2013-11-14,9.261333465576172,9.359999656677246,8.940667152404785,9.173333168029785,183055500.0,TSLA
2013-11-15,9.123332977294922,9.196666717529297,8.956666946411133,9.029999732971191,148503000.0,TSLA
2013-11-18,9.017999649047852,9.029999732971191,7.973999977111816,8.10533332824707,347073000.0,TSLA
2013-11-19,7.961999893188477,8.600000381469727,7.947999954223633,8.406000137329102,297243000.0,TSLA
2013-11-20,8.405332565307617,8.49666690826416,7.937333106994629,8.074000358581543,207744000.0,TSLA
2013-11-21,8.192667007446289,8.31933307647705,8.016667366027832,8.140000343322754,178557000.0,TSLA
2013-11-22,8.10533332824707,8.183333396911621,7.861999988555908,8.092000007629395,166450500.0,TSLA
2013-11-25,8.300000190734863,8.38933277130127,8.020000457763672,8.055999755859375,154009500.0,TSLA
2013-11-26,7.958666801452637,8.1813325881958,7.739999771118164,8.033332824707031,208282500.0,TSLA
2013-11-27,8.087332725524902,8.463333129882812,7.9679999351501465,8.462667465209961,185514000.0,TSLA
2013-11-29,8.65133285522461,8.706000328063965,8.465332984924316,8.485333442687988,145743000.0,TSLA
2013-12-02,8.423333168029785,8.569999694824219,8.26200008392334,8.277999877929688,116268000.0,TSLA
2013-12-03,8.845333099365234,9.662667274475098,8.772666931152344,9.646666526794434,385236000.0,TSLA
2013-12-04,9.621333122253418,9.628666877746582,9.142000198364258,9.263333320617676,197215500.0,TSLA
2013-12-05,9.34333324432373,9.55666732788086,9.300000190734863,9.36533260345459,139326000.0,TSLA
2013-12-06,9.434000015258789,9.499333381652832,9.08666706085205,9.157333374023438,118644000.0,TSLA
2013-12-09,9.133333206176758,9.446666717529297,8.947333335876465,9.4399995803833,135922500.0,TSLA
2013-12-10,9.33666706085205,9.724666595458984,9.324000358581543,9.47933292388916,161223000.0,TSLA
2013-12-11,9.458666801452637,9.536666870117188,9.299332618713379,9.3100004196167,107067000.0,TSLA
2013-12-12,9.313332557678223,9.88266658782959,9.235333442687988,9.83133316040039,161517000.0,TSLA
2013-12-13,9.869999885559082,10.119999885559082,9.821332931518555,9.84333324432373,158878500.0,TSLA
2013-12-16,9.898667335510254,10.028667449951172,9.739999771118164,9.862667083740234,100129500.0,TSLA
2013-12-17,9.838666915893555,10.308667182922363,9.754667282104492,10.163999557495117,157425000.0,TSLA
2013-12-18,10.149333000183105,10.326666831970215,9.729999542236328,9.86533260345459,173728500.0,TSLA
2013-12-19,9.793333053588867,9.800000190734863,9.273332595825195,9.381333351135254,191100000.0,TSLA
2013-12-20,9.438667297363281,9.623332977294922,9.438667297363281,9.549332618713379,111189000.0,TSLA
2013-12-23,9.65666675567627,9.749333381652832,9.506667137145996,9.569999694824219,80782500.0,TSLA
2013-12-24,10.0,10.33133316040039,9.98799991607666,10.093999862670898,149122500.0,TSLA
2013-12-26,10.336000442504883,10.533332824707031,10.28600025177002,10.366666793823242,106942500.0,TSLA
2013-12-27,10.353333473205566,10.366666793823242,10.053333282470703,10.074666976928711,81903000.0,TSLA
2013-12-30,10.074666976928711,10.320667266845703,10.050000190734863,10.162667274475098,67012500.0,TSLA
2013-12-31,10.154666900634766,10.213333129882812,9.910667419433594,10.028667449951172,63936000.0,TSLA
2014-01-02,9.986666679382324,10.165332794189453,9.770000457763672,10.006667137145996,92826000.0,TSLA
2014-01-03,10.0,10.145999908447266,9.90666675567627,9.970666885375977,70425000.0,TSLA
2014-01-06,10.0,10.026666641235352,9.682666778564453,9.800000190734863,80416500.0,TSLA
2014-01-07,9.841333389282227,10.026666641235352,9.683333396911621,9.957332611083984,75511500.0,TSLA
2014-01-08,9.923333168029785,10.24666690826416,9.917332649230957,10.085332870483398,92448000.0,TSLA
2014-01-09,10.166666984558105,10.228667259216309,9.789999961853027,9.835332870483398,80730000.0,TSLA
2014-01-10,9.897333145141602,9.926667213439941,9.483332633972168,9.714667320251465,111691500.0,TSLA
2014-01-13,9.718667030334473,9.800000190734863,9.187999725341797,9.28933334350586,94741500.0,TSLA
2014-01-14,9.366666793823242,10.800000190734863,9.111332893371582,10.751333236694336,414105000.0,TSLA
2014-01-15,11.229999542236328,11.482000350952148,10.80666732788086,10.942000389099121,306984000.0,TSLA
2014-01-16,10.833333015441895,11.513333320617676,10.826666831970215,11.39799976348877,179391000.0,TSLA
2014-01-17,11.345999717712402,11.546667098999023,11.196666717529297,11.333999633789062,138093000.0,TSLA
2014-01-21,11.416000366210938,11.81933307647705,11.387332916259766,11.778667449951172,146020500.0,TSLA
2014-01-22,11.854000091552734,12.021332740783691,11.650667190551758,11.904000282287598,105339000.0,TSLA
2014-01-23,11.815333366394043,12.158666610717773,11.561332702636719,12.100000381469727,118011000.0,TSLA
2014-01-24,11.856666564941406,12.031999588012695,11.5686674118042,11.640000343322754,114964500.0,TSLA
2014-01-27,11.677332878112793,11.861332893371582,10.980667114257812,11.307999610900879,130746000.0,TSLA
2014-01-28,11.433333396911621,11.932000160217285,11.399999618530273,11.892000198364258,91401000.0,TSLA
2014-01-29,11.686667442321777,11.939332962036133,11.541999816894531,11.682000160217285,89032500.0,TSLA
2014-01-30,11.866666793823242,12.3186674118042,11.800666809082031,12.189332962036133,128475000.0,TSLA
2014-01-31,11.923333168029785,12.399999618530273,11.900667190551758,12.093999862670898,97632000.0,TSLA
2014-02-03,12.192667007446289,12.325332641601562,11.677332878112793,11.807332992553711,101473500.0,TSLA
2014-02-04,12.046667098999023,12.106666564941406,11.74666690826416,11.915332794189453,70294500.0,TSLA
2014-02-05,11.886667251586914,12.03933334350586,11.290666580200195,11.628000259399414,109020000.0,TSLA
2014-02-06,11.75333309173584,12.007332801818848,11.733332633972168,11.892000198364258,87624000.0,TSLA
2014-02-07,12.067333221435547,12.442000389099121,11.973333358764648,12.435333251953125,133927500.0,TSLA
2014-02-10,12.62266731262207,13.286666870117188,12.621333122253418,13.104000091552734,194560500.0,TSLA
2014-02-11,13.264666557312012,13.479999542236328,12.846667289733887,13.107999801635742,160648500.0,TSLA
2014-02-12,13.052000045776367,13.218000411987305,12.954667091369629,13.021332740783691,77605500.0,TSLA
2014-02-13,12.88933277130127,13.514666557312012,12.883333206176758,13.308667182922363,120439500.0,TSLA
2014-02-14,13.206666946411133,13.458666801452637,13.133333206176758,13.215332984924316,92370000.0,TSLA
2014-02-18,13.682666778564453,13.733332633972168,13.423999786376953,13.579999923706055,139992000.0,TSLA
2014-02-19,13.579999923706055,13.579999923706055,12.894000053405762,12.909333229064941,242535000.0,TSLA
2014-02-20,14.333999633789062,14.347332954406738,13.751333236694336,13.998000144958496,270034500.0,TSLA
2014-02-21,14.109333038330078,14.26533317565918,13.946000099182129,13.973333358764648,117282000.0,TSLA
2014-02-24,13.917332649230957,14.557332992553711,13.887999534606934,14.510000228881836,124176000.0,TSLA
2014-02-25,15.333333015441895,17.280000686645508,15.229999542236328,16.53333282470703,490225500.0,TSLA
2014-02-26,17.238666534423828,17.666667938232422,16.5,16.866666793823242,369069000.0,TSLA
2014-02-27,17.416667938232422,17.459999084472656,16.55533218383789,16.836000442504883,269187000.0,TSLA
2014-02-28,16.643333435058594,16.845333099365234,16.170000076293945,16.320667266845703,218847000.0,TSLA
2014-03-03,15.817333221435547,16.77666664123535,15.666000366210938,16.70400047302246,196339500.0,TSLA
2014-03-04,17.23200035095215,17.333332061767578,16.85533332824707,16.98933219909668,131184000.0,TSLA
2014-03-05,17.114667892456055,17.132667541503906,16.786666870117188,16.8439998626709,89035500.0,TSLA
2014-03-06,16.94266700744629,17.166667938232422,16.6299991607666,16.862667083740234,110416500.0,TSLA
2014-03-07,16.862667083740234,16.989999771118164,16.29400062561035,16.413999557495117,117184500.0,TSLA
2014-03-10,16.18000030517578,16.200000762939453,15.737333297729492,15.922666549682617,115921500.0,TSLA
2014-03-11,15.766667366027832,16.30666732788086,15.495332717895508,15.62733268737793,132151500.0,TSLA
2014-03-12,15.433333396911621,16.5,15.407333374023438,16.099332809448242,146316000.0,TSLA
2014-03-13,16.252666473388672,16.279333114624023,15.600000381469727,15.852666854858398,93544500.0,TSLA
2014-03-14,15.685999870300293,15.795999526977539,15.221332550048828,15.39799976348877,124345500.0,TSLA
2014-03-17,15.66333293914795,15.862000465393066,15.366666793823242,15.59866714477539,88689000.0,TSLA
2014-03-18,15.796667098999023,16.100000381469727,15.668000221252441,16.002666473388672,93634500.0,TSLA
2014-03-19,16.092666625976562,16.10333251953125,15.567333221435547,15.72266674041748,76069500.0,TSLA
2014-03-20,15.744000434875488,15.949999809265137,15.557332992553711,15.660667419433594,57268500.0,TSLA
2014-03-21,15.73466682434082,15.74666690826416,15.166666984558105,15.259332656860352,123253500.0,TSLA
2014-03-24,15.316666603088379,15.326666831970215,14.017999649047852,14.678000450134277,169932000.0,TSLA
2014-03-25,14.942667007446289,15.136667251586914,14.526666641235352,14.696000099182129,117981000.0,TSLA
2014-03-26,14.796667098999023,14.84000015258789,14.09000015258789,14.197333335876465,103609500.0,TSLA
2014-03-27,14.157999992370605,14.239999771118164,13.533332824707031,13.821332931518555,142435500.0,TSLA
2014-03-28,14.186667442321777,14.447999954223633,14.017999649047852,14.157999992370605,145272000.0,TSLA
2014-03-31,14.433333396911621,14.449999809265137,13.759332656860352,13.896666526794434,125700000.0,TSLA
2014-04-01,13.934666633605957,14.543999671936035,13.905332565307617,14.464667320251465,110571000.0,TSLA
2014-04-02,14.666666984558105,15.392666816711426,14.536666870117188,15.352666854858398,161734500.0,TSLA
2014-04-03,15.353333473205566,15.715332984924316,14.800000190734863,15.026666641235352,163855500.0,TSLA
2014-04-04,15.067333221435547,15.218000411987305,14.083333015441895,14.148667335510254,170184000.0,TSLA
2014-04-07,13.720666885375977,14.41333293914795,13.567333221435547,13.834667205810547,147832500.0,TSLA
2014-04-08,14.00333309173584,14.432666778564453,13.761333465576172,14.36400032043457,103339500.0,TSLA
2014-04-09,14.450667381286621,14.563332557678223,14.059332847595215,14.461999893188477,77368500.0,TSLA
2014-04-10,14.454667091369629,14.5,13.586000442504883,13.612667083740234,108172500.0,TSLA
2014-04-11,13.37399959564209,13.800000190734863,13.239999771118164,13.585332870483398,136008000.0,TSLA
2014-04-14,13.84000015258789,13.895999908447266,12.96066665649414,13.206000328063965,115545000.0,TSLA
2014-04-15,13.272666931152344,13.28600025177002,12.288000106811523,12.927332878112793,204889500.0,TSLA
2014-04-16,13.133333206176758,13.332667350769043,12.721332550048828,13.27400016784668,108033000.0,TSLA
2014-04-17,13.307332992553711,13.486000061035156,12.938667297363281,13.208000183105469,88902000.0,TSLA
2014-04-21,13.138667106628418,13.74666690826416,12.933333396911621,13.625332832336426,78873000.0,TSLA
2014-04-22,13.757332801818848,14.621999740600586,13.667332649230957,14.576000213623047,147070500.0,TSLA
2014-04-23,14.42199993133545,14.449333190917969,13.800000190734863,13.866000175476074,109434000.0,TSLA
2014-04-24,14.053999900817871,14.186667442321777,13.546667098999023,13.857333183288574,82428000.0,TSLA
2014-04-25,13.466667175292969,13.779999732971191,13.176667213439941,13.323332786560059,104950500.0,TSLA
2014-04-28,13.333333015441895,13.586000442504883,12.699999809265137,13.234000205993652,105630000.0,TSLA
2014-04-29,13.21399974822998,13.8100004196167,13.035332679748535,13.79466724395752,86686500.0,TSLA
2014-04-30,13.573332786560059,13.87733268737793,13.41866683959961,13.859333038330078,66609000.0,TSLA
2014-05-01,13.805333137512207,14.267999649047852,13.712667465209961,13.84866714477539,81598500.0,TSLA
2014-05-02,13.90666675567627,14.090666770935059,13.767999649047852,14.060667037963867,61302000.0,TSLA
2014-05-05,13.965332984924316,14.512666702270508,13.90133285522461,14.440667152404785,77205000.0,TSLA
2014-05-06,14.4399995803833,14.577333450317383,13.789999961853027,13.8186674118042,84550500.0,TSLA
2014-05-07,13.97599983215332,14.013333320617676,13.149999618530273,13.423333168029785,152689500.0,TSLA
2014-05-08,12.133333206176758,12.960000038146973,11.866666793823242,11.906000137329102,300849000.0,TSLA
2014-05-09,11.990667343139648,12.226667404174805,11.814666748046875,12.150667190551758,127428000.0,TSLA
2014-05-12,12.258000373840332,12.47933292388916,11.991999626159668,12.311332702636719,105034500.0,TSLA
2014-05-13,12.250666618347168,12.755999565124512,12.199999809265137,12.677332878112793,106458000.0,TSLA
2014-05-14,12.596667289733887,12.898667335510254,12.473333358764648,12.708000183105469,81100500.0,TSLA
2014-05-15,12.665332794189453,12.843999862670898,12.353333473205566,12.572667121887207,90606000.0,TSLA
2014-05-16,12.596667289733887,12.802666664123535,12.514666557312012,12.77066707611084,67315500.0,TSLA
2014-05-19,12.714667320251465,13.12600040435791,12.666666984558105,13.072667121887207,68575500.0,TSLA
2014-05-20,13.129332542419434,13.288666725158691,12.871333122253418,13.020000457763672,83191500.0,TSLA
2014-05-21,13.078666687011719,13.324666976928711,12.986000061035156,13.296667098999023,79281000.0,TSLA
2014-05-22,13.356666564941406,13.791999816894531,13.303999900817871,13.658666610717773,93217500.0,TSLA
2014-05-23,13.635333061218262,13.850666999816895,13.5,13.819999694824219,60102000.0,TSLA
2014-05-27,13.90133285522461,14.258000373840332,13.846667289733887,14.104000091552734,80116500.0,TSLA
2014-05-28,14.001333236694336,14.184666633605957,13.684000015258789,14.015999794006348,82426500.0,TSLA
2014-05-29,14.038000106811523,14.166000366210938,13.847999572753906,14.015999794006348,55387500.0,TSLA
2014-05-30,14.020000457763672,14.319999694824219,13.8013334274292,13.851332664489746,83716500.0,TSLA
2014-06-02,13.821999549865723,13.956666946411133,13.444666862487793,13.646666526794434,70021500.0,TSLA
2014-06-03,13.565999984741211,13.866666793823242,13.505999565124512,13.662667274475098,57912000.0,TSLA
2014-06-04,13.623332977294922,13.750666618347168,13.359999656677246,13.599332809448242,51411000.0,TSLA
2014-06-05,13.631333351135254,13.946666717529297,13.603333473205566,13.793333053588867,60819000.0,TSLA
2014-06-06,13.983332633972168,14.053999900817871,13.812000274658203,13.878000259399414,46107000.0,TSLA
2014-06-09,13.863332748413086,13.999333381652832,13.613332748413086,13.687333106994629,42085500.0,TSLA
2014-06-10,13.628666877746582,13.79800033569336,13.436667442321777,13.486666679382324,52720500.0,TSLA
2014-06-11,13.433333396911621,13.666666984558105,13.283332824707031,13.631333351135254,59662500.0,TSLA
2014-06-12,13.673333168029785,13.991999626159668,13.513999938964844,13.567999839782715,89905500.0,TSLA
2014-06-13,13.652000427246094,13.78600025177002,13.438667297363281,13.761333465576172,53164500.0,TSLA
2014-06-16,13.784000396728516,15.03266716003418,13.750666618347168,14.973999977111816,198696000.0,TSLA
2014-06-17,14.940667152404785,15.702667236328125,14.856666564941406,15.444666862487793,199573500.0,TSLA
2014-06-18,15.433333396911621,15.447333335876465,15.074666976928711,15.141332626342773,104103000.0,TSLA
2014-06-19,15.2586669921875,15.687333106994629,15.133333206176758,15.185999870300293,131896500.0,TSLA
2014-06-20,15.23466682434082,15.419333457946777,15.079999923706055,15.305999755859375,73558500.0,TSLA
2014-06-23,15.300666809082031,15.932666778564453,15.214667320251465,15.814666748046875,116866500.0,TSLA
2014-06-24,15.9313325881958,16.125333786010742,15.442000389099121,15.5,121138500.0,TSLA
2014-06-25,15.536666870117188,15.83666706085205,15.349332809448242,15.792667388916016,87024000.0,TSLA
2014-06-26,15.811332702636719,16.02666664123535,15.61400032043457,15.706666946411133,76821000.0,TSLA
2014-06-27,15.645999908447266,16.0,15.633333206176758,15.937333106994629,84525000.0,TSLA
2014-06-30,15.970000267028809,16.299333572387695,15.933333396911621,16.003999710083008,72429000.0,TSLA
2014-07-01,16.163999557495117,16.229333877563477,15.91333293914795,15.981332778930664,65041500.0,TSLA
2014-07-02,16.04400062561035,16.155332565307617,15.137999534606934,15.295332908630371,120411000.0,TSLA
2014-07-03,15.419333457946777,15.460000038146973,14.933333396911621,15.283332824707031,77500500.0,TSLA
2014-07-07,15.166666984558105,15.3186674118042,14.69333267211914,14.843999862670898,88405500.0,TSLA
2014-07-08,14.576666831970215,14.730667114257812,14.284667015075684,14.604666709899902,117543000.0,TSLA
2014-07-09,14.751333236694336,14.947999954223633,14.61400032043457,14.870667457580566,61731000.0,TSLA
2014-07-10,14.478667259216309,14.814666748046875,14.402667045593262,14.630666732788086,72958500.0,TSLA
2014-07-11,14.707332611083984,14.773332595825195,14.506667137145996,14.541999816894531,49534500.0,TSLA
2014-07-14,14.666000366210938,15.252667427062988,14.363332748413086,15.113332748413086,108048000.0,TSLA
2014-07-15,15.11533260345459,15.176667213439941,14.539999961853027,14.638667106628418,85777500.0,TSLA
2014-07-16,14.788000106811523,14.986666679382324,14.454667091369629,14.477333068847656,60667500.0,TSLA
2014-07-17,14.410667419433594,14.703332901000977,14.239999771118164,14.359999656677246,69741000.0,TSLA
2014-07-18,14.396666526794434,14.747332572937012,14.395333290100098,14.668000221252441,63805500.0,TSLA
2014-07-21,14.483332633972168,14.880666732788086,14.447999954223633,14.702667236328125,57333000.0,TSLA
2014-07-22,14.812666893005371,14.886667251586914,14.607333183288574,14.638667106628418,40950000.0,TSLA
2014-07-23,14.667332649230957,14.983332633972168,14.628666877746582,14.832667350769043,46249500.0,TSLA
2014-07-24,14.883333206176758,15.006667137145996,14.720000267028809,14.902667045593262,48682500.0,TSLA
2014-07-25,14.847999572753906,15.131333351135254,14.783332824707031,14.904666900634766,46306500.0,TSLA
2014-07-28,14.949999809265137,15.466667175292969,14.760000228881836,14.98799991607666,97714500.0,TSLA
2014-07-29,15.107333183288574,15.220000267028809,14.990667343139648,15.000666618347168,50736000.0,TSLA
2014-07-30,14.79466724395752,15.30666732788086,14.736000061035156,15.261333465576172,73917000.0,TSLA
2014-07-31,15.284000396728516,15.426667213439941,14.766667366027832,14.886667251586914,116236500.0,TSLA
2014-08-01,15.072667121887207,15.833333015441895,15.066666603088379,15.5513334274292,178437000.0,TSLA
2014-08-04,15.625332832336426,16.03333282470703,15.5513334274292,15.90133285522461,89395500.0,TSLA
2014-08-05,15.83133316040039,16.19933319091797,15.712667465209961,15.899333000183105,80829000.0,TSLA
2014-08-06,15.926667213439941,16.761333465576172,15.905332565307617,16.595333099365234,138739500.0,TSLA
2014-08-07,16.674667358398438,17.112667083740234,16.607999801635742,16.826000213623047,112183500.0,TSLA
2014-08-08,16.743999481201172,16.784000396728516,16.433332443237305,16.54199981689453,76351500.0,TSLA
2014-08-11,17.031999588012695,17.582666397094727,17.0,17.288000106811523,121519500.0,TSLA
2014-08-12,17.205333709716797,17.35333251953125,16.972000122070312,17.33066749572754,95734500.0,TSLA
2014-08-13,17.46733283996582,17.709333419799805,17.30733299255371,17.354000091552734,103989000.0,TSLA
2014-08-14,17.499332427978516,17.53333282470703,17.100000381469727,17.42533302307129,61899000.0,TSLA
2014-08-15,17.43199920654297,17.472667694091797,17.233333587646484,17.46733283996582,58018500.0,TSLA
2014-08-18,17.549999237060547,17.817333221435547,17.316667556762695,17.32933235168457,87738000.0,TSLA
2014-08-19,17.257999420166016,17.288667678833008,16.774667739868164,17.117332458496094,80022000.0,TSLA
2014-08-20,16.97800064086914,17.249332427978516,16.866666793823242,17.047332763671875,45418500.0,TSLA
2014-08-21,17.101333618164062,17.253332138061523,16.884000778198242,16.95599937438965,43734000.0,TSLA
2014-08-22,16.96933364868164,17.1299991607666,16.840667724609375,17.118667602539062,42501000.0,TSLA
2014-08-25,17.21266746520996,17.57866668701172,17.21266746520996,17.503332138061523,64771500.0,TSLA
2014-08-26,17.665332794189453,17.700000762939453,17.444000244140625,17.44933319091797,57270000.0,TSLA
2014-08-27,17.566667556762695,17.615999221801758,17.3526668548584,17.549999237060547,44776500.0,TSLA
2014-08-28,17.459333419799805,17.631999969482422,17.44266700744629,17.590667724609375,42673500.0,TSLA
2014-08-29,17.913333892822266,18.133333206176758,17.833999633789062,17.979999542236328,96706500.0,TSLA
2014-09-02,18.366666793823242,18.992666244506836,18.286666870117188,18.941333770751953,147786000.0,TSLA
2014-09-03,19.17799949645996,19.200000762939453,18.67333221435547,18.746000289916992,101584500.0,TSLA
2014-09-04,18.93400001525879,19.42799949645996,18.69333267211914,19.069332122802734,125125500.0,TSLA
2014-09-05,18.836666107177734,18.860000610351562,18.167333602905273,18.492666244506836,167548500.0,TSLA
2014-09-08,18.507999420166016,18.992000579833984,18.501333236694336,18.80733299255371,82524000.0,TSLA
2014-09-09,18.865999221801758,19.03266716003418,18.46666717529297,18.565332412719727,68382000.0,TSLA
2014-09-10,18.633333206176758,18.76066780090332,18.243999481201172,18.739999771118164,56719500.0,TSLA
2014-09-11,18.69733238220215,18.986000061035156,18.575332641601562,18.687332153320312,56491500.0,TSLA
2014-09-12,18.700000762939453,18.826000213623047,18.46666717529297,18.613332748413086,49869000.0,TSLA
2014-09-15,18.291332244873047,18.293333053588867,16.608667373657227,16.923999786376953,246831000.0,TSLA
2014-09-16,17.010000228881836,17.497333526611328,16.827999114990234,17.382667541503906,124501500.0,TSLA
2014-09-17,17.493999481201172,17.64666748046875,17.299999237060547,17.42533302307129,77665500.0,TSLA
2014-09-18,17.55733299255371,17.706666946411133,17.488000869750977,17.58799934387207,55389000.0,TSLA
2014-09-19,17.19933319091797,17.428667068481445,17.01799964904785,17.288000106811523,102163500.0,TSLA
2014-09-22,17.0,17.06800079345703,16.31399917602539,16.66866683959961,123211500.0,TSLA
2014-09-23,16.347999572753906,16.920000076293945,16.333332061767578,16.694000244140625,84880500.0,TSLA
2014-09-24,16.7413330078125,16.856000900268555,16.46933364868164,16.80933380126953,56242500.0,TSLA
2014-09-25,16.834667205810547,16.997333526611328,16.406667709350586,16.463333129882812,72513000.0,TSLA
2014-09-26,16.549999237060547,16.648666381835938,16.404666900634766,16.440000534057617,56931000.0,TSLA
2014-09-29,16.266666412353516,16.576000213623047,16.091999053955078,16.35066795349121,72790500.0,TSLA
2014-09-30,16.461332321166992,16.510000228881836,16.007999420166016,16.178667068481445,63574500.0,TSLA
2014-10-01,16.14666748046875,16.17733383178711,15.710000038146973,16.016000747680664,89125500.0,TSLA
2014-10-02,16.68000030517578,16.8526668548584,16.357332229614258,16.761333465576172,134973000.0,TSLA
2014-10-03,16.87066650390625,17.100000381469727,16.735332489013672,17.013999938964844,81094500.0,TSLA
2014-10-06,17.275333404541016,17.499332427978516,17.18666648864746,17.374666213989258,115699500.0,TSLA
2014-10-07,17.235332489013672,17.430667877197266,17.048667907714844,17.30466651916504,67282500.0,TSLA
2014-10-08,17.34000015258789,17.525333404541016,16.842666625976562,17.28533363342285,75826500.0,TSLA
2014-10-09,17.483333587646484,17.702667236328125,16.959999084472656,17.134000778198242,110419500.0,TSLA
2014-10-10,16.30933380126953,16.392667770385742,15.680000305175781,15.793999671936035,193324500.0,TSLA
2014-10-13,15.904666900634766,15.93066692352295,14.733332633972168,14.97266674041748,169030500.0,TSLA
2014-10-14,15.216667175292969,15.498000144958496,14.866666793823242,15.137332916259766,106579500.0,TSLA
2014-10-15,14.666666984558105,15.399333000183105,14.48799991607666,15.313332557678223,137209500.0,TSLA
2014-10-16,14.64799976348877,15.32800006866455,14.606666564941406,15.09000015258789,80989500.0,TSLA
2014-10-17,15.558667182922363,15.65133285522461,15.103333473205566,15.165332794189453,158241000.0,TSLA
2014-10-20,15.114666938781738,15.493332862854004,15.034000396728516,15.364666938781738,52416000.0,TSLA
2014-10-21,15.618000030517578,15.692667007446289,15.386667251586914,15.689332962036133,61954500.0,TSLA
2014-10-22,15.545999526977539,15.826000213623047,15.370667457580566,15.40666675567627,61749000.0,TSLA
2014-10-23,15.644000053405762,15.751999855041504,15.466667175292969,15.685999870300293,52386000.0,TSLA
2014-10-24,15.751333236694336,15.853333473205566,15.41333293914795,15.682666778564453,51949500.0,TSLA
2014-10-27,15.616666793823242,15.640666961669922,14.687333106994629,14.777999877929688,143299500.0,TSLA
2014-10-28,15.30666732788086,16.30666732788086,15.216667175292969,16.184667587280273,157744500.0,TSLA
2014-10-29,16.075332641601562,16.100000381469727,15.709333419799805,15.873332977294922,74437500.0,TSLA
2014-10-30,15.87600040435791,16.03333282470703,15.670666694641113,15.910667419433594,48426000.0,TSLA
2014-10-31,16.167333602905273,16.20800018310547,15.916666984558105,16.113332748413086,56629500.0,TSLA
2014-11-03,16.200000762939453,16.503999710083008,16.08799934387207,16.172666549682617,63057000.0,TSLA
2014-11-04,16.03266716003418,16.156667709350586,15.768667221069336,15.928667068481445,55239000.0,TSLA
2014-11-05,16.066667556762695,16.090667724609375,15.368666648864746,15.39799976348877,135688500.0,TSLA
2014-11-06,15.63266658782959,16.445999145507812,15.233332633972168,16.08133316040039,230320500.0,TSLA
2014-11-07,16.145999908447266,16.189332962036133,15.813332557678223,16.01333236694336,77415000.0,TSLA
2014-11-10,15.940667152404785,16.191999435424805,15.786666870117188,16.1286678314209,68658000.0,TSLA
2014-11-11,16.170000076293945,16.788000106811523,16.133333206176758,16.738666534423828,119232000.0,TSLA
2014-11-12,16.648000717163086,16.82266616821289,16.371999740600586,16.606666564941406,88062000.0,TSLA
2014-11-13,16.70800018310547,17.049999237060547,16.683332443237305,16.780000686645508,93540000.0,TSLA
2014-11-14,16.666667938232422,17.25666618347168,16.566667556762695,17.245332717895508,91516500.0,TSLA
2014-11-17,17.166000366210938,17.266666412353516,16.801332473754883,16.93199920654297,60385500.0,TSLA
2014-11-18,17.05733299255371,17.332666397094727,17.034000396728516,17.18000030517578,67095000.0,TSLA
2014-11-19,16.707332611083984,16.79199981689453,16.373332977294922,16.516000747680664,118777500.0,TSLA
2014-11-20,16.530000686645508,16.728666305541992,16.399999618530273,16.58066749572754,53808000.0,TSLA
2014-11-21,16.81399917602539,16.851999282836914,16.14466667175293,16.185333251953125,112276500.0,TSLA
2014-11-24,16.34666633605957,16.50666618347168,16.042667388916016,16.447999954223633,71845500.0,TSLA
2014-11-25,16.489999771118164,16.648000717163086,16.4060001373291,16.53933334350586,47397000.0,TSLA
2014-11-26,16.555999755859375,16.600000381469727,16.440000534057617,16.562667846679688,29718000.0,TSLA
2014-11-28,16.356666564941406,16.445999145507812,16.167999267578125,16.301332473754883,31795500.0,TSLA
2014-12-01,16.077333450317383,16.1646671295166,15.267333030700684,15.442667007446289,129291000.0,TSLA
2014-12-02,15.637999534606934,15.658666610717773,15.199999809265137,15.428667068481445,88305000.0,TSLA
2014-12-03,15.083333015441895,15.314666748046875,15.033332824707031,15.286666870117188,79615500.0,TSLA
2014-12-04,15.239999771118164,15.393333435058594,15.187333106994629,15.218667030334473,57834000.0,TSLA
2014-12-05,15.244667053222656,15.292667388916016,14.817333221435547,14.913999557495117,90954000.0,TSLA
2014-12-08,14.769332885742188,14.990667343139648,14.156000137329102,14.290666580200195,138384000.0,TSLA
2014-12-09,13.956000328063965,14.51533317565918,13.618000030517578,14.459333419799805,141472500.0,TSLA
2014-12-10,14.275333404541016,14.451333045959473,13.846667289733887,13.989333152770996,109711500.0,TSLA
2014-12-11,14.035332679748535,14.362000465393066,13.881999969482422,13.925333023071289,100416000.0,TSLA
2014-12-12,13.654666900634766,14.112000465393066,13.633333206176758,13.800000190734863,107607000.0,TSLA
2014-12-15,13.952667236328125,13.986666679382324,13.511333465576172,13.602666854858398,78274500.0,TSLA
2014-12-16,13.392666816711426,13.578666687011719,13.024666786193848,13.187333106994629,126391500.0,TSLA
2014-12-17,12.870667457580566,13.776666641235352,12.84333324432373,13.721332550048828,110517000.0,TSLA
2014-12-18,14.158666610717773,14.562666893005371,14.119999885559082,14.550666809082031,112249500.0,TSLA
2014-12-19,14.679332733154297,14.69333267211914,14.300000190734863,14.619333267211914,103657500.0,TSLA
2014-12-22,14.666666984558105,14.937333106994629,14.550666809082031,14.84000015258789,71991000.0,TSLA
2014-12-23,14.920666694641113,14.954667091369629,14.63466739654541,14.731332778930664,67585500.0,TSLA
2014-12-24,14.65133285522461,14.833333015441895,14.616666793823242,14.817333221435547,19983000.0,TSLA
2014-12-26,14.767333030700684,15.233332633972168,14.766667366027832,15.187999725341797,49905000.0,TSLA
2014-12-29,15.126667022705078,15.194000244140625,14.934666633605957,15.047332763671875,42037500.0,TSLA
2014-12-30,14.932666778564453,15.043333053588867,14.760000228881836,14.815333366394043,43548000.0,TSLA
2014-12-31,14.87266731262207,15.045332908630371,14.816666603088379,14.827333450317383,34462500.0,TSLA
2015-01-02,14.857999801635742,14.883333206176758,14.21733283996582,14.620667457580566,71466000.0,TSLA
2015-01-05,14.303333282470703,14.433333396911621,13.810667037963867,14.005999565124512,80527500.0,TSLA
2015-01-06,14.003999710083008,14.279999732971191,13.61400032043457,14.085332870483398,93928500.0,TSLA
2015-01-07,14.223333358764648,14.3186674118042,13.985333442687988,14.063332557678223,44526000.0,TSLA
2015-01-08,14.187333106994629,14.25333309173584,14.000666618347168,14.041333198547363,51637500.0,TSLA
2015-01-09,13.928000450134277,13.998666763305664,13.663999557495117,13.77733325958252,70024500.0,TSLA
2015-01-12,13.536666870117188,13.631333351135254,13.283332824707031,13.480667114257812,89254500.0,TSLA
2015-01-13,13.554667472839355,13.840666770935059,13.394000053405762,13.616666793823242,67159500.0,TSLA
2015-01-14,12.388667106628418,13.013333320617676,12.333333015441895,12.845999717712402,173278500.0,TSLA
2015-01-15,12.965999603271484,13.050000190734863,12.666666984558105,12.791333198547363,78247500.0,TSLA
2015-01-16,12.713333129882812,12.965999603271484,12.643333435058594,12.871333122253418,54048000.0,TSLA
2015-01-20,12.924667358398438,12.941332817077637,12.469332695007324,12.795332908630371,67548000.0,TSLA
2015-01-21,12.636667251586914,13.245332717895508,12.633999824523926,13.104666709899902,62295000.0,TSLA
2015-01-22,13.133333206176758,13.549332618713379,13.013333320617676,13.441332817077637,61753500.0,TSLA
2015-01-23,13.352666854858398,13.566666603088379,13.222000122070312,13.419333457946777,51579000.0,TSLA
2015-01-26,13.45533275604248,13.907999992370605,13.403332710266113,13.770000457763672,48517500.0,TSLA
2015-01-27,13.628000259399414,13.868666648864746,13.553333282470703,13.732000350952148,41715000.0,TSLA
2015-01-28,13.740667343139648,13.758000373840332,13.227999687194824,13.291333198547363,47244000.0,TSLA
2015-01-29,13.404666900634766,13.732000350952148,13.100000381469727,13.680000305175781,53221500.0,TSLA
2015-01-30,13.597332954406738,13.83133316040039,13.533332824707031,13.573332786560059,45105000.0,TSLA
2015-02-02,13.597999572753906,14.130000114440918,13.553333282470703,14.062666893005371,62238000.0,TSLA
2015-02-03,14.214667320251465,14.691332817077637,14.084667205810547,14.557332992553711,72393000.0,TSLA
2015-02-04,14.552666664123535,14.76533317565918,14.453332901000977,14.569999694824219,49581000.0,TSLA
2015-02-05,14.658666610717773,15.031999588012695,14.642666816711426,14.732666969299316,52843500.0,TSLA
2015-02-06,14.800000190734863,14.893333435058594,14.433333396911621,14.490667343139648,48658500.0,TSLA
2015-02-09,14.358667373657227,14.528667449951172,14.13266658782959,14.498666763305664,52086000.0,TSLA
2015-02-10,14.50333309173584,14.699999809265137,14.333333015441895,14.419333457946777,80857500.0,TSLA
2015-02-11,14.147333145141602,14.315999984741211,13.8186674118042,14.186667442321777,146536500.0,TSLA
2015-02-12,12.904666900634766,13.53933334350586,12.885333061218262,13.525333404541016,234744000.0,TSLA
2015-02-13,13.526666641235352,13.732666969299316,13.394000053405762,13.584667205810547,92865000.0,TSLA
2015-02-17,13.713333129882812,13.713333129882812,13.433333396911621,13.623332977294922,59694000.0,TSLA
2015-02-18,13.611332893371582,13.744667053222656,13.506667137145996,13.630666732788086,40704000.0,TSLA
2015-02-19,13.666666984558105,14.162667274475098,13.583333015441895,14.11400032043457,77311500.0,TSLA
2015-02-20,14.052000045776367,14.506667137145996,13.987333297729492,14.473999977111816,89731500.0,TSLA
2015-02-23,14.37733268737793,14.546667098999023,13.755332946777344,13.822667121887207,127497000.0,TSLA
2015-02-24,13.81933307647705,13.81933307647705,13.446666717529297,13.607333183288574,99054000.0,TSLA
2015-02-25,13.662667274475098,13.809332847595215,13.505332946777344,13.583999633789062,58642500.0,TSLA
2015-02-26,13.600000381469727,14.072667121887207,13.481332778930664,13.812666893005371,97093500.0,TSLA
2015-02-27,13.793333053588867,13.903332710266113,13.520000457763672,13.555999755859375,58231500.0,TSLA
2015-03-02,13.513333320617676,13.555999755859375,13.055333137512207,13.155332565307617,118831500.0,TSLA
2015-03-03,13.120667457580566,13.349332809448242,13.021332740783691,13.303999900817871,66484500.0,TSLA
2015-03-04,13.283332824707031,13.501333236694336,13.147333145141602,13.496000289916992,63330000.0,TSLA
2015-03-05,13.523332595825195,13.746000289916992,13.34333324432373,13.375332832336426,73155000.0,TSLA
2015-03-06,13.280667304992676,13.383333206176758,12.8100004196167,12.925333023071289,100686000.0,TSLA
2015-03-09,12.959333419799805,12.965999603271484,12.550000190734863,12.725333213806152,101050500.0,TSLA
2015-03-10,12.564000129699707,12.899999618530273,12.506667137145996,12.687999725341797,83695500.0,TSLA
2015-03-11,12.743332862854004,13.078666687011719,12.734000205993652,12.916000366210938,74623500.0,TSLA
2015-03-12,12.916666984558105,12.963333129882812,12.649999618530273,12.73799991607666,62239500.0,TSLA
2015-03-13,12.596667289733887,12.783332824707031,12.48799991607666,12.578666687011719,81514500.0,TSLA
2015-03-16,12.800000190734863,13.060667037963867,12.653332710266113,13.046667098999023,84432000.0,TSLA
2015-03-17,13.028667449951172,13.247332572937012,12.929332733154297,12.982000350952148,73411500.0,TSLA
2015-03-18,12.997332572937012,13.392000198364258,12.87399959564209,13.380666732788086,72313500.0,TSLA
2015-03-19,13.466667175292969,13.63933277130127,12.968667030334473,13.043333053588867,127128000.0,TSLA
2015-03-20,13.16333293914795,13.265999794006348,13.041333198547363,13.20533275604248,64042500.0,TSLA
2015-03-23,13.233332633972168,13.366666793823242,13.164667129516602,13.308667182922363,39474000.0,TSLA
2015-03-24,13.438667297363281,13.586000442504883,13.316666603088379,13.447999954223633,54748500.0,TSLA
2015-03-25,13.218000411987305,13.239333152770996,12.846667289733887,12.953332901000977,85956000.0,TSLA
2015-03-26,12.928000450134277,12.986000061035156,12.646666526794434,12.694000244140625,61920000.0,TSLA
2015-03-27,12.604666709899902,12.619333267211914,12.09333324432373,12.333333015441895,129073500.0,TSLA
2015-03-30,12.390000343322754,12.816666603088379,12.119999885559082,12.704667091369629,151342500.0,TSLA
2015-03-31,12.902000427246094,12.917332649230957,12.560667037963867,12.584667205810547,75399000.0,TSLA
2015-04-01,12.579999923706055,12.819999694824219,12.403332710266113,12.505999565124512,56919000.0,TSLA
2015-04-02,12.682000160217285,12.881999969482422,12.666666984558105,12.733332633972168,75156000.0,TSLA
2015-04-06,13.199999809265137,13.850000381469727,13.166666984558105,13.539999961853027,186837000.0,TSLA
2015-04-07,13.500666618347168,13.670666694641113,13.409333229064941,13.550000190734863,65218500.0,TSLA
2015-04-08,13.880000114440918,14.0600004196167,13.724666595458984,13.844667434692383,94546500.0,TSLA
2015-04-09,13.895333290100098,14.024666786193848,13.7413330078125,14.005999565124512,57003000.0,TSLA
2015-04-10,13.989999771118164,14.109999656677246,13.933333396911621,14.0600004196167,61015500.0,TSLA
2015-04-13,14.029333114624023,14.199999809265137,13.936667442321777,13.985333442687988,56373000.0,TSLA
2015-04-14,13.904666900634766,13.965999603271484,13.699999809265137,13.830666542053223,45390000.0,TSLA
2015-04-15,13.830666542053223,13.97266674041748,13.773332595825195,13.85533332824707,29286000.0,TSLA
2015-04-16,13.846667289733887,13.944666862487793,13.752667427062988,13.779999732971191,24886500.0,TSLA
2015-04-17,13.666000366210938,13.791999816894531,13.566666603088379,13.78600025177002,37048500.0,TSLA
2015-04-20,13.785332679748535,13.856666564941406,13.59000015258789,13.684666633605957,38389500.0,TSLA
2015-04-21,13.720000267028809,14.050000190734863,13.620667457580566,13.96066665649414,51487500.0,TSLA
2015-04-22,14.166666984558105,14.791999816894531,14.112667083740234,14.629332542419434,117945000.0,TSLA
2015-04-23,14.5513334274292,14.76533317565918,14.476667404174805,14.573332786560059,66168000.0,TSLA
2015-04-24,14.699999809265137,14.720000267028809,14.534000396728516,14.562000274658203,36417000.0,TSLA
2015-04-27,14.837332725524902,15.916666984558105,14.800000190734863,15.436667442321777,175089000.0,TSLA
2015-04-28,15.649999618530273,15.699999809265137,15.20199966430664,15.36533260345459,91281000.0,TSLA
2015-04-29,15.33666706085205,15.664667129516602,15.175333023071289,15.49666690826416,59041500.0,TSLA
2015-04-30,15.359333038330078,15.526000022888184,15.011333465576172,15.069999694824219,58678500.0,TSLA
2015-05-01,15.329333305358887,15.451333045959473,14.694000244140625,15.0686674118042,79225500.0,TSLA
2015-05-04,15.211999893188477,15.648667335510254,15.140666961669922,15.36733341217041,66519000.0,TSLA
2015-05-05,15.850666999816895,15.966667175292969,15.275333404541016,15.529999732971191,86953500.0,TSLA
2015-05-06,15.606666564941406,15.631333351135254,15.213333129882812,15.362000465393066,79063500.0,TSLA
2015-05-07,14.733332633972168,15.831999778747559,14.683333396911621,15.786666870117188,141838500.0,TSLA
2015-05-08,15.732666969299316,15.894000053405762,15.579999923706055,15.77400016784668,70023000.0,TSLA
2015-05-11,15.752667427062988,16.191999435424805,15.687333106994629,15.965999603271484,85084500.0,TSLA
2015-05-12,16.007333755493164,16.42333221435547,15.879332542419434,16.31599998474121,95451000.0,TSLA
2015-05-13,16.507333755493164,16.553333282470703,16.149999618530273,16.211999893188477,81603000.0,TSLA
2015-05-14,16.321332931518555,16.326000213623047,16.083332061767578,16.273332595825195,43438500.0,TSLA
2015-05-15,16.261999130249023,16.626667022705078,16.166667938232422,16.589332580566406,67914000.0,TSLA
2015-05-18,16.46666717529297,16.65999984741211,16.399999618530273,16.583332061767578,50298000.0,TSLA
2015-05-19,16.562000274658203,16.733333587646484,16.40999984741211,16.47599983215332,55113000.0,TSLA
2015-05-20,16.475332260131836,16.516000747680664,16.091333389282227,16.290000915527344,56334000.0,TSLA
2015-05-21,16.20199966430664,16.441333770751953,16.157333374023438,16.374666213989258,29559000.0,TSLA
2015-05-22,16.358667373657227,16.573333740234375,16.333999633789062,16.51533317565918,33346500.0,TSLA
2015-05-26,16.511999130249023,16.799999237060547,16.433332443237305,16.497333526611328,52480500.0,TSLA
2015-05-27,16.567333221435547,16.633333206176758,16.3700008392334,16.495332717895508,51123000.0,TSLA
2015-05-28,16.468666076660156,16.786666870117188,16.336666107177734,16.76333236694336,54709500.0,TSLA
2015-05-29,16.733333587646484,16.857999801635742,16.6286678314209,16.719999313354492,56839500.0,TSLA
2015-06-01,16.76066780090332,16.773332595825195,16.49799919128418,16.6299991607666,37576500.0,TSLA
2015-06-02,16.594667434692383,16.626667022705078,16.420000076293945,16.55666732788086,32022000.0,TSLA
2015-06-03,16.546667098999023,16.71466636657715,16.46733283996582,16.599332809448242,26722500.0,TSLA
2015-06-04,16.5,16.6200008392334,16.380666732788086,16.39466667175293,36804000.0,TSLA
2015-06-05,16.399999618530273,16.64666748046875,16.3786678314209,16.609333038330078,45330000.0,TSLA
2015-06-08,16.72333335876465,17.25,16.687332153320312,17.086000442504883,75255000.0,TSLA
2015-06-09,17.02666664123535,17.182666778564453,16.94266700744629,17.066667556762695,39166500.0,TSLA
2015-06-10,16.793333053588867,16.933332443237305,16.566667556762695,16.713333129882812,51817500.0,TSLA
2015-06-11,16.884000778198242,16.95800018310547,16.69533348083496,16.76066780090332,30661500.0,TSLA
2015-06-12,16.680667877197266,16.8973331451416,16.680667877197266,16.71266746520996,21334500.0,TSLA
2015-06-15,16.64666748046875,16.75200080871582,16.400667190551758,16.691999435424805,32793000.0,TSLA
2015-06-16,16.67533302307129,16.895999908447266,16.606666564941406,16.874666213989258,29770500.0,TSLA
2015-06-17,16.81133270263672,17.624000549316406,16.801332473754883,17.360666275024414,82693500.0,TSLA
2015-06-18,17.46666717529297,17.56399917602539,17.334667205810547,17.459333419799805,41740500.0,TSLA
2015-06-19,17.49333381652832,17.586666107177734,17.34000015258789,17.500667572021484,36945000.0,TSLA
2015-06-22,17.476667404174805,17.626667022705078,17.04599952697754,17.319332122802734,68416500.0,TSLA
2015-06-23,17.35466766357422,17.866666793823242,17.238000869750977,17.844667434692383,58062000.0,TSLA
2015-06-24,17.798667907714844,17.823333740234375,17.58133316040039,17.67799949645996,36184500.0,TSLA
2015-06-25,17.76333236694336,18.0939998626709,17.683332443237305,17.91933250427246,42738000.0,TSLA
2015-06-26,17.926000595092773,17.94066619873047,17.733333587646484,17.805999755859375,57576000.0,TSLA
2015-06-29,17.463333129882812,17.729999542236328,17.3799991607666,17.468000411987305,52183500.0,TSLA
2015-06-30,17.65333366394043,18.06133270263672,17.600000381469727,17.884000778198242,46303500.0,TSLA
2015-07-01,18.073999404907227,18.174667358398438,17.856666564941406,17.94333267211914,31518000.0,TSLA
2015-07-02,18.68000030517578,18.829999923706055,18.220666885375977,18.667999267578125,107458500.0,TSLA
2015-07-06,18.591999053955078,18.779333114624023,18.420000076293945,18.648000717163086,61828500.0,TSLA
2015-07-07,18.333332061767578,18.34666633605957,17.384666442871094,17.858667373657227,91576500.0,TSLA
2015-07-08,17.288000106811523,17.386667251586914,16.95400047302246,16.997333526611328,93316500.0,TSLA
2015-07-09,17.27199935913086,17.530000686645508,17.119333267211914,17.19466781616211,50011500.0,TSLA
2015-07-10,17.481332778930664,17.53333282470703,17.187999725341797,17.27666664123535,39163500.0,TSLA
2015-07-13,17.483333587646484,17.503332138061523,17.06999969482422,17.477333068847656,44404500.0,TSLA
2015-07-14,17.47333335876465,17.732667922973633,17.367332458496094,17.709999084472656,28614000.0,TSLA
2015-07-15,17.78266716003418,17.832666397094727,17.472000122070312,17.542667388916016,30324000.0,TSLA
2015-07-16,17.614667892456055,17.81333351135254,17.54400062561035,17.778667449951172,24240000.0,TSLA
2015-07-17,18.166667938232422,18.369333267211914,17.883333206176758,18.310667037963867,75061500.0,TSLA
2015-07-20,18.333332061767578,19.110000610351562,18.16933250427246,18.817333221435547,74677500.0,TSLA
2015-07-21,18.003332138061523,18.233333587646484,17.770000457763672,17.784666061401367,91630500.0,TSLA
2015-07-22,17.417999267578125,17.96266746520996,17.390666961669922,17.857999801635742,46575000.0,TSLA
2015-07-23,17.976667404174805,17.99333381652832,17.684667587280273,17.81333351135254,33408000.0,TSLA
2015-07-24,17.825332641601562,18.07266616821289,17.594667434692383,17.694000244140625,42547500.0,TSLA
2015-07-27,17.495332717895508,17.6286678314209,16.71933364868164,16.867332458496094,70413000.0,TSLA
2015-07-28,17.049999237060547,17.69333267211914,16.78933334350586,17.654666900634766,58437000.0,TSLA
2015-07-29,17.618000030517578,17.859333038330078,17.46666717529297,17.58799934387207,41851500.0,TSLA
2015-07-30,17.512666702270508,17.79599952697754,17.474000930786133,17.785999298095703,30519000.0,TSLA
2015-07-31,17.84000015258789,17.957332611083984,17.674667358398438,17.74333381652832,33339000.0,TSLA
2015-08-03,17.752666473388672,17.78066635131836,17.13800048828125,17.332666397094727,38302500.0,TSLA
2015-08-04,17.333999633789062,17.781333923339844,17.222667694091797,17.75200080871582,35287500.0,TSLA
2015-08-05,17.57200050354004,18.066667556762695,17.360000610351562,18.0086669921875,93214500.0,TSLA
2015-08-06,16.63599967956543,17.0,15.7413330078125,16.408666610717773,219357000.0,TSLA
2015-08-07,16.238666534423828,16.248666763305664,15.892666816711426,16.167333602905273,76101000.0,TSLA
2015-08-10,15.876667022705078,16.197999954223633,15.736666679382324,16.076000213623047,62788500.0,TSLA
2015-08-11,15.8100004196167,15.953332901000977,15.629332542419434,15.824666976928711,63973500.0,TSLA
2015-08-12,15.666666984558105,15.98466682434082,15.515999794006348,15.878000259399414,55920000.0,TSLA
2015-08-13,15.990667343139648,16.43199920654297,15.941332817077637,16.167333602905273,70338000.0,TSLA
2015-08-14,16.482667922973633,16.528667449951172,16.118000030517578,16.209999084472656,65472000.0,TSLA
2015-08-17,17.03733253479004,17.106000900268555,16.700666427612305,16.999332427978516,107650500.0,TSLA
2015-08-18,17.025333404541016,17.39666748046875,16.90399932861328,17.381332397460938,62925000.0,TSLA
2015-08-19,17.35533332824707,17.376667022705078,17.001333236694336,17.016666412353516,54064500.0,TSLA
2015-08-20,16.804000854492188,16.970666885375977,16.126667022705078,16.14533233642578,73587000.0,TSLA
2015-08-21,15.733332633972168,16.253332138061523,15.36733341217041,15.38466739654541,98853000.0,TSLA
2015-08-24,13.519332885742188,15.426667213439941,13.0,14.591333389282227,143724000.0,TSLA
2015-08-25,15.368000030517578,15.393333435058594,14.607999801635742,14.66866683959961,64909500.0,TSLA
2015-08-26,15.195332527160645,15.199999809265137,14.36733341217041,14.989333152770996,74445000.0,TSLA
2015-08-27,15.399999618530273,16.316667556762695,15.387332916259766,16.19933319091797,114840000.0,TSLA
2015-08-28,16.124000549316406,16.76333236694336,16.10466766357422,16.565332412719727,82705500.0,TSLA
2015-08-31,16.374666213989258,16.996667861938477,16.367332458496094,16.604000091552734,70503000.0,TSLA
2015-09-01,16.022666931152344,16.399999618530273,15.79800033569336,15.908666610717773,81822000.0,TSLA
2015-09-02,16.35333251953125,16.525333404541016,15.985333442687988,16.512666702270508,69438000.0,TSLA
2015-09-03,16.804000854492188,16.80533218383789,16.333332061767578,16.3713321685791,62922000.0,TSLA
2015-09-04,16.05933380126953,16.272666931152344,15.880000114440918,16.1286678314209,55338000.0,TSLA
2015-09-08,16.336666107177734,16.610666275024414,16.270000457763672,16.544666290283203,47073000.0,TSLA
2015-09-09,16.803333282470703,16.950000762939453,16.553333282470703,16.5939998626709,50862000.0,TSLA
2015-09-10,16.48200035095215,16.71466636657715,16.35533332824707,16.565332412719727,40635000.0,TSLA
2015-09-11,16.50933265686035,16.682666778564453,16.315332412719727,16.682666778564453,35262000.0,TSLA
2015-09-14,16.739999771118164,16.950000762939453,16.64466667175293,16.87933349609375,43363500.0,TSLA
2015-09-15,16.850000381469727,16.97333335876465,16.633333206176758,16.904666900634766,44002500.0,TSLA
2015-09-16,16.869333267211914,17.525333404541016,16.858667373657227,17.483333587646484,66256500.0,TSLA
2015-09-17,17.597333908081055,17.700000762939453,17.37933349609375,17.471332550048828,53787000.0,TSLA
2015-09-18,17.19733238220215,17.58799934387207,17.166667938232422,17.374666213989258,56446500.0,TSLA
2015-09-21,17.59866714477539,18.10466766357422,17.053333282470703,17.613332748413086,91803000.0,TSLA
2015-09-22,17.268667221069336,17.510000228881836,17.058000564575195,17.395999908447266,54966000.0,TSLA
2015-09-23,17.463333129882812,17.472000122070312,17.172000885009766,17.40399932861328,39012000.0,TSLA
2015-09-24,17.302000045776367,17.56333351135254,17.08066749572754,17.541332244873047,51723000.0,TSLA
2015-09-25,17.77400016784668,17.79400062561035,17.07666778564453,17.12733268737793,56601000.0,TSLA
2015-09-28,17.156667709350586,17.319332122802734,16.44066619873047,16.562000274658203,73516500.0,TSLA
2015-09-29,16.69733238220215,16.98200035095215,16.36400032043457,16.44333267211914,55548000.0,TSLA
2015-09-30,16.799999237060547,16.82666778564453,16.1560001373291,16.559999465942383,73944000.0,TSLA
2015-10-01,16.500667572021484,16.566667556762695,15.808667182922363,15.991999626159668,68595000.0,TSLA
2015-10-02,15.706666946411133,16.51333236694336,15.661999702453613,16.504667282104492,66360000.0,TSLA
2015-10-05,16.589332580566406,16.6560001373291,16.275333404541016,16.40999984741211,55348500.0,TSLA
2015-10-06,16.0,16.20199966430664,15.70533275604248,16.097333908081055,78378000.0,TSLA
2015-10-07,15.775333404541016,15.846667289733887,15.274666786193848,15.46399974822998,102210000.0,TSLA
2015-10-08,15.338666915893555,15.381333351135254,14.753999710083008,15.114666938781738,91998000.0,TSLA
2015-10-09,14.728667259216309,14.958000183105469,14.557332992553711,14.712667465209961,92376000.0,TSLA
2015-10-12,14.866000175476074,14.866666793823242,14.351332664489746,14.371999740600586,57544500.0,TSLA
2015-10-13,14.218667030334473,14.834667205810547,14.075332641601562,14.616666793823242,77572500.0,TSLA
2015-10-14,14.711333274841309,14.729999542236328,14.362000465393066,14.458666801452637,46566000.0,TSLA
2015-10-15,14.428667068481445,14.781999588012695,14.24666690826416,14.753999710083008,42663000.0,TSLA
2015-10-16,14.869333267211914,15.36533260345459,14.857999801635742,15.133999824523926,65017500.0,TSLA
2015-10-19,15.100000381469727,15.40999984741211,14.996000289916992,15.206666946411133,37618500.0,TSLA
2015-10-20,15.1813325881958,15.239999771118164,13.466667175292969,14.20199966430664,223500000.0,TSLA
2015-10-21,14.13266658782959,14.320667266845703,13.920000076293945,14.005999565124512,62272500.0,TSLA
2015-10-22,14.104000091552734,14.383333206176758,13.960000038146973,14.114666938781738,42378000.0,TSLA
2015-10-23,14.333333015441895,14.356666564941406,13.845999717712402,13.939332962036133,63532500.0,TSLA
2015-10-26,14.092000007629395,14.392000198364258,14.0,14.350666999816895,50871000.0,TSLA
2015-10-27,14.322667121887207,14.473333358764648,13.833999633789062,14.023332595825195,52791000.0,TSLA
2015-10-28,14.087332725524902,14.229999542236328,13.886667251586914,14.197333335876465,40929000.0,TSLA
2015-10-29,14.116666793823242,14.25,14.042667388916016,14.108667373657227,27075000.0,TSLA
2015-10-30,14.026666641235352,14.108667373657227,13.592666625976562,13.795332908630371,66583500.0,TSLA
2015-11-02,13.928000450134277,14.386667251586914,13.814666748046875,14.252667427062988,58918500.0,TSLA
2015-11-03,14.256667137145996,14.295999526977539,13.850000381469727,13.890000343322754,124987500.0,TSLA
2015-11-04,15.133333206176758,15.515999794006348,15.013333320617676,15.442000389099121,190896000.0,TSLA
2015-11-05,15.371999740600586,15.638667106628418,15.279333114624023,15.451333045959473,67452000.0,TSLA
2015-11-06,15.380000114440918,15.557332992553711,15.300000190734863,15.490667343139648,36679500.0,TSLA
2015-11-09,15.53266716003418,15.53266716003418,14.954000473022461,15.022000312805176,57763500.0,TSLA
2015-11-10,14.898667335510254,14.91333293914795,14.405332565307617,14.433333396911621,69255000.0,TSLA
2015-11-11,14.517999649047852,14.631999969482422,14.241999626159668,14.60533332824707,50217000.0,TSLA
2015-11-12,14.523332595825195,14.600000381469727,14.177332878112793,14.196000099182129,43738500.0,TSLA
2015-11-13,14.196666717529297,14.199333190917969,13.767999649047852,13.812666893005371,51454500.0,TSLA
2015-11-16,13.739333152770996,14.331999778747559,13.720000267028809,14.287332534790039,43881000.0,TSLA
2015-11-17,14.346667289733887,14.399999618530273,14.09333324432373,14.266667366027832,32230500.0,TSLA
2015-11-18,14.300000190734863,14.7586669921875,14.168000221252441,14.73799991607666,42178500.0,TSLA
2015-11-19,14.702667236328125,15.079333305358887,14.686667442321777,14.786666870117188,37566000.0,TSLA
2015-11-20,14.899333000183105,15.0,14.238666534423828,14.667332649230957,66010500.0,TSLA
2015-11-23,14.489999771118164,14.612000465393066,14.312000274658203,14.516667366027832,37893000.0,TSLA
2015-11-24,14.357999801635742,14.733332633972168,14.333333015441895,14.550000190734863,37204500.0,TSLA
2015-11-25,14.755999565124512,15.388667106628418,14.692000389099121,15.309332847595215,59862000.0,TSLA
2015-11-27,15.404000282287598,15.483332633972168,15.133999824523926,15.440667152404785,29241000.0,TSLA
2015-11-30,15.452667236328125,15.618666648864746,15.272000312805176,15.350666999816895,39897000.0,TSLA
2015-12-01,15.404000282287598,15.866666793823242,15.403332710266113,15.812666893005371,56010000.0,TSLA
2015-12-02,15.800000190734863,15.90666675567627,15.415332794189453,15.465999603271484,44722500.0,TSLA
2015-12-03,15.6986665725708,15.829999923706055,15.333333015441895,15.513999938964844,44094000.0,TSLA
2015-12-04,15.497332572937012,15.5513334274292,15.177332878112793,15.358667373657227,38604000.0,TSLA
2015-12-07,15.180000305175781,15.708666801452637,15.076666831970215,15.408666610717773,47163000.0,TSLA
2015-12-08,15.168000221252441,15.25333309173584,14.946666717529297,15.114666938781738,40314000.0,TSLA
2015-12-09,15.113332748413086,15.166666984558105,14.714667320251465,14.968000411987305,45867000.0,TSLA
2015-12-10,14.980667114257812,15.232666969299316,14.909333229064941,15.137999534606934,31075500.0,TSLA
2015-12-11,15.015999794006348,15.050000190734863,14.442667007446289,14.468000411987305,49030500.0,TSLA
2015-12-14,14.500666618347168,14.727999687194824,14.324666976928711,14.571999549865723,42406500.0,TSLA
2015-12-15,14.788000106811523,14.814666748046875,14.533332824707031,14.739333152770996,33666000.0,TSLA
2015-12-16,14.80666732788086,15.658666610717773,14.715332984924316,15.633999824523926,76564500.0,TSLA
2015-12-17,15.595999717712402,15.850666999816895,15.320667266845703,15.559332847595215,49479000.0,TSLA
2015-12-18,15.526000022888184,15.726667404174805,15.28600025177002,15.36400032043457,45213000.0,TSLA
2015-12-21,15.446000099182129,15.722000122070312,15.405332565307617,15.503999710083008,29298000.0,TSLA
2015-12-22,15.666000366210938,15.770000457763672,15.308667182922363,15.329999923706055,29422500.0,TSLA
2015-12-23,15.478667259216309,15.563332557678223,15.208666801452637,15.313332557678223,23325000.0,TSLA
2015-12-24,15.370667457580566,15.458666801452637,15.218667030334473,15.371333122253418,10620000.0,TSLA
2015-12-28,15.432666778564453,15.465332984924316,15.03600025177002,15.263333320617676,28519500.0,TSLA
2015-12-29,15.337332725524902,15.847999572753906,15.303333282470703,15.812666893005371,36094500.0,TSLA
2015-12-30,15.773332595825195,16.242000579833984,15.711333274841309,15.87266731262207,55468500.0,TSLA
2015-12-31,15.900667190551758,16.229999542236328,15.891332626342773,16.000667572021484,40725000.0,TSLA
2016-01-04,15.381333351135254,15.425333023071289,14.600000381469727,14.894000053405762,102406500.0,TSLA
2016-01-05,15.090666770935059,15.12600040435791,14.666666984558105,14.895333290100098,47802000.0,TSLA
2016-01-06,14.666666984558105,14.670000076293945,14.398667335510254,14.602666854858398,56686500.0,TSLA
2016-01-07,14.279333114624023,14.562666893005371,14.244667053222656,14.376667022705078,53314500.0,TSLA
2016-01-08,14.52400016784668,14.696000099182129,14.0513334274292,14.066666603088379,54421500.0,TSLA
2016-01-11,14.267333030700684,14.296667098999023,13.533332824707031,13.856666564941406,61371000.0,TSLA
2016-01-12,14.106666564941406,14.249333381652832,13.687333106994629,13.998000144958496,46378500.0,TSLA
2016-01-13,14.133999824523926,14.176667213439941,13.333333015441895,13.354000091552734,61896000.0,TSLA
2016-01-14,13.480667114257812,14.0,12.892000198364258,13.745332717895508,97360500.0,TSLA
2016-01-15,13.264666557312012,13.671333312988281,13.149999618530273,13.666000366210938,83679000.0,TSLA
2016-01-19,13.913999557495117,14.031332969665527,13.385333061218262,13.64799976348877,60580500.0,TSLA
2016-01-20,13.293333053588867,13.41866683959961,12.75,13.24666690826416,87579000.0,TSLA
2016-01-21,13.436667442321777,13.548666954040527,13.001333236694336,13.33133316040039,47493000.0,TSLA
2016-01-22,13.653332710266113,13.699999809265137,13.268667221069336,13.50333309173584,46861500.0,TSLA
2016-01-25,13.337332725524902,13.571332931518555,13.058667182922363,13.092000007629395,40480500.0,TSLA
2016-01-26,13.113332748413086,13.187999725341797,12.592000007629395,12.904000282287598,74463000.0,TSLA
2016-01-27,12.825332641601562,12.883999824523926,12.38466739654541,12.538000106811523,54258000.0,TSLA
2016-01-28,12.719332695007324,12.751999855041504,12.160667419433594,12.646666526794434,68892000.0,TSLA
2016-01-29,12.66333293914795,12.916000366210938,12.538666725158691,12.74666690826416,42784500.0,TSLA
2016-02-01,12.583999633789062,13.3013334274292,12.183333396911621,13.129332542419434,79464000.0,TSLA
2016-02-02,12.82800006866455,12.874667167663574,12.01533317565918,12.185333251953125,86604000.0,TSLA
2016-02-03,12.239333152770996,12.262666702270508,11.345333099365234,11.565333366394043,118971000.0,TSLA
2016-02-04,11.380000114440918,11.732000350952148,11.13266658782959,11.688667297363281,65781000.0,TSLA
2016-02-05,11.420000076293945,11.533332824707031,10.515999794006348,10.84000015258789,141564000.0,TSLA
2016-02-08,10.473333358764648,10.476667404174805,9.733332633972168,9.866000175476074,139695000.0,TSLA
2016-02-09,9.48799991607666,10.652667045593262,9.403332710266113,9.883333206176758,129774000.0,TSLA
2016-02-10,10.033332824707031,10.33133316040039,9.449333190917969,9.57800006866455,156097500.0,TSLA
2016-02-11,10.133333206176758,10.883999824523926,9.800000190734863,10.031332969665527,213786000.0,TSLA
2016-02-12,10.333333015441895,10.46733283996582,9.579999923706055,10.06933307647705,108537000.0,TSLA
2016-02-16,10.579999923706055,10.863332748413086,10.27400016784668,10.344667434692383,83907000.0,TSLA
2016-02-17,10.600000381469727,11.28933334350586,10.445332527160645,11.245332717895508,87378000.0,TSLA
2016-02-18,11.494667053222656,11.529999732971191,10.98466682434082,11.118000030517578,58314000.0,TSLA
2016-02-19,10.910667419433594,11.166000366210938,10.833333015441895,11.10533332824707,44391000.0,TSLA
2016-02-22,11.341333389282227,11.927332878112793,11.323332786560059,11.849332809448242,75901500.0,TSLA
2016-02-23,11.744000434875488,12.11533260345459,11.578666687011719,11.814000129699707,89766000.0,TSLA
2016-02-24,11.516667366027832,11.966667175292969,11.189332962036133,11.933333396911621,80934000.0,TSLA
2016-02-25,11.90999984741211,12.567999839782715,11.680000305175781,12.495332717895508,86260500.0,TSLA
2016-02-26,12.579999923706055,12.800000190734863,12.333333015441895,12.689332962036133,90976500.0,TSLA
2016-02-29,12.826666831970215,13.09000015258789,12.614666938781738,12.795332908630371,67485000.0,TSLA
2016-03-01,12.949999809265137,13.063332557678223,12.180000305175781,12.423333168029785,100683000.0,TSLA
2016-03-02,12.248666763305664,12.567999839782715,12.100000381469727,12.555999755859375,72936000.0,TSLA
2016-03-03,12.552000045776367,13.161333084106445,12.281332969665527,13.049332618713379,72435000.0,TSLA
2016-03-04,13.199999809265137,13.60200023651123,13.166666984558105,13.402667045593262,97336500.0,TSLA
2016-03-07,13.178667068481445,13.979999542236328,13.15999984741211,13.685999870300293,79941000.0,TSLA
2016-03-08,13.566666603088379,13.833333015441895,13.479999542236328,13.506667137145996,62680500.0,TSLA
2016-03-09,13.63466739654541,13.958000183105469,13.519332885742188,13.914667129516602,48129000.0,TSLA
2016-03-10,14.0,14.219332695007324,13.378000259399414,13.678667068481445,77887500.0,TSLA
2016-03-11,13.862000465393066,13.961333274841309,13.688667297363281,13.833333015441895,50146500.0,TSLA
2016-03-14,14.176667213439941,14.447999954223633,14.042667388916016,14.34333324432373,60985500.0,TSLA
2016-03-15,14.284667015075684,14.597999572753906,14.100000381469727,14.555999755859375,47707500.0,TSLA
2016-03-16,14.533332824707031,14.838666915893555,14.468000411987305,14.795332908630371,52750500.0,TSLA
2016-03-17,14.764666557312012,15.233332633972168,14.666666984558105,15.092000007629395,56743500.0,TSLA
2016-03-18,15.273332595825195,15.631999969482422,15.204000473022461,15.515999794006348,70677000.0,TSLA
2016-03-21,15.689332962036133,15.991999626159668,15.666666984558105,15.887999534606934,79617000.0,TSLA
2016-03-22,15.814000129699707,15.932666778564453,15.503999710083008,15.616000175476074,64740000.0,TSLA
2016-03-23,15.4913330078125,15.648667335510254,14.802000045776367,14.838666915893555,74232000.0,TSLA
2016-03-24,14.385333061218262,15.259332656860352,14.333333015441895,15.183333396911621,74413500.0,TSLA
2016-03-28,15.440667152404785,15.654000282287598,15.0,15.350666999816895,58885500.0,TSLA
2016-03-29,15.326000213623047,15.491999626159668,15.022000312805176,15.342000007629395,60214500.0,TSLA
2016-03-30,15.672666549682617,15.699999809265137,15.100000381469727,15.12600040435791,60495000.0,TSLA
2016-03-31,15.28933334350586,15.82800006866455,15.000666618347168,15.317999839782715,120193500.0,TSLA
2016-04-01,16.32200050354004,16.52666664123535,15.550000190734863,15.839332580566406,239962500.0,TSLA
2016-04-04,16.607999801635742,16.808000564575195,16.242666244506836,16.465999603271484,202129500.0,TSLA
2016-04-05,16.03333282470703,17.104000091552734,16.0,17.031333923339844,149230500.0,TSLA
2016-04-06,16.931333541870117,17.849332809448242,16.89666748046875,17.69466781616211,175582500.0,TSLA
2016-04-07,17.76333236694336,17.95599937438965,16.96733283996582,17.14666748046875,132843000.0,TSLA
2016-04-08,17.366666793823242,17.38800048828125,16.534666061401367,16.67133331298828,110458500.0,TSLA
2016-04-11,16.733333587646484,17.266000747680664,16.35333251953125,16.661333084106445,137425500.0,TSLA
2016-04-12,16.633333206176758,16.786666870117188,16.242000579833984,16.521333694458008,86448000.0,TSLA
2016-04-13,16.567333221435547,17.03333282470703,16.488666534423828,16.968666076660156,73884000.0,TSLA
2016-04-14,16.866666793823242,17.12266731262207,16.73666763305664,16.790666580200195,61983000.0,TSLA
2016-04-15,16.753999710083008,16.97333335876465,16.607999801635742,16.96733283996582,56286000.0,TSLA
2016-04-18,16.815332412719727,17.220666885375977,16.777332305908203,16.92533302307129,64071000.0,TSLA
2016-04-19,16.874666213989258,16.95800018310547,16.083332061767578,16.4913330078125,95362500.0,TSLA
2016-04-20,16.417333602905273,16.910667419433594,16.100000381469727,16.6646671295166,77911500.0,TSLA
2016-04-21,16.599332809448242,16.726667404174805,16.46066665649414,16.55266761779785,41746500.0,TSLA
2016-04-22,16.592666625976562,16.933332443237305,16.380666732788086,16.916667938232422,56794500.0,TSLA
2016-04-25,16.867332458496094,17.158666610717773,16.71733283996582,16.788000106811523,55054500.0,TSLA
2016-04-26,16.803333282470703,17.048667907714844,16.625999450683594,16.916000366210938,48357000.0,TSLA
2016-04-27,16.850000381469727,17.0,16.626667022705078,16.764667510986328,48087000.0,TSLA
2016-04-28,16.656667709350586,16.89533233642578,16.496000289916992,16.513999938964844,37785000.0,TSLA
2016-04-29,16.542667388916016,16.562000274658203,15.854000091552734,16.05066680908203,81207000.0,TSLA
2016-05-02,16.100000381469727,16.21266746520996,15.654666900634766,16.1200008392334,57658500.0,TSLA
2016-05-03,15.824000358581543,15.927332878112793,15.441332817077637,15.48799991607666,64533000.0,TSLA
2016-05-04,15.352666854858398,15.630666732788086,14.69333267211914,14.837332725524902,130507500.0,TSLA
2016-05-05,15.230667114257812,15.242667198181152,13.986000061035156,14.10200023651123,168822000.0,TSLA
2016-05-06,14.057999610900879,14.424667358398438,13.87399959564209,14.328666687011719,85278000.0,TSLA
2016-05-09,14.381333351135254,14.40999984741211,13.786666870117188,13.928000450134277,71646000.0,TSLA
2016-05-10,13.83666706085205,13.964667320251465,13.666666984558105,13.912667274475098,61059000.0,TSLA
2016-05-11,13.839332580566406,14.36533260345459,13.736666679382324,13.93066692352295,77428500.0,TSLA
2016-05-12,14.095999717712402,14.111332893371582,13.577333450317383,13.8186674118042,54757500.0,TSLA
2016-05-13,13.85200023651123,14.079999923706055,13.779999732971191,13.840666770935059,42342000.0,TSLA
2016-05-16,13.876667022705078,14.210000038146973,13.861332893371582,13.88599967956543,44241000.0,TSLA
2016-05-17,13.936667442321777,13.98799991607666,13.601332664489746,13.644000053405762,42654000.0,TSLA
2016-05-18,13.94333267211914,14.354000091552734,13.850000381469727,14.07800006866455,84262500.0,TSLA
2016-05-19,14.2413330078125,14.452667236328125,13.819999694824219,14.347332954406738,102994500.0,TSLA
2016-05-20,14.465999603271484,14.703332901000977,14.423333168029785,14.685333251953125,135106500.0,TSLA
2016-05-23,14.657999992370605,14.84000015258789,14.390666961669922,14.414667129516602,76537500.0,TSLA
2016-05-24,14.4399995803833,14.582667350769043,14.345333099365234,14.52733325958252,45207000.0,TSLA
2016-05-25,14.52733325958252,14.757332801818848,14.434000015258789,14.638667106628418,46902000.0,TSLA
2016-05-26,14.699999809265137,15.017333030700684,14.603333473205566,15.008000373840332,61086000.0,TSLA
2016-05-27,14.999333381652832,15.062000274658203,14.716667175292969,14.869333267211914,54754500.0,TSLA
2016-05-31,14.869333267211914,14.983332633972168,14.766667366027832,14.881999969482422,41835000.0,TSLA
2016-06-01,14.76533317565918,14.826666831970215,14.459333419799805,14.637332916259766,44740500.0,TSLA
2016-06-02,14.63933277130127,14.660667419433594,14.473999977111816,14.597332954406738,30492000.0,TSLA
2016-06-03,14.666666984558105,14.795999526977539,14.534000396728516,14.599332809448242,33435000.0,TSLA
2016-06-06,14.533332824707031,14.726667404174805,14.363332748413086,14.711999893188477,33742500.0,TSLA
2016-06-07,14.815999984741211,15.629332542419434,14.767999649047852,15.489333152770996,93204000.0,TSLA
2016-06-08,15.58666706085205,16.05666732788086,15.507332801818848,15.701333045959473,89580000.0,TSLA
2016-06-09,15.665332794189453,15.688667297363281,15.137332916259766,15.290666580200195,67381500.0,TSLA
2016-06-10,15.159333229064941,15.197999954223633,14.561332702636719,14.586000442504883,90399000.0,TSLA
2016-06-13,14.633333206176758,15.0513334274292,14.510666847229004,14.524666786193848,62895000.0,TSLA
2016-06-14,14.592000007629395,14.813332557678223,14.16866683959961,14.330666542053223,53703000.0,TSLA
2016-06-15,14.463333129882812,14.793333053588867,14.342000007629395,14.513333320617676,43627500.0,TSLA
2016-06-16,14.494667053222656,14.53600025177002,14.233332633972168,14.528667449951172,36604500.0,TSLA
2016-06-17,14.52066707611084,14.666000366210938,14.300000190734863,14.364666938781738,46689000.0,TSLA
2016-06-20,14.633333206176758,14.916666984558105,14.548666954040527,14.646666526794434,53332500.0,TSLA
2016-06-21,14.711999893188477,14.838000297546387,14.587332725524902,14.640666961669922,67935000.0,TSLA
2016-06-22,13.29800033569336,13.729999542236328,13.050000190734863,13.11066722869873,356136000.0,TSLA
2016-06-23,13.045999526977539,13.170000076293945,12.808667182922363,13.09333324432373,151960500.0,TSLA
2016-06-24,12.670000076293945,13.008000373840332,12.648667335510254,12.876667022705078,105397500.0,TSLA
2016-06-27,12.723999977111816,13.253999710083008,12.524666786193848,13.236666679382324,108081000.0,TSLA
2016-06-28,13.459333419799805,13.603333473205566,13.293999671936035,13.452667236328125,93186000.0,TSLA
2016-06-29,13.675333023071289,14.118666648864746,13.533332824707031,14.012666702270508,89923500.0,TSLA
2016-06-30,14.197999954223633,14.233332633972168,13.934666633605957,14.152000427246094,72646500.0,TSLA
2016-07-01,13.742667198181152,14.549332618713379,13.733332633972168,14.433333396911621,81000000.0,TSLA
2016-07-05,13.982000350952148,14.302666664123535,13.866666793823242,14.26533317565918,77629500.0,TSLA
2016-07-06,14.0,14.34866714477539,13.933333396911621,14.295999526977539,73798500.0,TSLA
2016-07-07,14.206666946411133,14.541333198547363,14.200667381286621,14.395999908447266,54180000.0,TSLA
2016-07-08,14.520000457763672,14.654000282287598,14.300000190734863,14.45199966430664,61122000.0,TSLA
2016-07-11,14.663999557495117,15.118666648864746,14.633999824523926,14.985333442687988,81447000.0,TSLA
2016-07-12,14.9399995803833,15.166666984558105,14.881333351135254,14.976667404174805,68569500.0,TSLA
2016-07-13,15.033332824707031,15.03933334350586,14.685999870300293,14.835332870483398,53506500.0,TSLA
2016-07-14,14.874667167663574,14.996000289916992,14.736666679382324,14.768667221069336,40137000.0,TSLA
2016-07-15,14.834667205810547,14.850000381469727,14.642666816711426,14.69333267211914,33513000.0,TSLA
2016-07-18,14.642666816711426,15.13933277130127,14.553333282470703,15.083333015441895,51181500.0,TSLA
2016-07-19,15.0,15.273332595825195,14.983332633972168,15.017333030700684,46726500.0,TSLA
2016-07-20,15.097999572753906,15.319999694824219,15.0,15.223999977111816,38527500.0,TSLA
2016-07-21,15.066666603088379,15.1899995803833,14.606666564941406,14.699999809265137,66430500.0,TSLA
2016-07-22,14.799332618713379,14.966667175292969,14.592000007629395,14.817999839782715,38695500.0,TSLA
2016-07-25,14.817999839782715,15.425999641418457,14.758000373840332,15.333999633789062,67360500.0,TSLA
2016-07-26,15.179332733154297,15.333333015441895,15.020000457763672,15.300666809082031,51450000.0,TSLA
2016-07-27,15.28933334350586,15.557332992553711,15.128000259399414,15.232666969299316,43335000.0,TSLA
2016-07-28,15.196666717529297,15.383999824523926,15.106666564941406,15.37399959564209,36286500.0,TSLA
2016-07-29,15.380000114440918,15.685333251953125,15.349332809448242,15.652667045593262,46062000.0,TSLA
2016-08-01,15.699999809265137,15.775333404541016,15.291999816894531,15.333999633789062,60244500.0,TSLA
2016-08-02,15.291333198547363,15.324666976928711,14.760000228881836,15.146666526794434,59016000.0,TSLA
2016-08-03,15.157999992370605,15.313332557678223,14.947333335876465,15.052666664123535,58317000.0,TSLA
2016-08-04,15.045999526977539,15.390666961669922,14.803333282470703,15.37399959564209,62205000.0,TSLA
2016-08-05,15.333333015441895,15.466667175292969,15.15999984741211,15.335332870483398,48078000.0,TSLA
2016-08-08,15.199999809265137,15.30666732788086,15.072667121887207,15.077333450317383,33954000.0,TSLA
2016-08-09,15.121333122253418,15.435999870300293,15.109999656677246,15.272000312805176,33117000.0,TSLA
2016-08-10,15.215999603271484,15.324666976928711,14.974666595458984,15.043333053588867,35074500.0,TSLA
2016-08-11,15.07800006866455,15.171333312988281,14.894000053405762,14.994000434875488,28213500.0,TSLA
2016-08-12,15.02733325958252,15.109999656677246,14.935999870300293,15.040666580200195,27202500.0,TSLA
2016-08-15,15.067999839782715,15.300000190734863,14.995332717895508,15.03933334350586,30514500.0,TSLA
2016-08-16,15.03266716003418,15.145999908447266,14.894000053405762,14.907333374023438,34006500.0,TSLA
2016-08-17,14.95533275604248,14.988666534423828,14.853333473205566,14.88266658782959,26806500.0,TSLA
2016-08-18,14.921333312988281,15.043999671936035,14.81933307647705,14.900667190551758,25717500.0,TSLA
2016-08-19,14.902667045593262,15.011333465576172,14.835332870483398,15.0,24892500.0,TSLA
2016-08-22,14.944666862487793,15.007332801818848,14.845333099365234,14.862000465393066,30982500.0,TSLA
2016-08-23,14.954667091369629,15.232666969299316,14.853333473205566,14.989333152770996,71766000.0,TSLA
2016-08-24,15.136667251586914,15.143333435058594,14.814666748046875,14.841333389282227,38560500.0,TSLA
2016-08-25,14.87399959564209,14.920000076293945,14.718000411987305,14.730667114257812,26437500.0,TSLA
2016-08-26,14.809332847595215,14.857333183288574,14.588000297546387,14.666000366210938,33585000.0,TSLA
2016-08-29,14.676667213439941,14.69333267211914,14.333333015441895,14.346667289733887,48994500.0,TSLA
2016-08-30,14.407333374023438,14.407333374023438,14.034667015075684,14.089332580566406,47533500.0,TSLA
2016-08-31,14.028667449951172,14.173333168029785,13.90999984741211,14.133999824523926,49147500.0,TSLA
2016-09-01,13.934000015258789,14.073332786560059,13.366666793823242,13.38466739654541,119146500.0,TSLA
2016-09-02,13.488666534423828,13.546667098999023,13.079999923706055,13.185333251953125,89661000.0,TSLA
2016-09-06,13.267999649047852,13.550000190734863,13.266667366027832,13.522000312805176,65859000.0,TSLA
2016-09-07,13.699999809265137,13.766667366027832,13.380666732788086,13.447333335876465,54613500.0,TSLA
2016-09-08,13.303333282470703,13.326000213623047,13.090666770935059,13.157333374023438,50668500.0,TSLA
2016-09-09,13.272666931152344,13.32800006866455,12.91333293914795,12.964667320251465,56355000.0,TSLA
2016-09-12,13.0,13.424667358398438,12.9399995803833,13.220000267028809,55728000.0,TSLA
2016-09-13,13.137332916259766,13.232666969299316,12.896666526794434,13.069999694824219,53841000.0,TSLA
2016-09-14,13.050000190734863,13.194666862487793,12.990667343139648,13.093999862670898,33817500.0,TSLA
2016-09-15,13.099332809448242,13.501333236694336,13.09333324432373,13.361332893371582,46158000.0,TSLA
2016-09-16,13.361332893371582,13.713333129882812,13.266667366027832,13.69333267211914,46617000.0,TSLA
2016-09-19,13.800000190734863,13.961999893188477,13.666666984558105,13.755999565124512,34492500.0,TSLA
2016-09-20,13.789999961853027,13.850000381469727,13.593999862670898,13.642666816711426,36157500.0,TSLA
2016-09-21,13.758000373840332,13.800000190734863,13.437333106994629,13.6813325881958,39502500.0,TSLA
2016-09-22,13.760000228881836,13.8186674118042,13.533332824707031,13.76200008392334,35743500.0,TSLA
2016-09-23,13.732666969299316,14.01200008392334,13.711333274841309,13.829999923706055,43578000.0,TSLA
2016-09-26,13.766667366027832,14.066666603088379,13.766667366027832,13.932666778564453,35916000.0,TSLA
2016-09-27,13.976667404174805,13.998666763305664,13.640666961669922,13.720666885375977,50598000.0,TSLA
2016-09-28,13.833999633789062,13.883333206176758,13.684000015258789,13.751333236694336,31326000.0,TSLA
2016-09-29,13.706666946411133,13.821999549865723,13.371999740600586,13.380000114440918,40905000.0,TSLA
2016-09-30,13.480667114257812,13.665332794189453,13.303333282470703,13.60200023651123,38794500.0,TSLA
2016-10-03,14.153332710266113,14.378000259399414,13.883333206176758,14.24666690826416,89998500.0,TSLA
2016-10-04,14.206666946411133,14.221332550048828,13.921333312988281,14.093999862670898,53122500.0,TSLA
2016-10-05,14.149333000183105,14.210000038146973,13.874667167663574,13.897333145141602,28162500.0,TSLA
2016-10-06,13.497332572937012,13.61400032043457,13.347332954406738,13.399999618530273,70551000.0,TSLA
2016-10-07,13.399999618530273,13.421333312988281,13.053333282470703,13.107333183288574,52395000.0,TSLA
2016-10-10,13.423333168029785,13.609333038330078,13.310667037963867,13.396666526794434,49744500.0,TSLA
2016-10-11,13.456666946411133,13.479999542236328,13.220666885375977,13.34000015258789,34926000.0,TSLA
2016-10-12,13.396666526794434,13.592000007629395,13.361332893371582,13.434000015258789,29560500.0,TSLA
2016-10-13,13.366666793823242,13.393333435058594,13.136667251586914,13.349332809448242,37419000.0,TSLA
2016-10-14,13.37733268737793,13.428667068481445,13.08666706085205,13.100666999816895,64048500.0,TSLA
2016-10-17,13.136667251586914,13.22599983215332,12.800000190734863,12.93066692352295,68311500.0,TSLA
2016-10-18,13.065999984741211,13.29800033569336,12.883999824523926,13.273332595825195,85207500.0,TSLA
2016-10-19,13.315999984741211,13.77733325958252,13.204000473022461,13.570667266845703,104868000.0,TSLA
2016-10-20,13.474666595458984,13.533332824707031,13.136667251586914,13.273332595825195,76093500.0,TSLA
2016-10-21,13.239999771118164,13.437999725341797,13.160667419433594,13.339332580566406,44151000.0,TSLA
2016-10-24,13.399999618530273,13.596667289733887,13.350000381469727,13.517333030700684,41274000.0,TSLA
2016-10-25,13.526666641235352,13.645999908447266,13.41333293914795,13.489333152770996,36675000.0,TSLA
2016-10-26,13.399999618530273,13.545999526977539,13.34000015258789,13.482666969299316,84492000.0,TSLA
2016-10-27,14.089332580566406,14.24666690826416,13.44333267211914,13.600666999816895,196405500.0,TSLA
2016-10-28,13.600000381469727,13.687999725341797,13.321999549865723,13.33133316040039,64201500.0,TSLA
2016-10-31,13.499333381652832,13.499333381652832,13.053999900817871,13.182000160217285,70384500.0,TSLA
2016-11-01,13.202667236328125,13.233332633972168,12.540666580200195,12.719332695007324,105900000.0,TSLA
2016-11-02,12.670000076293945,12.846667289733887,12.500666618347168,12.534667015075684,63801000.0,TSLA
2016-11-03,12.600000381469727,12.764666557312012,12.469332695007324,12.494667053222656,39795000.0,TSLA
2016-11-04,12.600000381469727,12.897333145141602,12.397333145141602,12.704000473022461,77190000.0,TSLA
2016-11-07,12.906000137329102,12.952667236328125,12.670000076293945,12.880666732788086,58051500.0,TSLA
2016-11-08,12.919333457946777,13.166000366210938,12.750666618347168,12.996000289916992,49014000.0,TSLA
2016-11-09,12.458666801452637,12.800000190734863,12.263333320617676,12.670666694641113,122596500.0,TSLA
2016-11-10,12.736666679382324,12.77400016784668,12.027999877929688,12.356666564941406,101254500.0,TSLA
2016-11-11,12.28266716003418,12.592000007629395,12.199999809265137,12.570667266845703,59827500.0,TSLA
2016-11-14,12.533332824707031,12.550000190734863,11.879332542419434,12.096667289733887,98283000.0,TSLA
2016-11-15,12.185333251953125,12.428667068481445,12.136667251586914,12.251333236694336,58530000.0,TSLA
2016-11-16,12.176667213439941,12.315333366394043,12.080666542053223,12.26200008392334,51516000.0,TSLA
2016-11-17,12.232666969299316,12.63266658782959,12.140666961669922,12.577333450317383,73306500.0,TSLA
2016-11-18,12.710000038146973,12.866666793823242,12.333333015441895,12.334667205810547,78154500.0,TSLA
2016-11-21,12.336000442504883,12.592666625976562,12.293999671936035,12.3013334274292,65415000.0,TSLA
2016-11-22,12.38933277130127,12.764666557312012,12.247332572937012,12.744667053222656,84051000.0,TSLA
2016-11-23,12.707332611083984,13.042667388916016,12.600000381469727,12.87600040435791,73378500.0,TSLA
2016-11-25,12.909333229064941,13.149333000183105,12.909333229064941,13.109999656677246,35491500.0,TSLA
2016-11-28,13.031999588012695,13.289999961853027,12.970000267028809,13.074666976928711,67938000.0,TSLA
2016-11-29,13.037332534790039,13.11533260345459,12.633333206176758,12.637999534606934,66589500.0,TSLA
2016-11-30,12.733332633972168,12.792667388916016,12.5,12.626667022705078,53206500.0,TSLA
2016-12-01,12.550000190734863,12.5686674118042,12.066666603088379,12.125332832336426,76896000.0,TSLA
2016-12-02,12.192000389099121,12.325332641601562,12.0,12.097999572753906,60634500.0,TSLA
2016-12-05,12.167332649230957,12.592666625976562,12.167332649230957,12.453332901000977,61083000.0,TSLA
2016-12-06,12.368000030517578,12.438667297363281,12.178667068481445,12.390000343322754,50874000.0,TSLA
2016-12-07,12.40999984741211,12.893333435058594,12.333333015441895,12.876667022705078,81928500.0,TSLA
2016-12-08,12.803333282470703,12.833333015441895,12.63599967956543,12.81933307647705,47911500.0,TSLA
2016-12-09,12.724666595458984,12.922666549682617,12.720666885375977,12.812000274658203,40837500.0,TSLA
2016-12-12,12.853333473205566,12.961333274841309,12.745332717895508,12.828666687011719,36583500.0,TSLA
2016-12-13,12.878666877746582,13.41866683959961,12.866666793823242,13.210000038146973,102358500.0,TSLA
2016-12-14,13.249333381652832,13.533332824707031,13.11733341217041,13.246000289916992,62263500.0,TSLA
2016-12-15,13.227333068847656,13.38266658782959,13.159333229064941,13.17199993133545,48294000.0,TSLA
2016-12-16,13.20533275604248,13.505999565124512,13.173333168029785,13.499333381652832,56953500.0,TSLA
2016-12-19,13.499333381652832,13.630000114440918,13.322667121887207,13.51533317565918,52321500.0,TSLA
2016-12-20,13.536666870117188,13.933333396911621,13.5,13.919333457946777,70336500.0,TSLA
2016-12-21,13.896666526794434,14.148667335510254,13.827333450317383,13.846667289733887,78114000.0,TSLA
2016-12-22,13.881333351135254,13.999333381652832,13.766667366027832,13.896666526794434,46666500.0,TSLA
2016-12-23,13.866666793823242,14.229999542236328,13.847332954406738,14.22266674041748,70057500.0,TSLA
2016-12-27,14.325332641601562,14.816666603088379,14.29466724395752,14.635333061218262,88735500.0,TSLA
2016-12-28,14.768667221069336,14.920000076293945,14.479999542236328,14.649333000183105,56737500.0,TSLA
2016-12-29,14.570667266845703,14.613332748413086,14.274666786193848,14.312000274658203,60675000.0,TSLA
2016-12-30,14.420000076293945,14.5,14.112000465393066,14.246000289916992,69639000.0,TSLA
2017-01-03,14.324000358581543,14.688667297363281,14.064000129699707,14.465999603271484,88849500.0,TSLA
2017-01-04,14.316666603088379,15.199999809265137,14.287332534790039,15.13266658782959,168202500.0,TSLA
2017-01-05,15.094667434692383,15.165332794189453,14.796667098999023,15.116666793823242,88675500.0,TSLA
2017-01-06,15.128666877746582,15.354000091552734,15.029999732971191,15.267333030700684,82918500.0,TSLA
2017-01-09,15.264666557312012,15.461333274841309,15.199999809265137,15.41866683959961,59692500.0,TSLA
2017-01-10,15.466667175292969,15.466667175292969,15.12600040435791,15.324666976928711,54900000.0,TSLA
2017-01-11,15.271332740783691,15.331999778747559,15.112000465393066,15.315333366394043,54762000.0,TSLA
2017-01-12,15.27066707611084,15.380000114440918,15.038666725158691,15.305999755859375,56853000.0,TSLA
2017-01-13,15.333333015441895,15.856666564941406,15.305999755859375,15.850000381469727,91395000.0,TSLA
2017-01-17,15.779999732971191,15.997332572937012,15.624667167663574,15.70533275604248,69262500.0,TSLA
2017-01-18,15.776666641235352,15.980667114257812,15.70533275604248,15.890666961669922,56535000.0,TSLA
2017-01-19,16.483333587646484,16.57866668701172,16.049999237060547,16.250667572021484,115984500.0,TSLA
2017-01-20,16.36400032043457,16.399999618530273,16.200666427612305,16.315332412719727,63064500.0,TSLA
2017-01-23,16.389999389648438,16.72599983215332,16.366666793823242,16.594667434692383,93943500.0,TSLA
2017-01-24,16.666667938232422,16.98666763305664,16.643333435058594,16.974000930786133,74482500.0,TSLA
2017-01-25,17.15399932861328,17.230667114257812,16.786666870117188,16.96466636657715,77139000.0,TSLA
2017-01-26,16.952667236328125,17.049333572387695,16.71666717529297,16.833999633789062,47281500.0,TSLA
2017-01-27,16.7586669921875,16.866666793823242,16.56800079345703,16.863332748413086,47494500.0,TSLA
2017-01-30,16.8353328704834,17.019332885742188,16.47333335876465,16.708667755126953,57016500.0,TSLA
2017-01-31,16.615999221801758,17.05933380126953,16.51333236694336,16.795333862304688,61741500.0,TSLA
2017-02-01,16.8700008392334,16.8799991607666,16.60333251953125,16.615999221801758,59382000.0,TSLA
2017-02-02,16.555999755859375,16.827999114990234,16.513999938964844,16.770000457763672,37497000.0,TSLA
2017-02-03,16.79400062561035,16.812000274658203,16.64533233642578,16.755332946777344,32800500.0,TSLA
2017-02-06,16.733333587646484,17.187999725341797,16.708667755126953,17.184667587280273,53437500.0,TSLA
2017-02-07,17.21266746520996,17.333332061767578,17.094667434692383,17.165332794189453,63672000.0,TSLA
2017-02-08,17.156667709350586,17.55733299255371,17.079999923706055,17.472000122070312,58995000.0,TSLA
2017-02-09,17.75,18.07866668701172,17.74333381652832,17.946666717529297,117303000.0,TSLA
2017-02-10,17.986000061035156,18.06333351135254,17.74066734313965,17.948667526245117,54295500.0,TSLA
2017-02-13,18.049333572387695,18.71933364868164,18.034000396728516,18.706666946411133,105444000.0,TSLA
2017-02-14,18.601999282836914,19.159332275390625,18.573999404907227,18.73200035095215,110178000.0,TSLA
2017-02-15,18.666667938232422,18.81599998474121,18.429332733154297,18.650667190551758,74218500.0,TSLA
2017-02-16,18.50666618347168,18.666667938232422,17.899999618530273,17.93000030517578,106159500.0,TSLA
2017-02-17,17.719999313354492,18.19266700744629,17.610000610351562,18.148666381835938,93856500.0,TSLA
2017-02-21,18.363332748413086,18.760000228881836,18.267332077026367,18.492666244506836,85150500.0,TSLA
2017-02-22,18.687332153320312,18.89666748046875,18.17333221435547,18.233999252319336,131325000.0,TSLA
2017-02-23,17.600000381469727,17.643999099731445,17.03733253479004,17.06599998474121,223728000.0,TSLA
2017-02-24,16.8439998626709,17.21666717529297,16.68000030517578,17.133333206176758,122574000.0,TSLA
2017-02-27,16.544666290283203,16.55733299255371,16.134000778198242,16.415332794189453,171912000.0,TSLA
2017-02-28,16.279333114624023,16.733333587646484,16.260000228881836,16.666000366210938,91171500.0,TSLA
2017-03-01,16.94533348083496,16.989999771118164,16.607332229614258,16.667999267578125,72142500.0,TSLA
2017-03-02,16.6473331451416,16.885332107543945,16.551332473754883,16.698667526245117,50277000.0,TSLA
2017-03-03,16.715999603271484,16.793333053588867,16.600000381469727,16.771333694458008,43791000.0,TSLA
2017-03-06,16.527332305908203,16.780000686645508,16.500667572021484,16.747333526611328,50332500.0,TSLA
2017-03-07,16.794666290283203,16.926000595092773,16.55466651916504,16.57266616821289,51892500.0,TSLA
2017-03-08,16.46666717529297,16.67133331298828,16.35466766357422,16.45800018310547,55878000.0,TSLA
2017-03-09,16.5086669921875,16.577333450317383,16.200000762939453,16.32666778564453,58189500.0,TSLA
2017-03-10,16.413999557495117,16.433332443237305,16.200000762939453,16.246000289916992,45994500.0,TSLA
2017-03-13,16.321332931518555,16.456666946411133,16.185333251953125,16.411333084106445,45339000.0,TSLA
2017-03-14,16.407333374023438,17.20800018310547,16.40133285522461,17.200000762939453,113976000.0,TSLA
2017-03-15,17.133333206176758,17.399999618530273,16.951332092285156,17.048667907714844,79962000.0,TSLA
2017-03-16,17.49333381652832,17.71666717529297,17.270666122436523,17.469999313354492,106983000.0,TSLA
2017-03-17,17.600000381469727,17.68866729736328,17.413333892822266,17.433332443237305,97462500.0,TSLA
2017-03-20,17.373332977294922,17.636667251586914,17.254667282104492,17.461332321166992,54214500.0,TSLA
2017-03-21,17.52199935913086,17.65333366394043,16.682666778564453,16.711999893188477,103629000.0,TSLA
2017-03-22,16.770666122436523,17.004667282104492,16.700666427612305,17.000667572021484,60889500.0,TSLA
2017-03-23,17.025999069213867,17.17799949645996,16.886667251586914,16.985332489013672,49803000.0,TSLA
2017-03-24,17.046667098999023,17.592666625976562,17.000667572021484,17.54400062561035,84709500.0,TSLA
2017-03-27,17.373332977294922,18.038000106811523,17.316667556762695,18.014667510986328,93462000.0,TSLA
2017-03-28,18.468000411987305,18.711999893188477,18.333332061767578,18.496667861938477,119814000.0,TSLA
2017-03-29,18.555999755859375,18.639999389648438,18.369333267211914,18.492000579833984,55143000.0,TSLA
2017-03-30,18.535999298095703,18.799999237060547,18.480667114257812,18.527999877929688,62226000.0,TSLA
2017-03-31,18.582000732421875,18.64533233642578,18.42133331298828,18.553333282470703,49419000.0,TSLA
2017-04-03,19.126667022705078,19.933332443237305,18.972000122070312,19.90133285522461,208329000.0,TSLA
2017-04-04,19.792667388916016,20.320667266845703,19.635332107543945,20.246667861938477,152019000.0,TSLA
2017-04-05,20.13599967956543,20.325332641601562,19.613332748413086,19.666667938232422,118213500.0,TSLA
2017-04-06,19.79199981689453,20.12933349609375,19.606666564941406,19.913333892822266,82809000.0,TSLA
2017-04-07,19.833332061767578,20.179332733154297,19.809999465942383,20.16933250427246,68694000.0,TSLA
2017-04-10,20.610000610351562,20.915332794189453,20.58066749572754,20.826000213623047,114967500.0,TSLA
2017-04-11,20.892000198364258,20.898000717163086,20.366666793823242,20.58066749572754,85869000.0,TSLA
2017-04-12,20.422666549682617,20.56333351135254,19.754667282104492,19.78933334350586,90760500.0,TSLA
2017-04-13,19.780000686645508,20.492666244506836,19.68666648864746,20.266666412353516,139269000.0,TSLA
2017-04-17,20.18000030517578,20.266666412353516,19.91200065612793,20.09600067138672,62080500.0,TSLA
2017-04-18,19.979999542236328,20.055999755859375,19.860000610351562,20.016666412353516,45535500.0,TSLA
2017-04-19,20.163999557495117,20.441333770751953,20.140666961669922,20.368000030517578,58470000.0,TSLA
2017-04-20,20.43400001525879,20.610000610351562,20.01533317565918,20.167333602905273,92241000.0,TSLA
2017-04-21,20.133333206176758,20.426666259765625,20.027999877929688,20.373332977294922,67647000.0,TSLA
2017-04-24,20.614667892456055,20.703332901000977,20.40133285522461,20.53533363342285,76252500.0,TSLA
2017-04-25,20.53333282470703,20.93199920654297,20.390666961669922,20.91933250427246,101065500.0,TSLA
2017-04-26,20.82466697692871,20.96666717529297,20.600000381469727,20.67799949645996,70425000.0,TSLA
2017-04-27,20.779333114624023,20.87266731262207,20.5,20.575332641601562,52029000.0,TSLA
2017-04-28,20.655332565307617,20.98666763305664,20.53333282470703,20.937999725341797,67582500.0,TSLA
2017-05-01,20.992000579833984,21.816667556762695,20.987333297729492,21.52199935913086,132444000.0,TSLA
2017-05-02,21.600000381469727,21.8439998626709,21.104000091552734,21.25933265686035,80742000.0,TSLA
2017-05-03,21.17799949645996,21.435333251953125,20.696666717529297,20.73466682434082,107001000.0,TSLA
2017-05-04,20.496000289916992,20.51799964904785,19.384000778198242,19.69733238220215,212280000.0,TSLA
2017-05-05,19.866666793823242,20.56999969482422,19.786666870117188,20.55666732788086,122659500.0,TSLA
2017-05-08,20.726667404174805,20.91933250427246,20.38800048828125,20.479333877563477,105097500.0,TSLA
2017-05-09,20.625333786010742,21.465999603271484,20.606666564941406,21.417333602905273,145147500.0,TSLA
2017-05-10,21.437332153320312,21.700000762939453,21.20800018310547,21.681333541870117,86124000.0,TSLA
2017-05-11,21.559999465942383,21.733333587646484,21.30666732788086,21.540000915527344,71307000.0,TSLA
2017-05-12,21.698667526245117,21.799999237060547,21.435333251953125,21.65399932861328,61824000.0,TSLA
2017-05-15,21.225332260131836,21.34666633605957,20.8353328704834,21.058666229248047,114330000.0,TSLA
2017-05-16,21.172666549682617,21.33733367919922,21.00933265686035,21.134000778198242,62287500.0,TSLA
2017-05-17,20.959333419799805,20.975332260131836,20.366666793823242,20.407333374023438,100678500.0,TSLA
2017-05-18,20.46666717529297,20.929332733154297,20.354000091552734,20.87066650390625,84807000.0,TSLA
2017-05-19,21.03333282470703,21.100000381469727,20.68000030517578,20.722000122070312,70314000.0,TSLA
2017-05-22,20.85333251953125,20.95800018310547,20.453332901000977,20.690000534057617,64938000.0,TSLA
2017-05-23,20.69733238220215,20.715333938598633,20.23200035095215,20.257333755493164,64776000.0,TSLA
2017-05-24,20.43400001525879,20.733333587646484,20.360000610351562,20.681333541870117,75499500.0,TSLA
2017-05-25,20.73466682434082,21.131332397460938,20.520666122436523,21.121999740600586,75210000.0,TSLA
2017-05-26,21.152000427246094,21.69933319091797,21.08733367919922,21.676000595092773,117033000.0,TSLA
2017-05-30,21.733333587646484,22.41866683959961,21.71733283996582,22.34000015258789,116743500.0,TSLA
2017-05-31,22.512666702270508,22.859333038330078,22.3439998626709,22.733999252319336,149451000.0,TSLA
2017-06-01,22.933332443237305,22.992000579833984,22.486000061035156,22.691333770751953,114120000.0,TSLA
2017-06-02,22.65133285522461,22.858667373657227,22.39533233642578,22.656667709350586,83853000.0,TSLA
2017-06-05,22.566667556762695,23.229333877563477,22.28066635131836,23.154666900634766,101766000.0,TSLA
2017-06-06,22.979999542236328,23.965999603271484,22.6646671295166,23.523332595825195,166302000.0,TSLA
2017-06-07,23.756000518798828,24.03333282470703,23.676000595092773,23.976667404174805,140970000.0,TSLA
2017-06-08,24.25,24.793333053588867,24.014667510986328,24.666667938232422,135922500.0,TSLA
2017-06-09,24.961332321166992,25.124666213989258,23.65333366394043,23.821332931518555,258921000.0,TSLA
2017-06-12,23.865999221801758,24.299999237060547,23.374666213989258,23.93400001525879,157765500.0,TSLA
2017-06-13,24.507999420166016,25.066667556762695,24.44066619873047,25.06333351135254,177118500.0,TSLA
2017-06-14,25.4060001373291,25.616666793823242,25.08733367919922,25.37733268737793,192276000.0,TSLA
2017-06-15,24.833332061767578,25.03066635131836,24.432666778564453,25.022666931152344,156397500.0,TSLA
2017-06-16,25.198667526245117,25.200666427612305,24.67333221435547,24.760000228881836,100965000.0,TSLA
2017-06-19,25.0,25.113332748413086,24.520000457763672,24.65333366394043,98239500.0,TSLA
2017-06-20,25.1113338470459,25.2586669921875,24.648666381835938,24.81599998474121,111580500.0,TSLA
2017-06-21,24.956666946411133,25.132667541503906,24.534666061401367,25.093332290649414,73848000.0,TSLA
2017-06-22,25.19933319091797,25.666667938232422,24.904666900634766,25.507333755493164,112947000.0,TSLA
2017-06-23,25.496667861938477,25.799333572387695,25.290000915527344,25.56333351135254,96687000.0,TSLA
2017-06-26,25.779333114624023,25.796667098999023,24.873332977294922,25.166000366210938,99061500.0,TSLA
2017-06-27,25.093332290649414,25.093332290649414,24.134666442871094,24.158000946044922,104946000.0,TSLA
2017-06-28,24.44533348083496,24.78266716003418,24.167999267578125,24.749332427978516,94537500.0,TSLA
2017-06-29,24.707332611083984,24.733333587646484,23.606666564941406,24.049999237060547,123315000.0,TSLA
2017-06-30,24.247333526611328,24.451332092285156,23.974666595458984,24.107332229614258,87727500.0,TSLA
2017-07-03,24.682666778564453,24.75666618347168,23.433332443237305,23.507999420166016,94581000.0,TSLA
2017-07-05,23.14666748046875,23.14933204650879,21.755332946777344,21.805999755859375,255700500.0,TSLA
2017-07-06,21.150667190551758,21.38599967956543,20.420000076293945,20.588666915893555,289867500.0,TSLA
2017-07-07,20.899999618530273,21.133333206176758,20.492000579833984,20.881332397460938,212653500.0,TSLA
2017-07-10,20.860000610351562,21.195999145507812,20.208667755126953,21.06999969482422,207313500.0,TSLA
2017-07-11,21.066667556762695,21.818666458129883,20.953332901000977,21.814666748046875,173391000.0,TSLA
2017-07-12,22.02666664123535,22.206666946411133,21.633333206176758,21.968000411987305,155191500.0,TSLA
2017-07-13,22.007333755493164,22.106666564941406,21.33133316040039,21.560667037963867,128917500.0,TSLA
2017-07-14,21.54599952697754,21.89466667175293,21.4146671295166,21.851999282836914,84378000.0,TSLA
2017-07-17,21.702667236328125,21.80666732788086,20.89666748046875,21.30466651916504,148153500.0,TSLA
2017-07-18,21.166667938232422,21.941999435424805,21.04400062561035,21.882667541503906,95605500.0,TSLA
2017-07-19,21.881999969482422,22.110000610351562,21.54800033569336,21.68400001525879,95355000.0,TSLA
2017-07-20,21.793333053588867,22.014667510986328,21.613332748413086,21.994667053222656,77493000.0,TSLA
2017-07-21,21.964000701904297,22.083999633789062,21.719999313354492,21.893333435058594,73524000.0,TSLA
2017-07-24,22.016000747680664,22.893333435058594,22.000667572021484,22.834667205810547,129556500.0,TSLA
2017-07-25,23.0,23.040000915527344,22.27666664123535,22.639999389648438,104838000.0,TSLA
2017-07-26,22.69066619873047,23.03333282470703,22.541332244873047,22.92333221435547,72312000.0,TSLA
2017-07-27,23.066667556762695,23.166667938232422,21.752666473388672,22.297332763671875,124536000.0,TSLA
2017-07-28,22.459333419799805,22.639999389648438,22.167333602905273,22.33799934387207,73206000.0,TSLA
2017-07-31,22.366666793823242,22.766000747680664,21.402666091918945,21.564666748046875,128026500.0,TSLA
2017-08-01,21.53333282470703,21.6299991607666,21.075332641601562,21.30466651916504,124546500.0,TSLA
2017-08-02,21.262666702270508,21.808000564575195,20.74799919128418,21.72599983215332,196372500.0,TSLA
2017-08-03,23.02199935913086,23.333332061767578,22.876667022705078,23.139333724975586,203025000.0,TSLA
2017-08-04,23.133333206176758,23.81800079345703,22.886667251586914,23.79400062561035,139033500.0,TSLA
2017-08-07,23.823333740234375,23.965333938598633,23.516666412353516,23.67799949645996,94867500.0,TSLA
2017-08-08,23.8353328704834,24.57200050354004,23.82666778564453,24.347999572753906,111747000.0,TSLA
2017-08-09,24.066667556762695,24.666667938232422,23.93000030517578,24.235332489013672,103381500.0,TSLA
2017-08-10,24.106666564941406,24.44333267211914,23.643999099731445,23.69333267211914,106393500.0,TSLA
2017-08-11,23.79800033569336,24.083999633789062,23.57466697692871,23.857999801635742,65487000.0,TSLA
2017-08-14,24.308666229248047,24.51066780090332,24.17333221435547,24.253332138061523,67788000.0,TSLA
2017-08-15,24.34666633605957,24.365999221801758,23.95800018310547,24.155332565307617,46276500.0,TSLA
2017-08-16,24.200000762939453,24.433332443237305,24.167999267578125,24.194000244140625,51207000.0,TSLA
2017-08-17,24.08066749572754,24.219999313354492,23.439332962036133,23.461332321166992,75415500.0,TSLA
2017-08-18,23.527332305908203,23.600000381469727,23.053333282470703,23.163999557495117,81123000.0,TSLA
2017-08-21,23.05466651916504,23.05466651916504,22.123332977294922,22.52400016784668,97431000.0,TSLA
2017-08-22,22.742000579833984,22.81599998474121,22.4913330078125,22.75666618347168,64830000.0,TSLA
2017-08-23,22.599332809448242,23.56599998474121,22.553333282470703,23.51799964904785,74317500.0,TSLA
2017-08-24,23.501333236694336,23.777332305908203,23.31599998474121,23.528667449951172,68770500.0,TSLA
2017-08-25,23.615999221801758,23.71266746520996,23.15333366394043,23.203332901000977,52260000.0,TSLA
2017-08-28,23.152000427246094,23.156667709350586,22.648000717163086,23.04400062561035,56460000.0,TSLA
2017-08-29,22.631999969482422,23.270000457763672,22.583332061767578,23.157333374023438,61105500.0,TSLA
2017-08-30,23.31133270263672,23.564666748046875,23.133333206176758,23.545333862304688,51193500.0,TSLA
2017-08-31,23.56999969482422,23.895999908447266,23.521333694458008,23.726667404174805,61092000.0,TSLA
2017-09-01,23.7413330078125,23.839332580566406,23.57933235168457,23.69333267211914,45742500.0,TSLA
2017-09-05,23.586666107177734,23.69933319091797,23.05933380126953,23.305999755859375,57526500.0,TSLA
2017-09-06,23.299999237060547,23.398666381835938,22.770666122436523,22.968666076660156,61371000.0,TSLA
2017-09-07,23.065332412719727,23.498666763305664,22.89666748046875,23.374000549316406,63588000.0,TSLA
2017-09-08,23.266000747680664,23.318666458129883,22.81999969482422,22.893333435058594,48952500.0,TSLA
2017-09-11,23.42333221435547,24.247333526611328,23.333332061767578,24.246000289916992,115006500.0,TSLA
2017-09-12,24.299333572387695,24.583999633789062,24.02666664123535,24.183332443237305,89593500.0,TSLA
2017-09-13,24.254667282104492,24.538000106811523,23.972667694091797,24.415332794189453,62778000.0,TSLA
2017-09-14,24.288667678833008,25.19733238220215,24.17533302307129,25.176000595092773,108037500.0,TSLA
2017-09-15,24.96733283996582,25.333332061767578,24.84666633605957,25.320667266845703,81307500.0,TSLA
2017-09-18,25.350000381469727,25.974000930786133,25.178667068481445,25.666667938232422,107820000.0,TSLA
2017-09-19,25.333332061767578,25.492666244506836,24.904666900634766,25.00666618347168,96778500.0,TSLA
2017-09-20,24.866666793823242,25.21666717529297,24.738000869750977,24.92733383178711,73786500.0,TSLA
2017-09-21,24.99333381652832,25.121999740600586,24.30066680908203,24.43199920654297,69273000.0,TSLA
2017-09-22,24.432666778564453,24.65999984741211,23.392000198364258,23.4060001373291,122391000.0,TSLA
2017-09-25,23.543333053588867,23.83133316040039,22.858667373657227,22.999332427978516,114088500.0,TSLA
2017-09-26,23.39533233642578,23.416000366210938,22.726667404174805,23.016666412353516,107344500.0,TSLA
2017-09-27,23.32666778564453,23.432666778564453,22.700000762939453,22.731332778930664,90904500.0,TSLA
2017-09-28,22.658666610717773,22.850000381469727,22.360000610351562,22.639999389648438,79794000.0,TSLA
2017-09-29,22.790666580200195,22.978666305541992,22.573333740234375,22.739999771118164,76606500.0,TSLA
2017-10-02,22.834667205810547,22.913333892822266,22.367332458496094,22.768667221069336,79302000.0,TSLA
2017-10-03,22.393333435058594,23.23666763305664,22.0853328704834,23.209333419799805,152304000.0,TSLA
2017-10-04,23.416667938232422,23.908000946044922,23.30666732788086,23.667333602905273,122452500.0,TSLA
2017-10-05,23.733333587646484,23.82933235168457,23.42333221435547,23.68866729736328,62575500.0,TSLA
2017-10-06,23.540000915527344,24.00666618347168,23.483333587646484,23.79199981689453,64462500.0,TSLA
2017-10-09,23.309999465942383,23.450000762939453,22.844667434692383,22.862667083740234,112405500.0,TSLA
2017-10-10,23.1200008392334,23.708667755126953,23.03533363342285,23.70599937438965,104677500.0,TSLA
2017-10-11,23.592666625976562,23.84000015258789,23.40999984741211,23.639999389648438,67512000.0,TSLA
2017-10-12,23.530000686645508,23.985332489013672,23.50933265686035,23.711999893188477,61305000.0,TSLA
2017-10-13,23.798667907714844,23.89933204650879,23.57866668701172,23.704666137695312,53107500.0,TSLA
2017-10-16,23.583999633789062,23.631999969482422,23.143999099731445,23.373332977294922,80632500.0,TSLA
2017-10-17,23.393999099731445,23.74799919128418,23.33799934387207,23.71666717529297,49399500.0,TSLA
2017-10-18,23.731332778930664,24.200000762939453,23.608667373657227,23.976667404174805,74086500.0,TSLA
2017-10-19,23.70400047302246,23.809999465942383,23.213333129882812,23.45400047302246,75927000.0,TSLA
2017-10-20,23.512666702270508,23.636667251586914,22.95599937438965,23.00666618347168,73956000.0,TSLA
2017-10-23,23.325332641601562,23.329999923706055,22.416667938232422,22.468000411987305,86209500.0,TSLA
2017-10-24,22.586666107177734,22.85333251953125,22.410667419433594,22.48933219909668,67375500.0,TSLA
2017-10-25,22.446666717529297,22.5,21.570667266845703,21.722667694091797,128911500.0,TSLA
2017-10-26,21.851999282836914,22.01533317565918,21.546667098999023,21.744667053222656,75352500.0,TSLA
2017-10-27,21.316667556762695,21.639333724975586,21.110666275024414,21.391332626342773,104695500.0,TSLA
2017-10-30,21.278667449951172,21.5853328704834,21.149999618530273,21.338666915893555,63816000.0,TSLA
2017-10-31,21.34866714477539,22.1299991607666,21.345333099365234,22.101999282836914,85084500.0,TSLA
2017-11-01,22.149999618530273,22.173999786376953,21.35066795349121,21.405332565307617,126859500.0,TSLA
2017-11-02,20.0086669921875,20.57933235168457,19.5086669921875,19.950666427612305,296871000.0,TSLA
2017-11-03,19.96666717529297,20.416667938232422,19.67533302307129,20.4060001373291,133410000.0,TSLA
2017-11-06,20.46666717529297,20.5,19.93400001525879,20.185333251953125,97290000.0,TSLA
2017-11-07,20.06800079345703,20.433332443237305,20.00200080871582,20.40333366394043,79414500.0,TSLA
2017-11-08,20.366666793823242,20.459333419799805,20.086666107177734,20.292667388916016,70879500.0,TSLA
2017-11-09,20.166667938232422,20.297332763671875,19.753332138061523,20.19933319091797,81706500.0,TSLA
2017-11-10,20.166667938232422,20.55733299255371,20.123332977294922,20.19933319091797,69381000.0,TSLA
2017-11-13,20.0086669921875,21.1200008392334,19.94066619873047,21.02666664123535,113773500.0,TSLA
2017-11-14,21.0,21.09000015258789,20.459999084472656,20.579999923706055,85141500.0,TSLA
2017-11-15,20.400667190551758,20.832666397094727,20.100000381469727,20.753332138061523,89680500.0,TSLA
2017-11-16,20.932666778564453,21.209333419799805,20.753332138061523,20.833332061767578,87331500.0,TSLA
2017-11-17,21.711332321166992,21.777999877929688,20.876667022705078,21.003332138061523,206026500.0,TSLA
2017-11-20,20.91933250427246,21.03333282470703,20.316667556762695,20.582666397094727,123715500.0,TSLA
2017-11-21,20.724000930786133,21.215333938598633,20.58066749572754,21.187332153320312,108919500.0,TSLA
2017-11-22,21.118000030517578,21.161333084106445,20.78933334350586,20.84000015258789,73764000.0,TSLA
2017-11-24,20.91933250427246,21.0939998626709,20.733333587646484,21.036666870117188,48661500.0,TSLA
2017-11-27,20.883333206176758,21.1560001373291,20.634000778198242,21.12066650390625,68338500.0,TSLA
2017-11-28,21.090667724609375,21.333332061767578,20.92799949645996,21.170000076293945,74242500.0,TSLA
2017-11-29,21.15333366394043,21.200000762939453,20.082000732421875,20.502666473388672,131511000.0,TSLA
2017-11-30,20.570667266845703,20.713333129882812,20.30266761779785,20.59000015258789,65274000.0,TSLA
2017-12-01,20.362667083740234,20.687999725341797,20.336666107177734,20.435333251953125,64393500.0,TSLA
2017-12-04,20.433332443237305,20.551332473754883,20.040666580200195,20.34666633605957,87526500.0,TSLA
2017-12-05,20.133333206176758,20.53333282470703,20.066667556762695,20.246667861938477,69697500.0,TSLA
2017-12-06,20.00666618347168,20.892667770385742,20.0,20.884000778198242,107929500.0,TSLA
2017-12-07,20.799999237060547,21.242000579833984,20.73666763305664,20.749332427978516,71709000.0,TSLA
2017-12-08,20.97333335876465,21.131999969482422,20.750667572021484,21.0086669921875,52027500.0,TSLA
2017-12-11,20.975332260131836,21.93400001525879,20.916667938232422,21.92733383178711,119070000.0,TSLA
2017-12-12,22.030000686645508,22.762666702270508,22.00200080871582,22.735332489013672,130998000.0,TSLA
2017-12-13,22.728666305541992,22.947999954223633,22.433332443237305,22.601999282836914,93322500.0,TSLA
2017-12-14,22.733999252319336,23.16266632080078,22.459999084472656,22.525999069213867,86998500.0,TSLA
2017-12-15,22.80266761779785,22.926666259765625,22.384000778198242,22.89666748046875,103998000.0,TSLA
2017-12-18,22.99333381652832,23.115333557128906,22.505332946777344,22.591333389282227,82143000.0,TSLA
2017-12-19,22.68400001525879,22.766000747680664,22.020000457763672,22.073333740234375,102375000.0,TSLA
2017-12-20,22.179332733154297,22.206666946411133,21.66933250427246,21.93199920654297,89307000.0,TSLA
2017-12-21,21.972667694091797,22.249332427978516,21.81399917602539,22.110666275024414,65778000.0,TSLA
2017-12-22,21.96733283996582,22.06133270263672,21.654666900634766,21.68000030517578,63237000.0,TSLA
2017-12-26,21.588666915893555,21.59600067138672,21.10533332824707,21.152666091918945,65676000.0,TSLA
2017-12-27,21.066667556762695,21.178667068481445,20.71666717529297,20.775999069213867,70681500.0,TSLA
2017-12-28,20.78333282470703,21.05466651916504,20.63599967956543,21.02400016784668,64744500.0,TSLA
2017-12-29,21.07866668701172,21.0939998626709,20.666667938232422,20.75666618347168,56658000.0,TSLA
2018-01-02,20.799999237060547,21.474000930786133,20.733333587646484,21.368667602539062,65283000.0,TSLA
2018-01-03,21.399999618530273,21.683332443237305,21.036666870117188,21.149999618530273,67822500.0,TSLA
2018-01-04,20.857999801635742,21.23666763305664,20.3786678314209,20.974666595458984,149194500.0,TSLA
2018-01-05,21.107999801635742,21.14933204650879,20.799999237060547,21.10533332824707,68868000.0,TSLA
2018-01-08,21.066667556762695,22.468000411987305,21.03333282470703,22.42733383178711,147891000.0,TSLA
2018-01-09,22.3439998626709,22.586666107177734,21.82666778564453,22.246000289916992,107199000.0,TSLA
2018-01-10,22.14666748046875,22.46666717529297,22.0,22.31999969482422,64648500.0,TSLA
2018-01-11,22.349332809448242,22.987333297729492,22.21733283996582,22.530000686645508,99682500.0,TSLA
2018-01-12,22.575332641601562,22.694000244140625,22.244667053222656,22.4146671295166,72376500.0,TSLA
2018-01-16,22.502666473388672,23.0,22.31999969482422,22.67066764831543,97114500.0,TSLA
2018-01-17,22.697999954223633,23.266666412353516,22.649999618530273,23.143999099731445,106552500.0,TSLA
2018-01-18,23.044666290283203,23.48666763305664,22.916000366210938,22.971332550048828,85287000.0,TSLA
2018-01-19,23.0,23.37266731262207,22.84000015258789,23.334667205810547,73324500.0,TSLA
2018-01-22,23.293333053588867,23.85533332824707,23.280000686645508,23.437332153320312,93156000.0,TSLA
2018-01-23,24.0,24.03333282470703,23.399999618530273,23.519332885742188,81981000.0,TSLA
2018-01-24,23.6386661529541,23.649999618530273,22.90133285522461,23.05933380126953,79312500.0,TSLA
2018-01-25,23.218000411987305,23.280000686645508,22.426666259765625,22.50933265686035,101104500.0,TSLA
2018-01-26,22.766666412353516,22.933332443237305,22.380666732788086,22.856666564941406,68091000.0,TSLA
2018-01-29,22.656667709350586,23.389999389648438,22.552000045776367,23.302000045776367,71206500.0,TSLA
2018-01-30,23.00933265686035,23.218000411987305,22.81133270263672,23.05466651916504,70765500.0,TSLA
2018-01-31,23.167333602905273,23.746000289916992,23.012666702270508,23.62066650390625,93211500.0,TSLA
2018-02-01,23.399999618530273,23.977333068847656,23.242000579833984,23.28333282470703,62965500.0,TSLA
2018-02-02,23.229333877563477,23.463333129882812,22.700666427612305,22.916667938232422,55572000.0,TSLA
2018-02-05,22.531333923339844,22.96466636657715,22.200000762939453,22.208667755126953,66961500.0,TSLA
2018-02-06,21.680667877197266,22.4146671295166,21.566667556762695,22.264667510986328,76326000.0,TSLA
2018-02-07,22.599332809448242,23.066667556762695,22.37733268737793,23.0,104538000.0,TSLA
2018-02-08,22.887332916259766,23.2413330078125,20.97333335876465,21.01533317565918,154719000.0,TSLA
2018-02-09,21.32866668701172,21.398666381835938,19.650667190551758,20.69466781616211,194005500.0,TSLA
2018-02-12,21.075332641601562,21.205333709716797,20.416667938232422,21.048667907714844,93417000.0,TSLA
2018-02-13,21.001333236694336,21.612667083740234,20.833999633789062,21.577333450317383,68403000.0,TSLA
2018-02-14,21.389333724975586,21.744667053222656,21.23466682434082,21.487333297729492,59260500.0,TSLA
2018-02-15,21.633333206176758,22.274667739868164,21.49333381652832,22.271333694458008,88693500.0,TSLA
2018-02-16,22.166667938232422,22.874666213989258,22.109333038330078,22.365999221801758,84639000.0,TSLA
2018-02-20,22.29800033569336,22.722667694091797,22.100000381469727,22.31800079345703,60141000.0,TSLA
2018-02-21,22.402000427246094,22.645999908447266,22.211332321166992,22.219999313354492,48294000.0,TSLA
2018-02-22,22.368667602539062,23.16266632080078,22.316667556762695,23.077999114990234,104547000.0,TSLA
2018-02-23,23.18866729736328,23.666000366210938,23.139999389648438,23.469999313354492,87261000.0,TSLA
2018-02-26,23.566667556762695,23.933332443237305,23.49066734313965,23.827999114990234,65100000.0,TSLA
2018-02-27,23.75,23.999332427978516,23.333999633789062,23.39933204650879,71961000.0,TSLA
2018-02-28,23.504667282104492,23.682666778564453,22.814666748046875,22.87066650390625,91045500.0,TSLA
2018-03-01,23.000667572021484,23.244667053222656,22.004667282104492,22.062000274658203,103284000.0,TSLA
2018-03-02,21.798667907714844,22.347999572753906,21.531333923339844,22.341333389282227,76392000.0,TSLA
2018-03-05,22.159332275390625,22.516666412353516,21.952667236328125,22.22333335876465,57357000.0,TSLA
2018-03-06,22.25,22.424667358398438,21.802000045776367,21.8799991607666,64285500.0,TSLA
2018-03-07,21.695999145507812,22.166667938232422,21.44933319091797,22.15333366394043,75109500.0,TSLA
2018-03-08,22.19066619873047,22.219999313354492,21.751333236694336,21.940000534057617,53493000.0,TSLA
2018-03-09,21.606666564941406,21.89933204650879,21.4913330078125,21.81133270263672,82602000.0,TSLA
2018-03-12,21.907333374023438,23.1473331451416,21.766666412353516,23.034000396728516,123960000.0,TSLA
2018-03-13,21.907333374023438,23.1473331451416,21.766666412353516,22.78933334350586,89487000.0,TSLA
2018-03-14,22.450666427612305,22.65399932861328,21.595333099365234,21.775333404541016,119511000.0,TSLA
2018-03-15,21.958667755126953,22.190000534057617,21.406667709350586,21.706666946411133,98472000.0,TSLA
2018-03-16,21.528667449951172,21.82666778564453,21.271333694458008,21.42333221435547,91759500.0,TSLA
2018-03-19,21.100000381469727,21.383333206176758,20.64466667175293,20.90399932861328,112264500.0,TSLA
2018-03-20,20.9913330078125,21.083332061767578,20.583999633789062,20.703332901000977,71464500.0,TSLA
2018-03-21,20.683332443237305,21.496000289916992,20.679332733154297,21.101999282836914,89376000.0,TSLA
2018-03-22,20.926000595092773,21.254667282104492,20.545333862304688,20.606666564941406,74097000.0,TSLA
2018-03-23,20.75,20.75,20.030000686645508,20.1026668548584,99823500.0,TSLA
2018-03-26,20.48933219909668,20.506000518798828,19.423999786376953,20.278667449951172,125628000.0,TSLA
2018-03-27,20.266666412353516,20.284666061401367,18.478666305541992,18.61199951171875,208080000.0,TSLA
2018-03-28,17.6386661529541,17.91200065612793,16.80666732788086,17.185333251953125,315021000.0,TSLA
2018-03-29,17.099332809448242,18.06399917602539,16.547332763671875,17.742000579833984,227560500.0,TSLA
2018-04-02,17.083999633789062,17.35533332824707,16.305999755859375,16.832000732421875,241710000.0,TSLA
2018-04-03,17.988000869750977,18.22333335876465,16.965999603271484,17.8353328704834,282666000.0,TSLA
2018-04-04,16.851999282836914,19.224666595458984,16.799999237060547,19.12933349609375,298450500.0,TSLA
2018-04-05,19.28933334350586,20.417333602905273,19.213333129882812,20.381332397460938,286816500.0,TSLA
2018-04-06,20.066667556762695,20.618667602539062,19.700000762939453,19.953332901000977,202804500.0,TSLA
2018-04-09,20.024667739868164,20.633333206176758,19.28066635131836,19.310667037963867,153747000.0,TSLA
2018-04-10,19.931333541870117,20.47333335876465,19.57866668701172,20.31333351135254,164847000.0,TSLA
2018-04-11,20.049333572387695,20.59866714477539,19.977333068847656,20.062000274658203,112243500.0,TSLA
2018-04-12,20.154666900634766,20.26333236694336,19.57866668701172,19.60533332824707,114132000.0,TSLA
2018-04-13,20.239999771118164,20.26333236694336,19.73200035095215,20.022666931152344,109908000.0,TSLA
2018-04-16,19.933332443237305,19.977333068847656,19.267332077026367,19.413999557495117,95077500.0,TSLA
2018-04-17,19.257999420166016,19.47800064086914,18.833999633789062,19.179332733154297,105000000.0,TSLA
2018-04-18,19.405332565307617,20.016000747680664,19.21066665649414,19.55666732788086,98365500.0,TSLA
2018-04-19,19.405332565307617,20.067333221435547,19.23666763305664,20.005332946777344,91359000.0,TSLA
2018-04-20,19.67799949645996,19.998666763305664,19.316667556762695,19.349332809448242,84418500.0,TSLA
2018-04-23,19.41933250427246,19.441333770751953,18.82200050354004,18.891332626342773,73401000.0,TSLA
2018-04-24,19.0,19.139333724975586,18.56399917602539,18.8973331451416,85279500.0,TSLA
2018-04-25,18.899999618530273,19.01066780090332,18.483333587646484,18.71266746520996,60204000.0,TSLA
2018-04-26,18.583332061767578,19.05266761779785,18.433332443237305,19.031999588012695,65340000.0,TSLA
2018-04-27,19.024667739868164,19.631332397460938,18.922000885009766,19.60533332824707,65469000.0,TSLA
2018-04-30,19.573999404907227,19.915332794189453,19.5,19.593332290649414,63423000.0,TSLA
2018-05-01,19.567333221435547,20.05466651916504,19.54800033569336,19.994667053222656,69384000.0,TSLA
2018-05-02,19.904666900634766,20.456666946411133,19.851999282836914,20.07666778564453,134556000.0,TSLA
2018-05-03,18.586000442504883,19.202667236328125,18.34866714477539,18.963333129882812,260281500.0,TSLA
2018-05-04,18.866666793823242,19.790666580200195,18.634666442871094,19.606000900268555,128541000.0,TSLA
2018-05-07,19.833332061767578,20.3973331451416,19.67799949645996,20.184667587280273,130173000.0,TSLA
2018-05-08,20.053333282470703,20.516666412353516,19.933332443237305,20.131332397460938,88950000.0,TSLA
2018-05-09,20.027332305908203,20.46733283996582,20.003332138061523,20.456666946411133,85911000.0,TSLA
2018-05-10,20.5,20.865999221801758,20.27400016784668,20.334667205810547,84774000.0,TSLA
2018-05-11,20.51333236694336,20.591999053955078,19.93866729736328,20.070667266845703,70194000.0,TSLA
2018-05-14,20.221332550048828,20.32933235168457,19.441333770751953,19.46466636657715,109302000.0,TSLA
2018-05-15,19.000667572021484,19.130666732788086,18.700000762939453,18.94533348083496,142788000.0,TSLA
2018-05-16,18.922000885009766,19.253999710083008,18.770666122436523,19.09866714477539,85110000.0,TSLA
2018-05-17,19.059999465942383,19.279333114624023,18.931333541870117,18.96933364868164,66309000.0,TSLA
2018-05-18,18.976667404174805,18.976667404174805,18.266666412353516,18.454666137695312,108778500.0,TSLA
2018-05-21,18.755332946777344,19.432666778564453,18.753332138061523,18.965999603271484,137739000.0,TSLA
2018-05-22,19.18400001525879,19.200000762939453,18.22800064086914,18.333999633789062,134187000.0,TSLA
2018-05-23,18.517332077026367,18.660667419433594,18.266666412353516,18.60466766357422,89776500.0,TSLA
2018-05-24,18.559999465942383,18.74066734313965,18.326000213623047,18.523332595825195,62650500.0,TSLA
2018-05-25,18.5086669921875,18.642667770385742,18.374000549316406,18.59000015258789,58126500.0,TSLA
2018-05-29,18.567333221435547,19.100000381469727,18.40999984741211,18.917333602905273,84999000.0,TSLA
2018-05-30,18.88599967956543,19.667333602905273,18.773332595825195,19.447999954223633,112345500.0,TSLA
2018-05-31,19.1473331451416,19.357999801635742,18.86199951171875,18.98200035095215,88795500.0,TSLA
2018-06-01,19.05733299255371,19.463333129882812,18.922666549682617,19.454666137695312,81366000.0,TSLA
2018-06-04,19.62266731262207,19.933332443237305,19.56999969482422,19.78266716003418,71967000.0,TSLA
2018-06-05,19.84666633605957,19.85333251953125,19.115999221801758,19.408666610717773,89928000.0,TSLA
2018-06-06,20.03333282470703,21.47800064086914,19.832000732421875,21.299999237060547,281509500.0,TSLA
2018-06-07,21.07666778564453,22.0,20.905332565307617,21.07266616821289,215179500.0,TSLA
2018-06-08,21.266666412353516,21.631999969482422,21.143333435058594,21.17733383178711,123078000.0,TSLA
2018-06-11,21.500667572021484,22.310667037963867,21.5,22.139999389648438,197752500.0,TSLA
2018-06-12,22.979999542236328,23.6646671295166,22.53333282470703,22.851333618164062,335211000.0,TSLA
2018-06-13,23.11400032043457,23.14666748046875,22.65333366394043,22.985332489013672,142047000.0,TSLA
2018-06-14,23.17533302307129,23.916667938232422,23.106666564941406,23.847999572753906,164715000.0,TSLA
2018-06-15,23.589332580566406,24.31133270263672,23.416667938232422,23.878000259399414,162724500.0,TSLA
2018-06-18,23.69333267211914,24.915332794189453,23.633333206176758,24.722000122070312,181098000.0,TSLA
2018-06-19,24.3439998626709,24.666667938232422,23.083332061767578,23.503332138061523,191428500.0,TSLA
2018-06-20,23.869333267211914,24.29199981689453,23.46666717529297,24.148000717163086,125755500.0,TSLA
2018-06-21,24.133333206176758,24.413999557495117,23.084667205810547,23.167333602905273,119506500.0,TSLA
2018-06-22,23.43600082397461,23.483333587646484,22.133333206176758,22.242000579833984,153991500.0,TSLA
2018-06-25,22.007999420166016,22.564666748046875,21.833332061767578,22.200666427612305,103969500.0,TSLA
2018-06-26,22.40333366394043,22.90333366394043,21.719999313354492,22.799999237060547,111787500.0,TSLA
2018-06-27,23.0,23.38599967956543,22.633333206176758,22.96666717529297,125005500.0,TSLA
2018-06-28,23.243999481201172,23.801332473754883,23.073999404907227,23.32866668701172,125970000.0,TSLA
2018-06-29,23.55533218383789,23.590667724609375,22.827333450317383,22.863332748413086,97386000.0,TSLA
2018-07-02,24.004667282104492,24.318666458129883,21.989999771118164,22.33799934387207,281397000.0,TSLA
2018-07-03,22.116666793823242,22.166000366210938,20.645999908447266,20.724000930786133,184239000.0,TSLA
2018-07-05,20.917333602905273,20.959333419799805,19.74799919128418,20.610666275024414,262146000.0,TSLA
2018-07-06,20.329999923706055,20.80466651916504,20.133333206176758,20.593332290649414,132982500.0,TSLA
2018-07-09,20.799333572387695,21.23466682434082,20.53333282470703,21.233999252319336,113952000.0,TSLA
2018-07-10,21.637332916259766,21.845333099365234,21.280000686645508,21.49799919128418,142072500.0,TSLA
2018-07-11,21.053333282470703,21.46266746520996,21.004667282104492,21.263999938964844,73261500.0,TSLA
2018-07-12,21.428667068481445,21.548667907714844,20.851333618164062,21.11400032043457,85818000.0,TSLA
2018-07-13,21.038667678833008,21.30533218383789,20.616666793823242,21.257999420166016,88047000.0,TSLA
2018-07-16,20.78066635131836,21.01066780090332,20.416667938232422,20.67333221435547,117280500.0,TSLA
2018-07-17,20.58733367919922,21.64933204650879,20.566667556762695,21.512666702270508,104943000.0,TSLA
2018-07-18,21.666667938232422,21.700000762939453,21.083332061767578,21.59000015258789,84363000.0,TSLA
2018-07-19,21.088666915893555,21.569332122802734,20.93400001525879,21.34866714477539,88729500.0,TSLA
2018-07-20,21.415332794189453,21.549333572387695,20.78066635131836,20.905332565307617,77433000.0,TSLA
2018-07-23,20.12266731262207,20.366666793823242,19.52400016784668,20.213333129882812,164893500.0,TSLA
2018-07-24,20.294666290283203,20.514667510986328,19.503332138061523,19.82866668701172,143862000.0,TSLA
2018-07-25,19.78266716003418,20.641332626342773,19.633333206176758,20.582666397094727,106131000.0,TSLA
2018-07-26,20.323333740234375,20.713333129882812,20.242666244506836,20.44333267211914,69457500.0,TSLA
2018-07-27,20.483333587646484,20.512666702270508,19.689332962036133,19.812000274658203,85549500.0,TSLA
2018-07-30,19.726667404174805,19.739999771118164,19.075332641601562,19.344667434692383,102211500.0,TSLA
2018-07-31,19.483333587646484,19.88800048828125,19.271333694458008,19.875999450683594,76153500.0,TSLA
2018-08-01,19.865999221801758,20.200000762939453,19.53333282470703,20.055999755859375,151941000.0,TSLA
2018-08-02,21.895999908447266,23.332666397094727,21.54400062561035,23.30266761779785,348225000.0,TSLA
2018-08-03,23.187332153320312,23.666667938232422,22.8353328704834,23.211332321166992,204847500.0,TSLA
2018-08-06,23.03066635131836,23.665332794189453,22.788000106811523,22.799333572387695,128464500.0,TSLA
2018-08-07,22.922666549682617,25.83066749572754,22.610000610351562,25.30466651916504,463137000.0,TSLA
2018-08-08,24.606000900268555,25.50933265686035,24.474666595458984,24.689332962036133,368568000.0,TSLA
2018-08-09,24.3700008392334,24.46733283996582,23.048667907714844,23.496667861938477,257757000.0,TSLA
2018-08-10,23.600000381469727,24.0,23.066667556762695,23.69933319091797,173280000.0,TSLA
2018-08-13,24.075332641601562,24.21266746520996,23.26799964904785,23.76066780090332,156958500.0,TSLA
2018-08-14,23.89666748046875,23.946666717529297,23.139999389648438,23.176000595092773,104796000.0,TSLA
2018-08-15,22.79400062561035,22.965999603271484,22.142667770385742,22.57933235168457,136519500.0,TSLA
2018-08-16,22.660667419433594,22.818666458129883,22.254667282104492,22.363332748413086,90960000.0,TSLA
2018-08-17,21.566667556762695,21.784666061401367,20.235332489013672,20.366666793823242,284379000.0,TSLA
2018-08-20,19.446666717529297,20.566667556762695,19.213333129882812,20.562667846679688,261034500.0,TSLA
2018-08-21,20.707332611083984,21.652666091918945,20.600000381469727,21.459999084472656,197583000.0,TSLA
2018-08-22,21.391332626342773,21.591999053955078,20.97800064086914,21.44266700744629,89190000.0,TSLA
2018-08-23,21.275999069213867,21.821332931518555,21.206666946411133,21.34000015258789,77209500.0,TSLA
2018-08-24,21.3799991607666,21.59000015258789,21.293333053588867,21.521333694458008,54039000.0,TSLA
2018-08-27,21.200000762939453,21.496000289916992,20.58733367919922,21.284666061401367,196189500.0,TSLA
2018-08-28,21.227333068847656,21.2586669921875,20.746000289916992,20.790666580200195,114736500.0,TSLA
2018-08-29,20.684667587280273,20.790000915527344,20.246000289916992,20.333999633789062,111711000.0,TSLA
2018-08-30,20.150667190551758,20.30666732788086,19.847999572753906,20.209999084472656,108250500.0,TSLA
2018-08-31,20.133333206176758,20.354000091552734,19.906667709350586,20.110666275024414,80626500.0,TSLA
2018-09-04,19.79599952697754,19.87933349609375,19.200000762939453,19.26333236694336,125257500.0,TSLA
2018-09-05,19.003332138061523,19.118667602539062,18.478666305541992,18.715999603271484,115812000.0,TSLA
2018-09-06,18.98666763305664,19.411333084106445,18.591999053955078,18.729999542236328,112212000.0,TSLA
2018-09-07,17.34000015258789,17.889999389648438,16.816667556762695,17.549333572387695,337378500.0,TSLA
2018-09-10,18.21733283996582,19.068666458129883,18.066667556762695,19.03333282470703,214252500.0,TSLA
2018-09-11,18.631332397460938,18.799999237060547,18.23666763305664,18.62933349609375,137550000.0,TSLA
2018-09-12,18.762666702270508,19.5,18.57666778564453,19.369333267211914,150231000.0,TSLA
2018-09-13,19.201332092285156,19.666667938232422,19.011999130249023,19.297332763671875,95104500.0,TSLA
2018-09-14,19.250667572021484,19.82200050354004,19.101333618164062,19.68000030517578,101484000.0,TSLA
2018-09-17,19.336000442504883,20.058000564575195,19.208667755126953,19.6560001373291,103314000.0,TSLA
2018-09-18,19.779333114624023,20.176000595092773,18.366666793823242,18.997333526611328,248212500.0,TSLA
2018-09-19,18.700666427612305,20.0,18.700000762939453,19.934667587280273,124423500.0,TSLA
2018-09-20,20.237333297729492,20.398666381835938,19.55533218383789,19.8886661529541,110241000.0,TSLA
2018-09-21,19.84666633605957,20.038667678833008,19.691333770751953,19.940000534057617,75757500.0,TSLA
2018-09-24,19.898666381835938,20.200000762939453,19.57200050354004,19.978666305541992,72645000.0,TSLA
2018-09-25,20.0,20.30666732788086,19.766666412353516,20.06599998474121,67225500.0,TSLA
2018-09-26,20.12733268737793,20.926000595092773,20.073999404907227,20.6386661529541,117648000.0,TSLA
2018-09-27,20.860000610351562,20.997333526611328,20.46066665649414,20.501333236694336,127636500.0,TSLA
2018-09-28,18.017332077026367,18.53333282470703,17.37066650390625,17.65133285522461,504745500.0,TSLA
2018-10-01,20.384666442871094,20.762666702270508,20.06999969482422,20.713333129882812,326664000.0,TSLA
2018-10-02,20.93000030517578,21.12266731262207,19.94333267211914,20.06800079345703,176152500.0,TSLA
2018-10-03,20.222000122070312,20.30666732788086,19.437999725341797,19.65333366394043,119925000.0,TSLA
2018-10-04,19.59666633605957,19.600000381469727,18.511333465576172,18.788667678833008,147213000.0,TSLA
2018-10-05,18.309999465942383,18.325332641601562,17.333332061767578,17.463333129882812,269167500.0,TSLA
2018-10-08,17.634666442871094,17.85066795349121,16.600000381469727,16.70400047302246,202090500.0,TSLA
2018-10-09,17.016666412353516,17.784666061401367,16.886667251586914,17.520000457763672,180909000.0,TSLA
2018-10-10,17.640666961669922,17.700666427612305,16.51799964904785,17.125333786010742,192229500.0,TSLA
2018-10-11,17.16866683959961,17.483333587646484,16.601999282836914,16.815332412719727,122515500.0,TSLA
2018-10-12,17.399999618530273,17.465999603271484,16.80066680908203,17.25200080871582,108021000.0,TSLA
2018-10-15,17.270666122436523,17.552000045776367,16.96933364868164,17.305999755859375,93000000.0,TSLA
2018-10-16,17.713333129882812,18.492000579833984,17.482667922973633,18.439332962036133,142896000.0,TSLA
2018-10-17,18.82666778564453,18.84666633605957,17.719999313354492,18.118667602539062,129832500.0,TSLA
2018-10-18,17.952667236328125,18.066667556762695,17.53333282470703,17.5939998626709,81318000.0,TSLA
2018-10-19,17.826000213623047,17.977333068847656,16.899999618530273,17.333332061767578,140632500.0,TSLA
2018-10-22,17.3786678314209,17.457332611083984,16.839332580566406,17.39666748046875,84004500.0,TSLA
2018-10-23,17.591333389282227,19.86199951171875,17.47333335876465,19.609333038330078,285417000.0,TSLA
2018-10-24,20.06999969482422,20.29599952697754,19.048667907714844,19.233333587646484,300874500.0,TSLA
2018-10-25,21.148000717163086,21.399999618530273,20.067333221435547,20.99066734313965,312610500.0,TSLA
2018-10-26,20.549999237060547,22.65999984741211,20.44333267211914,22.059999465942383,411382500.0,TSLA
2018-10-29,22.49799919128418,23.143999099731445,21.766666412353516,22.323333740234375,217290000.0,TSLA
2018-10-30,21.892667770385742,22.52666664123535,21.483999252319336,21.99333381652832,136900500.0,TSLA
2018-10-31,22.16933250427246,22.799999237060547,21.940000534057617,22.488000869750977,114364500.0,TSLA
2018-11-01,22.55066680908203,23.189332962036133,22.315332412719727,22.95199966430664,120001500.0,TSLA
2018-11-02,22.916000366210938,23.280000686645508,22.727333068847656,23.0939998626709,117120000.0,TSLA
2018-11-05,22.700000762939453,22.930667877197266,22.00933265686035,22.760000228881836,117465000.0,TSLA
2018-11-06,22.60466766357422,23.253332138061523,22.4060001373291,22.737333297729492,101443500.0,TSLA
2018-11-07,22.889333724975586,23.41200065612793,22.719999313354492,23.21066665649414,110617500.0,TSLA
2018-11-08,23.233333587646484,23.838666915893555,23.229333877563477,23.426666259765625,106360500.0,TSLA
2018-11-09,23.266666412353516,23.600000381469727,23.01533317565918,23.367332458496094,76482000.0,TSLA
2018-11-12,23.224666595458984,23.318666458129883,22.022666931152344,22.0853328704834,104122500.0,TSLA
2018-11-13,22.21066665649414,22.979999542236328,22.14666748046875,22.582000732421875,81729000.0,TSLA
2018-11-14,22.84666633605957,23.140666961669922,22.476667404174805,22.933332443237305,75604500.0,TSLA
2018-11-15,22.82200050354004,23.238666534423828,22.6026668548584,23.229333877563477,69385500.0,TSLA
2018-11-16,23.012666702270508,23.713333129882812,23.007999420166016,23.62066650390625,108093000.0,TSLA
2018-11-19,23.756000518798828,24.450000762939453,23.525333404541016,23.564666748046875,145633500.0,TSLA
2018-11-20,22.78333282470703,23.31999969482422,22.23666763305664,23.166000366210938,120070500.0,TSLA
2018-11-21,23.46666717529297,23.540000915527344,22.49333381652832,22.54599952697754,70302000.0,TSLA
2018-11-23,22.290000915527344,22.5,21.703332901000977,21.722000122070312,63039000.0,TSLA
2018-11-26,21.666667938232422,23.08133316040039,21.666667938232422,23.066667556762695,119881500.0,TSLA
2018-11-27,22.670000076293945,23.130666732788086,22.366666793823242,22.92799949645996,95374500.0,TSLA
2018-11-28,23.06599998474121,23.218666076660156,22.81399917602539,23.191333770751953,61914000.0,TSLA
2018-11-29,23.133333206176758,23.166667938232422,22.636667251586914,22.744667053222656,46210500.0,TSLA
2018-11-30,22.788667678833008,23.440000534057617,22.55066680908203,23.365333557128906,84436500.0,TSLA
2018-12-03,24.0,24.399999618530273,23.46666717529297,23.89933204650879,124597500.0,TSLA
2018-12-04,23.73666763305664,24.57866668701172,23.46666717529297,23.979999542236328,126928500.0,TSLA
2018-12-06,23.733999252319336,24.492000579833984,23.384000778198242,24.20400047302246,117637500.0,TSLA
2018-12-07,24.600000381469727,25.299333572387695,23.843332290649414,23.864667892456055,172668000.0,TSLA
2018-12-10,24.0,24.398666381835938,23.541332244873047,24.343332290649414,99202500.0,TSLA
2018-12-11,24.660667419433594,24.81133270263672,24.01533317565918,24.450666427612305,94632000.0,TSLA
2018-12-12,24.628000259399414,24.79400062561035,24.3439998626709,24.440000534057617,75405000.0,TSLA
2018-12-13,24.676666259765625,25.16266632080078,24.450000762939453,25.119333267211914,110488500.0,TSLA
2018-12-14,25.0,25.191333770751953,24.288667678833008,24.380666732788086,95064000.0,TSLA
2018-12-17,24.133333206176758,24.3799991607666,22.92533302307129,23.22800064086914,115110000.0,TSLA
2018-12-18,23.369333267211914,23.43666648864746,22.246000289916992,22.468666076660156,106500000.0,TSLA
2018-12-19,22.50666618347168,23.134000778198242,21.982667922973633,22.197999954223633,124113000.0,TSLA
2018-12-20,21.803333282470703,22.019332885742188,20.791332244873047,21.025333404541016,136078500.0,TSLA
2018-12-21,21.15999984741211,21.564666748046875,20.82933235168457,21.31800079345703,120252000.0,TSLA
2018-12-24,20.899999618530273,20.96666717529297,19.68000030517578,19.69266700744629,83398500.0,TSLA
2018-12-26,20.0,21.79800033569336,19.606000900268555,21.73933219909668,122446500.0,TSLA
2018-12-27,21.32266616821289,21.47800064086914,20.100000381469727,21.075332641601562,128626500.0,TSLA
2018-12-28,21.540000915527344,22.416000366210938,21.227333068847656,22.257999420166016,149085000.0,TSLA
2018-12-31,22.519332885742188,22.61400032043457,21.68400001525879,22.18666648864746,94534500.0,TSLA
2019-01-02,20.406667709350586,21.0086669921875,19.920000076293945,20.674667358398438,174879000.0,TSLA
2019-01-03,20.46666717529297,20.626667022705078,19.825332641601562,20.02400016784668,104478000.0,TSLA
2019-01-04,20.399999618530273,21.200000762939453,20.18199920654297,21.179332733154297,110911500.0,TSLA
2019-01-07,21.447999954223633,22.44933319091797,21.183332443237305,22.33066749572754,113268000.0,TSLA
2019-01-08,22.797332763671875,22.93400001525879,21.801332473754883,22.356666564941406,105127500.0,TSLA
2019-01-09,22.366666793823242,22.899999618530273,22.097999572753906,22.568666458129883,81493500.0,TSLA
2019-01-10,22.293333053588867,23.025999069213867,22.119333267211914,22.99799919128418,90846000.0,TSLA
2019-01-11,22.805999755859375,23.227333068847656,22.584667205810547,23.150667190551758,75586500.0,TSLA
2019-01-14,22.825332641601562,22.833332061767578,22.266666412353516,22.293333053588867,78709500.0,TSLA
2019-01-15,22.333332061767578,23.253332138061523,22.299999237060547,22.961999893188477,90849000.0,TSLA
2019-01-16,22.985332489013672,23.46666717529297,22.899999618530273,23.06999969482422,70375500.0,TSLA
2019-01-17,23.08066749572754,23.433332443237305,22.94333267211914,23.15399932861328,55150500.0,TSLA
2019-01-18,21.53333282470703,21.808666229248047,19.98200035095215,20.150667190551758,362262000.0,TSLA
2019-01-22,20.321332931518555,20.53333282470703,19.700000762939453,19.92799949645996,181000500.0,TSLA
2019-01-23,19.5,19.633333206176758,18.779333114624023,19.172666549682617,187950000.0,TSLA
2019-01-24,18.868667602539062,19.57866668701172,18.618667602539062,19.43400001525879,120183000.0,TSLA
2019-01-25,19.625999450683594,19.90133285522461,19.303333282470703,19.80266761779785,108744000.0,TSLA
2019-01-28,19.527332305908203,19.83066749572754,19.183332443237305,19.7586669921875,96349500.0,TSLA
2019-01-29,19.684667587280273,19.90399932861328,19.453332901000977,19.83066749572754,69325500.0,TSLA
2019-01-30,20.030000686645508,20.600000381469727,19.89933204650879,20.584667205810547,168754500.0,TSLA
2019-01-31,20.066667556762695,20.770666122436523,19.600000381469727,20.468000411987305,188538000.0,TSLA
2019-02-01,20.3613338470459,21.073333740234375,20.233333587646484,20.81399917602539,109251000.0,TSLA
2019-02-04,20.865333557128906,21.020000457763672,20.125333786010742,20.859333038330078,110281500.0,TSLA
2019-02-05,20.832666397094727,21.496000289916992,20.816667556762695,21.42333221435547,101142000.0,TSLA
2019-02-06,21.305999755859375,21.615999221801758,21.041332244873047,21.148000717163086,75577500.0,TSLA
2019-02-07,20.886667251586914,20.979999542236328,20.200000762939453,20.500667572021484,97809000.0,TSLA
2019-02-08,20.455333709716797,20.496667861938477,19.899999618530273,20.386667251586914,87663000.0,TSLA
2019-02-11,20.773332595825195,21.239999771118164,20.700000762939453,20.856000900268555,106945500.0,TSLA
2019-02-12,21.079999923706055,21.21266746520996,20.641332626342773,20.78733253479004,82764000.0,TSLA
2019-02-13,20.823333740234375,20.850000381469727,20.3713321685791,20.544666290283203,77124000.0,TSLA
2019-02-14,20.225332260131836,20.451332092285156,20.066667556762695,20.251333236694336,78012000.0,TSLA
2019-02-15,20.299999237060547,20.53333282470703,20.260000228881836,20.525333404541016,58573500.0,TSLA
2019-02-19,20.437332153320312,20.769332885742188,20.364667892456055,20.375999450683594,62526000.0,TSLA
2019-02-20,20.29400062561035,20.420000076293945,19.933332443237305,20.17066764831543,107131500.0,TSLA
2019-02-21,20.12066650390625,20.215999603271484,19.366666793823242,19.415332794189453,133638000.0,TSLA
2019-02-22,19.632667541503906,19.766666412353516,19.47333335876465,19.6473331451416,86109000.0,TSLA
2019-02-25,19.860666275024414,20.19333267211914,19.799999237060547,19.917999267578125,99397500.0,TSLA
2019-02-26,19.481332778930664,20.134000778198242,19.251333236694336,19.857332229614258,128737500.0,TSLA
2019-02-27,20.118667602539062,21.086666107177734,20.036666870117188,20.982667922973633,167758500.0,TSLA
2019-02-28,21.261333465576172,21.333332061767578,20.720666885375977,21.325332641601562,157810500.0,TSLA
2019-03-01,20.46266746520996,20.475332260131836,19.459999084472656,19.652666091918945,343671000.0,TSLA
2019-03-04,19.874666213989258,19.933332443237305,18.851999282836914,19.02400016784668,256452000.0,TSLA
2019-03-05,18.799999237060547,18.933332443237305,18.00666618347168,18.43600082397461,281470500.0,TSLA
2019-03-06,18.43199920654297,18.767332077026367,18.292667388916016,18.416000366210938,155032500.0,TSLA
2019-03-07,18.589332580566406,18.979999542236328,18.28333282470703,18.439332962036133,141637500.0,TSLA
2019-03-08,18.46066665649414,19.03933334350586,18.392667770385742,18.94266700744629,132294000.0,TSLA
2019-03-11,18.90133285522461,19.41866683959961,18.700000762939453,19.39466667175293,110884500.0,TSLA
2019-03-12,19.099332809448242,19.204666137695312,18.737333297729492,18.890666961669922,112561500.0,TSLA
2019-03-13,18.926666259765625,19.465999603271484,18.84666633605957,19.263999938964844,102670500.0,TSLA
2019-03-14,19.496667861938477,19.69266700744629,19.21933364868164,19.33066749572754,106551000.0,TSLA
2019-03-15,18.900667190551758,18.9146671295166,18.293333053588867,18.36199951171875,221782500.0,TSLA
2019-03-18,18.399999618530273,18.536666870117188,17.81999969482422,17.965999603271484,154215000.0,TSLA
2019-03-19,17.833332061767578,18.219999313354492,17.56399917602539,17.83133316040039,177009000.0,TSLA
2019-03-20,17.979333877563477,18.33133316040039,17.753332138061523,18.239999771118164,103623000.0,TSLA
2019-03-21,18.17333221435547,18.43000030517578,17.89666748046875,18.26799964904785,89206500.0,TSLA
2019-03-22,18.172000885009766,18.18666648864746,17.600000381469727,17.635332107543945,131184000.0,TSLA
2019-03-25,17.31399917602539,17.545333862304688,16.964000701904297,17.3613338470459,153225000.0,TSLA
2019-03-26,17.62933349609375,18.017332077026367,17.6286678314209,17.851333618164062,110263500.0,TSLA
2019-03-27,17.916667938232422,18.357999801635742,17.8786678314209,18.32200050354004,131688000.0,TSLA
2019-03-28,18.477333068847656,18.68866729736328,18.34000015258789,18.57466697692871,101611500.0,TSLA
2019-03-29,18.579999923706055,18.67733383178711,18.299999237060547,18.657333374023438,89869500.0,TSLA
2019-04-01,18.841333389282227,19.280000686645508,18.75200080871582,19.278667449951172,121656000.0,TSLA
2019-04-02,19.219999313354492,19.29599952697754,18.92533302307129,19.058666229248047,82183500.0,TSLA
2019-04-03,19.154666900634766,19.744667053222656,19.14466667175293,19.45400047302246,118791000.0,TSLA
2019-04-04,17.459333419799805,18.079999923706055,17.37266731262207,17.851999282836914,355810500.0,TSLA
2019-04-05,17.99066734313965,18.406667709350586,17.74066734313965,18.33066749572754,195574500.0,TSLA
2019-04-08,18.512666702270508,18.743999481201172,18.029333114624023,18.213333129882812,156156000.0,TSLA
2019-04-09,18.110000610351562,18.333332061767578,17.974000930786133,18.15399932861328,88560000.0,TSLA
2019-04-10,18.44933319091797,18.558666229248047,18.19266700744629,18.40399932861328,105919500.0,TSLA
2019-04-11,17.886667251586914,18.03333282470703,17.706666946411133,17.89466667175293,147538500.0,TSLA
2019-04-12,18.014667510986328,18.1299991607666,17.788667678833008,17.84666633605957,101190000.0,TSLA
2019-04-15,17.908666610717773,17.92533302307129,17.242000579833984,17.7586669921875,150579000.0,TSLA
2019-04-16,17.71666717529297,18.333332061767578,17.648000717163086,18.224000930786133,109093500.0,TSLA
2019-04-17,18.316667556762695,18.319332122802734,17.902666091918945,18.082000732421875,76897500.0,TSLA
2019-04-18,18.082000732421875,18.32266616821289,17.983333587646484,18.21733283996582,88144500.0,TSLA
2019-04-22,17.933332443237305,17.978666305541992,17.498666763305664,17.516666412353516,182206500.0,TSLA
2019-04-23,17.343332290649414,17.706666946411133,17.049999237060547,17.593332290649414,164158500.0,TSLA
2019-04-24,17.59000015258789,17.687999725341797,17.200000762939453,17.243999481201172,160912500.0,TSLA
2019-04-25,17.0,17.266666412353516,16.404666900634766,16.5086669921875,327741000.0,TSLA
2019-04-26,16.433332443237305,16.44533348083496,15.408666610717773,15.675999641418457,335410500.0,TSLA
2019-04-29,15.723999977111816,16.26533317565918,15.477999687194824,16.097999572753906,250717500.0,TSLA
2019-04-30,16.137332916259766,16.28066635131836,15.800000190734863,15.912667274475098,141969000.0,TSLA
2019-05-01,15.923333168029785,16.0,15.433333396911621,15.600666999816895,160566000.0,TSLA
2019-05-02,16.368000030517578,16.475332260131836,15.847999572753906,16.273332595825195,272389500.0,TSLA
2019-05-03,16.257333755493164,17.107332229614258,16.232667922973633,17.00200080871582,355602000.0,TSLA
2019-05-06,16.667999267578125,17.22333335876465,16.566667556762695,17.022666931152344,162508500.0,TSLA
2019-05-07,17.1200008392334,17.1473331451416,16.34000015258789,16.470666885375977,151971000.0,TSLA
2019-05-08,16.46266746520996,16.706666946411133,16.280000686645508,16.32266616821289,92646000.0,TSLA
2019-05-09,16.133333206176758,16.245332717895508,15.795999526977539,16.131999969482422,100671000.0,TSLA
2019-05-10,15.983332633972168,16.132667541503906,15.73466682434082,15.968000411987305,105124500.0,TSLA
2019-05-13,15.46733283996582,15.498000144958496,14.966667175292969,15.133999824523926,162522000.0,TSLA
2019-05-14,15.286666870117188,15.633333206176758,15.199999809265137,15.487333297729492,108786000.0,TSLA
2019-05-15,15.288000106811523,15.496000289916992,15.016667366027832,15.463333129882812,109440000.0,TSLA
2019-05-16,15.299332618713379,15.399999618530273,15.100000381469727,15.222000122070312,112249500.0,TSLA
2019-05-17,14.797332763671875,14.815999984741211,13.928000450134277,14.0686674118042,266800500.0,TSLA
2019-05-20,13.520000457763672,13.733332633972168,13.016667366027832,13.690667152404785,307893000.0,TSLA
2019-05-21,13.184000015258789,13.826666831970215,13.06933307647705,13.67199993133545,270058500.0,TSLA
2019-05-22,13.273332595825195,13.595999717712402,12.785332679748535,12.84866714477539,280278000.0,TSLA
2019-05-23,12.956000328063965,13.29800033569336,12.414667129516602,13.03266716003418,398206500.0,TSLA
2019-05-24,13.321999549865723,13.331999778747559,12.583333015441895,12.708666801452637,212049000.0,TSLA
2019-05-28,12.74666690826416,13.0,12.523332595825195,12.579999923706055,154693500.0,TSLA
2019-05-29,12.473333358764648,12.826000213623047,12.336000442504883,12.657333374023438,179529000.0,TSLA
2019-05-30,12.583333015441895,12.817333221435547,12.468000411987305,12.54800033569336,118897500.0,TSLA
2019-05-31,12.34000015258789,12.661333084106445,12.273332595825195,12.343999862670898,156100500.0,TSLA
2019-06-03,12.36733341217041,12.445332527160645,11.799332618713379,11.9313325881958,195966000.0,TSLA
2019-06-04,12.073332786560059,12.932000160217285,11.973999977111816,12.90666675567627,207112500.0,TSLA
2019-06-05,13.245332717895508,13.41866683959961,12.789999961853027,13.105999946594238,202662000.0,TSLA
2019-06-06,13.629332542419434,14.066666603088379,13.453332901000977,13.729999542236328,303633000.0,TSLA
2019-06-07,13.666666984558105,14.055999755859375,13.566666603088379,13.633333206176758,240052500.0,TSLA
2019-06-10,14.016667366027832,14.462667465209961,13.934000015258789,14.192000389099121,158775000.0,TSLA
2019-06-11,14.609333038330078,14.726667404174805,14.233332633972168,14.473333358764648,174802500.0,TSLA
2019-06-12,14.863332748413086,14.892000198364258,13.933333396911621,13.950667381286621,227962500.0,TSLA
2019-06-13,14.025333404541016,14.326666831970215,13.833999633789062,14.260666847229004,122524500.0,TSLA
2019-06-14,14.083333015441895,14.44333267211914,14.026666641235352,14.32800006866455,111501000.0,TSLA
2019-06-17,14.36533260345459,15.133333206176758,14.284667015075684,15.001999855041504,184752000.0,TSLA
2019-06-18,15.248000144958496,15.649333000183105,14.837332725524902,14.982666969299316,190737000.0,TSLA
2019-06-19,15.007332801818848,15.184666633605957,14.737333297729492,15.095333099365234,98626500.0,TSLA
2019-06-20,14.866666793823242,15.126667022705078,14.423333168029785,14.641332626342773,177952500.0,TSLA
2019-06-21,14.414667129516602,14.812000274658203,14.366666793823242,14.790666580200195,123031500.0,TSLA
2019-06-24,14.88266658782959,15.057332992553711,14.73466682434082,14.909333229064941,86262000.0,TSLA
2019-06-25,14.959333419799805,15.022666931152344,14.63266658782959,14.650667190551758,92731500.0,TSLA
2019-06-26,14.687333106994629,15.148667335510254,14.539999961853027,14.618000030517578,127608000.0,TSLA
2019-06-27,14.630000114440918,14.859999656677246,14.489999771118164,14.855999946594238,95095500.0,TSLA
2019-06-28,14.732666969299316,15.011333465576172,14.720000267028809,14.897333145141602,102771000.0,TSLA
2019-07-01,15.347332954406738,15.539999961853027,15.085332870483398,15.14466667175293,123201000.0,TSLA
2019-07-02,15.259332656860352,15.276666641235352,14.814666748046875,14.970000267028809,138885000.0,TSLA
2019-07-03,15.959333419799805,16.10466766357422,15.633999824523926,15.65999984741211,213016500.0,TSLA
2019-07-05,15.637999534606934,15.696666717529297,15.386667251586914,15.539999961853027,105985500.0,TSLA
2019-07-08,15.416000366210938,15.483332633972168,15.244000434875488,15.355999946594238,88207500.0,TSLA
2019-07-09,15.264666557312012,15.399999618530273,15.152000427246094,15.337332725524902,92862000.0,TSLA
2019-07-10,15.609999656677246,15.929332733154297,15.542667388916016,15.928000450134277,137185500.0,TSLA
2019-07-11,15.87600040435791,16.100000381469727,15.720000267028809,15.90666675567627,112716000.0,TSLA
2019-07-12,15.983332633972168,16.358667373657227,15.980667114257812,16.338666915893555,138007500.0,TSLA
2019-07-15,16.53333282470703,16.961332321166992,16.323999404907227,16.899999618530273,165001500.0,TSLA
2019-07-16,16.6200008392334,16.902000427246094,16.528667449951172,16.825332641601562,122235000.0,TSLA
2019-07-17,17.044666290283203,17.220666885375977,16.889999389648438,16.99066734313965,146470500.0,TSLA
2019-07-18,17.003332138061523,17.049999237060547,16.792667388916016,16.902666091918945,71379000.0,TSLA
2019-07-19,17.04599952697754,17.33066749572754,16.974666595458984,17.211999893188477,105726000.0,TSLA
2019-07-22,17.25,17.476667404174805,16.945999145507812,17.045333862304688,102636000.0,TSLA
2019-07-23,17.11400032043457,17.365333557128906,16.96666717529297,17.344667434692383,75346500.0,TSLA
2019-07-24,17.277999877929688,17.738000869750977,17.21066665649414,17.658666610717773,166092000.0,TSLA
2019-07-25,15.566666603088379,15.633333206176758,15.036666870117188,15.254667282104492,336274500.0,TSLA
2019-07-26,15.128000259399414,15.350666999816895,14.816666603088379,15.202667236328125,150415500.0,TSLA
2019-07-29,15.13933277130127,15.72933292388916,15.0686674118042,15.718000411987305,139099500.0,TSLA
2019-07-30,15.526666641235352,16.224000930786133,15.478667259216309,16.150667190551758,121635000.0,TSLA
2019-07-31,16.200000762939453,16.44533348083496,15.776666641235352,16.107332229614258,137673000.0,TSLA
2019-08-01,16.176666259765625,16.30066680908203,15.451333045959473,15.59000015258789,123892500.0,TSLA
2019-08-02,15.423333168029785,15.751333236694336,15.281999588012695,15.62266731262207,92047500.0,TSLA
2019-08-05,15.30666732788086,15.424667358398438,15.052000045776367,15.221332550048828,105424500.0,TSLA
2019-08-06,15.458666801452637,15.5,15.050000190734863,15.383333206176758,83463000.0,TSLA
2019-08-07,15.100000381469727,15.571332931518555,15.053333282470703,15.561332702636719,71647500.0,TSLA
2019-08-08,15.630000114440918,15.986666679382324,15.510000228881836,15.886667251586914,79114500.0,TSLA
2019-08-09,15.736666679382324,15.93066692352295,15.587332725524902,15.667332649230957,58473000.0,TSLA
2019-08-12,15.53266716003418,15.718000411987305,15.25,15.267333030700684,69958500.0,TSLA
2019-08-13,15.253999710083008,15.733332633972168,15.170000076293945,15.666666984558105,72721500.0,TSLA
2019-08-14,15.413999557495117,15.433333396911621,14.446000099182129,14.641332626342773,143439000.0,TSLA
2019-08-15,14.723999977111816,14.77066707611084,14.103333473205566,14.37600040435791,122394000.0,TSLA
2019-08-16,14.444000244140625,14.815999984741211,14.40133285522461,14.662667274475098,76477500.0,TSLA
2019-08-19,14.947333335876465,15.188667297363281,14.779999732971191,15.121999740600586,79644000.0,TSLA
2019-08-20,15.174667358398438,15.272666931152344,14.969332695007324,15.057332992553711,61878000.0,TSLA
2019-08-21,14.800666809082031,14.881333351135254,14.506667137145996,14.722000122070312,116914500.0,TSLA
2019-08-22,14.853333473205566,15.026666641235352,14.54800033569336,14.8100004196167,98385000.0,TSLA
2019-08-23,14.664667129516602,14.744667053222656,14.066666603088379,14.09333324432373,128079000.0,TSLA
2019-08-26,14.239999771118164,14.334667205810547,14.102666854858398,14.333333015441895,75778500.0,TSLA
2019-08-27,14.38266658782959,14.58666706085205,14.135333061218262,14.272000312805176,81243000.0,TSLA
2019-08-28,14.246000289916992,14.483332633972168,14.154000282287598,14.37266731262207,48382500.0,TSLA
2019-08-29,14.600000381469727,14.893333435058594,14.533332824707031,14.780667304992676,77692500.0,TSLA
2019-08-30,15.276666641235352,15.496000289916992,14.947333335876465,15.040666580200195,139809000.0,TSLA
2019-09-03,14.938667297363281,15.263333320617676,14.87733268737793,15.000666618347168,80311500.0,TSLA
2019-09-04,15.12600040435791,15.230667114257812,14.61400032043457,14.711999893188477,86415000.0,TSLA
2019-09-05,14.833333015441895,15.319999694824219,14.723333358764648,15.305333137512207,110929500.0,TSLA
2019-09-06,15.146666526794434,15.309332847595215,15.011333465576172,15.16333293914795,62841000.0,TSLA
2019-09-09,15.333333015441895,15.583999633789062,15.281999588012695,15.452667236328125,72040500.0,TSLA
2019-09-10,15.386667251586914,15.702667236328125,15.262666702270508,15.702667236328125,73255500.0,TSLA
2019-09-11,15.825332641601562,16.544666290283203,15.733332633972168,16.47333335876465,150642000.0,TSLA
2019-09-12,16.51333236694336,16.899999618530273,16.293333053588867,16.391332626342773,128718000.0,TSLA
2019-09-13,16.464000701904297,16.56333351135254,16.32466697692871,16.34666633605957,79696500.0,TSLA
2019-09-16,16.399999618530273,16.495332717895508,16.077999114990234,16.187332153320312,70921500.0,TSLA
2019-09-17,16.1646671295166,16.373332977294922,16.024667739868164,16.319332122802734,57981000.0,TSLA
2019-09-18,16.333332061767578,16.544666290283203,16.158000946044922,16.232667922973633,62553000.0,TSLA
2019-09-19,16.399999618530273,16.529333114624023,16.32266616821289,16.440000534057617,71937000.0,TSLA
2019-09-20,16.432666778564453,16.463333129882812,15.87733268737793,16.041332244873047,95295000.0,TSLA
2019-09-23,16.0,16.345333099365234,15.947999954223633,16.082000732421875,65103000.0,TSLA
2019-09-24,16.101333618164062,16.132667541503906,14.840666770935059,14.880666732788086,193372500.0,TSLA
2019-09-25,14.970666885375977,15.26533317565918,14.557332992553711,15.24666690826416,141406500.0,TSLA
2019-09-26,15.37733268737793,16.220666885375977,15.15999984741211,16.17066764831543,178267500.0,TSLA
2019-09-27,16.14666748046875,16.58066749572754,15.915332794189453,16.142000198364258,166746000.0,TSLA
2019-09-30,16.200000762939453,16.26533317565918,15.740667343139648,16.058000564575195,88197000.0,TSLA
2019-10-01,16.100000381469727,16.39666748046875,15.942000389099121,16.312667846679688,92439000.0,TSLA
2019-10-02,16.21933364868164,16.309999465942383,15.961999893188477,16.208667755126953,84471000.0,TSLA
2019-10-03,15.457332611083984,15.631999969482422,14.95199966430664,15.535332679748535,226267500.0,TSLA
2019-10-04,15.440667152404785,15.652000427246094,15.204667091369629,15.428667068481445,119925000.0,TSLA
2019-10-07,15.319999694824219,15.904000282287598,15.236666679382324,15.847999572753906,120963000.0,TSLA
2019-10-08,15.724666595458984,16.262666702270508,15.633333206176758,16.003332138061523,130173000.0,TSLA
2019-10-09,16.08799934387207,16.48666763305664,16.043333053588867,16.302000045776367,103416000.0,TSLA
2019-10-10,16.351999282836914,16.618667602539062,16.10533332824707,16.31599998474121,94249500.0,TSLA
2019-10-11,16.476667404174805,16.738666534423828,16.45400047302246,16.525999069213867,127131000.0,TSLA
2019-10-14,16.52666664123535,17.23666763305664,16.475332260131836,17.130666732788086,153075000.0,TSLA
2019-10-15,17.18000030517578,17.333332061767578,16.941333770751953,17.19266700744629,96492000.0,TSLA
2019-10-16,17.159332275390625,17.47333335876465,17.128000259399414,17.316667556762695,100261500.0,TSLA
2019-10-17,17.5,17.652000427246094,17.344667434692383,17.46466636657715,71539500.0,TSLA
2019-10-18,17.3799991607666,17.520000457763672,17.00666618347168,17.1299991607666,86247000.0,TSLA
2019-10-21,17.222000122070312,17.299999237060547,16.678667068481445,16.899999618530273,75304500.0,TSLA
2019-10-22,16.954666137695312,17.222000122070312,16.72333335876465,17.038667678833008,69012000.0,TSLA
2019-10-23,16.96666717529297,17.076000213623047,16.75666618347168,16.978666305541992,78916500.0,TSLA
2019-10-24,19.891332626342773,20.32866668701172,19.280000686645508,19.978666305541992,445813500.0,TSLA
2019-10-25,19.847999572753906,22.0,19.74066734313965,21.875333786010742,450091500.0,TSLA
2019-10-28,21.836000442504883,22.722667694091797,21.50666618347168,21.847333908081055,283054500.0,TSLA
2019-10-29,21.332666397094727,21.6200008392334,20.983333587646484,21.08133316040039,190264500.0,TSLA
2019-10-30,20.866666793823242,21.252666473388672,20.6646671295166,21.000667572021484,144627000.0,TSLA
2019-10-31,20.873332977294922,21.266666412353516,20.866666793823242,20.994667053222656,76005000.0,TSLA
2019-11-01,21.08799934387207,21.09866714477539,20.65333366394043,20.887332916259766,95758500.0,TSLA
2019-11-04,20.98666763305664,21.46266746520996,20.617332458496094,21.1646671295166,131805000.0,TSLA
2019-11-05,21.308000564575195,21.567333221435547,21.07466697692871,21.148000717163086,104151000.0,TSLA
2019-11-06,21.200000762939453,21.781333923339844,20.96666717529297,21.77199935913086,119113500.0,TSLA
2019-11-07,21.94266700744629,22.766666412353516,21.868000030517578,22.369333267211914,217009500.0,TSLA
2019-11-08,22.299999237060547,22.497333526611328,22.166667938232422,22.47599983215332,91038000.0,TSLA
2019-11-11,22.93000030517578,23.279333114624023,22.799999237060547,23.006000518798828,149800500.0,TSLA
2019-11-12,23.126667022705078,23.357999801635742,22.93600082397461,23.32866668701172,110391000.0,TSLA
2019-11-13,23.666667938232422,23.755332946777344,23.011999130249023,23.073999404907227,126301500.0,TSLA
2019-11-14,23.073999404907227,23.589332580566406,22.860666275024414,23.290000915527344,96973500.0,TSLA
2019-11-15,23.375999450683594,23.520000457763672,23.224000930786133,23.47800064086914,72135000.0,TSLA
2019-11-18,23.527999877929688,23.543333053588867,23.073333740234375,23.332666397094727,66006000.0,TSLA
2019-11-19,23.450000762939453,23.999332427978516,23.18666648864746,23.968000411987305,115872000.0,TSLA
2019-11-20,24.0,24.079999923706055,23.30466651916504,23.481332778930664,100876500.0,TSLA
2019-11-21,23.634000778198242,24.055999755859375,23.600000381469727,23.655332565307617,91650000.0,TSLA
2019-11-22,22.67733383178711,22.733333587646484,22.0,22.202667236328125,253059000.0,TSLA
2019-11-25,22.954666137695312,22.971332550048828,22.297332763671875,22.422666549682617,185092500.0,TSLA
2019-11-26,22.351333618164062,22.366666793823242,21.80666732788086,21.92799949645996,119211000.0,TSLA
2019-11-27,22.07466697692871,22.261999130249023,21.904666900634766,22.086000442504883,83334000.0,TSLA
2019-11-29,22.073999404907227,22.083999633789062,21.833332061767578,21.996000289916992,36984000.0,TSLA
2019-12-02,21.959999084472656,22.42533302307129,21.91266632080078,22.32466697692871,91117500.0,TSLA
2019-12-03,22.174667358398438,22.527332305908203,22.145999908447266,22.413333892822266,98605500.0,TSLA
2019-12-04,22.516666412353516,22.52400016784668,22.190000534057617,22.20199966430664,82995000.0,TSLA
2019-12-05,22.18866729736328,22.294666290283203,21.816667556762695,22.024667739868164,55869000.0,TSLA
2019-12-06,22.333332061767578,22.590667724609375,22.31800079345703,22.392667770385742,114186000.0,TSLA
2019-12-09,22.439332962036133,22.963333129882812,22.338666915893555,22.635332107543945,135346500.0,TSLA
2019-12-10,22.663999557495117,23.381999969482422,22.62066650390625,23.256000518798828,132424500.0,TSLA
2019-12-11,23.458667755126953,23.812667846679688,23.4060001373291,23.51333236694336,103467000.0,TSLA
2019-12-12,23.661333084106445,24.182666778564453,23.548667907714844,23.978666305541992,116458500.0,TSLA
2019-12-13,24.06999969482422,24.347333908081055,23.642667770385742,23.892667770385742,98563500.0,TSLA
2019-12-16,24.170000076293945,25.573999404907227,24.166667938232422,25.433332443237305,272613000.0,TSLA
2019-12-17,25.266000747680664,25.700000762939453,25.059999465942383,25.266000747680664,127452000.0,TSLA
2019-12-18,25.375333786010742,26.347999572753906,25.371999740600586,26.209999084472656,211815000.0,TSLA
2019-12-19,26.488000869750977,27.123332977294922,26.433332443237305,26.93600082397461,271606500.0,TSLA
2019-12-20,27.3526668548584,27.53333282470703,26.679332733154297,27.03933334350586,221290500.0,TSLA
2019-12-23,27.45199966430664,28.134000778198242,27.333332061767578,27.947999954223633,199794000.0,TSLA
2019-12-24,27.890666961669922,28.364667892456055,27.512666702270508,28.350000381469727,120820500.0,TSLA
2019-12-26,28.527332305908203,28.898666381835938,28.42333221435547,28.729333877563477,159508500.0,TSLA
2019-12-27,29.0,29.020666122436523,28.407333374023438,28.691999435424805,149185500.0,TSLA
2019-12-30,28.586000442504883,28.600000381469727,27.284000396728516,27.64666748046875,188796000.0,TSLA
2019-12-31,27.0,28.086000442504883,26.80533218383789,27.8886661529541,154285500.0,TSLA
2020-01-02,28.299999237060547,28.713333129882812,28.11400032043457,28.68400001525879,142981500.0,TSLA
2020-01-03,29.366666793823242,30.266666412353516,29.128000259399414,29.534000396728516,266677500.0,TSLA
2020-01-06,29.364667892456055,30.104000091552734,29.333332061767578,30.1026668548584,151995000.0,TSLA
2020-01-07,30.760000228881836,31.441999435424805,30.224000930786133,31.270666122436523,268231500.0,TSLA
2020-01-08,31.579999923706055,33.232666015625,31.215333938598633,32.80933380126953,467164500.0,TSLA
2020-01-09,33.13999938964844,33.253334045410156,31.524667739868164,32.089332580566406,426606000.0,TSLA
2020-01-10,32.11933135986328,32.3293342590332,31.579999923706055,31.876667022705078,194392500.0,TSLA
2020-01-13,32.900001525878906,35.04199981689453,32.79999923706055,34.990665435791016,397764000.0,TSLA
2020-01-14,36.284000396728516,36.49399948120117,34.99333190917969,35.861331939697266,434943000.0,TSLA
2020-01-15,35.31733322143555,35.85599899291992,34.452667236328125,34.56666564941406,260532000.0,TSLA
2020-01-16,32.91666793823242,34.297332763671875,32.81133270263672,34.232666015625,326050500.0,TSLA
2020-01-17,33.840667724609375,34.37799835205078,33.54399871826172,34.03333282470703,204436500.0,TSLA
2020-01-21,35.349998474121094,36.571998596191406,35.227333068847656,36.47999954223633,267052500.0,TSLA
2020-01-22,38.125999450683594,39.633331298828125,37.27333450317383,37.97066879272461,470535000.0,TSLA
2020-01-23,37.616668701171875,38.79999923706055,37.040000915527344,38.14666748046875,294765000.0,TSLA
2020-01-24,38.04199981689453,38.25733184814453,36.95066833496094,37.654666900634766,215304000.0,TSLA
2020-01-27,36.132667541503906,37.62933349609375,35.95199966430664,37.201332092285156,204121500.0,TSLA
2020-01-28,37.89933395385742,38.45399856567383,37.2053337097168,37.793331146240234,176827500.0,TSLA
2020-01-29,38.37933349609375,39.31999969482422,37.82866668701172,38.732666015625,267022500.0,TSLA
2020-01-30,42.16133117675781,43.391998291015625,41.20000076293945,42.72066879272461,435085500.0,TSLA
2020-01-31,42.66666793823242,43.53333282470703,42.167999267578125,43.371334075927734,235789500.0,TSLA
2020-02-03,44.91266632080078,52.409332275390625,44.90133285522461,52.0,705975000.0,TSLA
2020-02-04,58.86399841308594,64.59933471679688,55.59199905395508,59.137332916259766,914082000.0,TSLA
2020-02-05,54.88399887084961,56.39866638183594,46.94066619873047,48.97999954223633,726357000.0,TSLA
2020-02-06,46.66133117675781,53.05533218383789,45.79999923706055,49.930667877197266,598212000.0,TSLA
2020-02-07,48.70333480834961,51.31666564941406,48.66666793823242,49.871334075927734,255952500.0,TSLA
2020-02-10,53.33333206176758,54.66600036621094,50.15999984741211,51.41866683959961,370338000.0,TSLA
2020-02-11,51.25266647338867,52.23400115966797,50.53333282470703,51.62533187866211,175462500.0,TSLA
2020-02-12,51.858001708984375,52.650001525878906,50.891334533691406,51.15266799926758,180337500.0,TSLA
2020-02-13,49.45600128173828,54.53333282470703,49.0,53.599998474121094,394339500.0,TSLA
2020-02-14,52.4813346862793,54.198001861572266,52.366668701171875,53.33533477783203,235405500.0,TSLA
2020-02-18,56.106666564941406,57.33333206176758,55.490665435791016,57.22666549682617,245725500.0,TSLA
2020-02-19,61.56666564941406,62.98533248901367,60.06800079345703,61.16133117675781,381345000.0,TSLA
2020-02-20,60.79666519165039,60.79999923706055,57.3293342590332,59.96066665649414,264523500.0,TSLA
2020-02-21,60.46533203125,60.87066650390625,58.6966667175293,60.06666564941406,214722000.0,TSLA
2020-02-24,55.93333435058594,57.56666564941406,54.813331604003906,55.58599853515625,227883000.0,TSLA
2020-02-25,56.599998474121094,57.106666564941406,52.46666717529297,53.32733154296875,259357500.0,TSLA
2020-02-26,52.16666793823242,54.22066879272461,51.740665435791016,51.91999816894531,211282500.0,TSLA
2020-02-27,48.66666793823242,49.31800079345703,44.599998474121094,45.266666412353516,364158000.0,TSLA
2020-02-28,41.97999954223633,46.03466796875,40.768001556396484,44.53266525268555,363343500.0,TSLA
2020-03-02,47.41733169555664,49.5793342590332,45.77799987792969,49.574668884277344,302925000.0,TSLA
2020-03-03,53.66666793823242,53.798667907714844,47.740665435791016,49.70066833496094,386760000.0,TSLA
2020-03-04,50.930667877197266,51.10133361816406,48.31533432006836,49.96666717529297,225735000.0,TSLA
2020-03-05,48.2513313293457,49.71666717529297,47.871334075927734,48.30266571044922,162790500.0,TSLA
2020-03-06,46.0,47.133331298828125,45.61800003051758,46.89866638183594,189943500.0,TSLA
2020-03-09,40.35933303833008,44.20000076293945,40.33333206176758,40.53333282470703,256105500.0,TSLA
2020-03-10,43.96200180053711,44.53333282470703,40.53333282470703,43.02199935913086,233916000.0,TSLA
2020-03-11,42.68000030517578,43.571998596191406,40.866668701171875,42.28200149536133,199837500.0,TSLA
2020-03-12,38.72600173950195,39.633331298828125,36.41666793823242,37.369998931884766,283636500.0,TSLA
2020-03-13,39.66666793823242,40.50466537475586,33.46666717529297,36.44133377075195,339604500.0,TSLA
2020-03-16,31.299999237060547,32.9913330078125,29.47800064086914,29.67133331298828,307342500.0,TSLA
2020-03-17,29.333999633789062,31.456666946411133,26.399999618530273,28.68000030517578,359919000.0,TSLA
2020-03-18,25.933332443237305,26.99066734313965,23.367332458496094,24.08133316040039,356793000.0,TSLA
2020-03-19,24.979999542236328,30.133333206176758,23.8973331451416,28.50933265686035,452932500.0,TSLA
2020-03-20,29.213333129882812,31.799999237060547,28.38599967956543,28.50200080871582,424282500.0,TSLA
2020-03-23,28.906667709350586,29.46666717529297,27.366666793823242,28.952667236328125,246817500.0,TSLA
2020-03-24,31.81999969482422,34.24599838256836,31.600000381469727,33.66666793823242,343428000.0,TSLA
2020-03-25,36.349998474121094,37.133331298828125,34.07400131225586,35.95000076293945,318340500.0,TSLA
2020-03-26,36.49266815185547,37.33333206176758,34.150001525878906,35.21066665649414,260710500.0,TSLA
2020-03-27,33.66666793823242,35.0533332824707,32.935333251953125,34.29066848754883,215661000.0,TSLA
2020-03-30,34.017333984375,34.44333267211914,32.7486686706543,33.47533416748047,179971500.0,TSLA
2020-03-31,33.41666793823242,36.19733428955078,33.133331298828125,34.93333435058594,266572500.0,TSLA
2020-04-01,33.599998474121094,34.26333236694336,31.67333221435547,32.104000091552734,200298000.0,TSLA
2020-04-02,32.068668365478516,32.95066833496094,29.760000228881836,30.29800033569336,297876000.0,TSLA
2020-04-03,33.96666717529297,34.36600112915039,31.22599983215332,32.000667572021484,338431500.0,TSLA
2020-04-06,34.08000183105469,34.733333587646484,33.19733428955078,34.41600036621094,223527000.0,TSLA
2020-04-07,36.33333206176758,37.66666793823242,35.48933410644531,36.36333465576172,268797000.0,TSLA
2020-04-08,36.9466667175293,37.14733123779297,35.55533218383789,36.589332580566406,189840000.0,TSLA
2020-04-09,37.4726676940918,38.345333099365234,37.14066696166992,38.20000076293945,204750000.0,TSLA
2020-04-13,39.34400177001953,43.46666717529297,38.70199966430664,43.39666748046875,337131000.0,TSLA
2020-04-14,46.597999572753906,49.45866775512695,46.1619987487793,47.32600021362305,458647500.0,TSLA
2020-04-15,49.46666717529297,50.20866775512695,47.33333206176758,48.65533447265625,353655000.0,TSLA
2020-04-16,47.79600143432617,50.630001068115234,47.11466598510742,49.680667877197266,309868500.0,TSLA
2020-04-17,51.48533248901367,51.663333892822266,49.84400177001953,50.259334564208984,196923000.0,TSLA
2020-04-20,48.8466682434082,51.03799819946289,47.48066711425781,49.75733184814453,221199000.0,TSLA
2020-04-21,48.67466735839844,50.22200012207031,44.919334411621094,45.781333923339844,303136500.0,TSLA
2020-04-22,46.93199920654297,48.93333435058594,45.91400146484375,48.807334899902344,212482500.0,TSLA
2020-04-23,48.50666809082031,48.93333435058594,46.87533187866211,47.04199981689453,198550500.0,TSLA
2020-04-24,47.387332916259766,48.71533203125,46.54533386230469,48.34333419799805,198180000.0,TSLA
2020-04-27,49.17399978637695,53.29933166503906,49.0,53.25,310221000.0,TSLA
2020-04-28,53.042667388916016,53.66666793823242,50.44599914550781,51.27466583251953,228330000.0,TSLA
2020-04-29,52.678001403808594,53.54666519165039,52.21066665649414,53.367332458496094,243240000.0,TSLA
2020-04-30,57.01266860961914,57.987998962402344,50.900001525878906,52.12533187866211,427078500.0,TSLA
2020-05-01,50.33333206176758,51.518001556396484,45.5359992980957,46.75466537475586,487977000.0,TSLA
2020-05-04,46.733333587646484,50.79999923706055,46.53333282470703,50.74599838256836,288556500.0,TSLA
2020-05-05,52.65266799926758,53.26133346557617,50.8120002746582,51.2140007019043,254875500.0,TSLA
2020-05-06,51.766666412353516,52.6533317565918,50.740665435791016,52.172000885009766,166848000.0,TSLA
2020-05-07,51.81399917602539,53.09333419799805,51.4900016784668,52.00266647338867,172915500.0,TSLA
2020-05-08,52.917999267578125,54.93333435058594,52.46733474731445,54.62799835205078,241297500.0,TSLA
2020-05-11,52.70066833496094,54.93333435058594,52.33333206176758,54.08599853515625,247794000.0,TSLA
2020-05-12,55.133331298828125,56.21933364868164,53.866668701171875,53.96066665649414,238603500.0,TSLA
2020-05-13,54.72200012207031,55.06666564941406,50.88666534423828,52.73066711425781,285982500.0,TSLA
2020-05-14,52.0,53.557334899902344,50.93333435058594,53.55533218383789,205233000.0,TSLA
2020-05-15,52.689998626708984,53.66999816894531,52.436668395996094,53.27799987792969,157776000.0,TSLA
2020-05-18,55.185333251953125,55.64799880981445,53.59199905395508,54.242000579833984,174987000.0,TSLA
2020-05-19,54.34466552734375,54.80466842651367,53.73866653442383,53.867332458496094,144547500.0,TSLA
2020-05-20,54.70000076293945,55.06666564941406,54.119998931884766,54.37066650390625,109639500.0,TSLA
2020-05-21,54.400001525878906,55.5,53.06666564941406,55.17333221435547,183819000.0,TSLA
2020-05-22,54.81133270263672,55.45199966430664,54.133331298828125,54.45866775512695,149812500.0,TSLA
2020-05-26,55.633331298828125,55.63999938964844,54.38066864013672,54.591331481933594,121345500.0,TSLA
2020-05-27,54.7239990234375,55.180667877197266,52.33333206176758,54.68199920654297,173242500.0,TSLA
2020-05-28,54.23400115966797,54.983333587646484,53.44599914550781,53.72066879272461,108834000.0,TSLA
2020-05-29,53.91666793823242,55.66666793823242,53.61399841308594,55.66666793823242,176467500.0,TSLA
2020-06-01,57.20000076293945,59.93333435058594,56.939998626708984,59.87333297729492,224092500.0,TSLA
2020-06-02,59.64666748046875,60.57733154296875,58.06666564941406,58.770668029785156,203484000.0,TSLA
2020-06-03,59.20800018310547,59.862667083740234,58.67333221435547,58.86399841308594,119242500.0,TSLA
2020-06-04,59.32533264160156,59.71666717529297,57.229331970214844,57.62533187866211,133315500.0,TSLA
2020-06-05,58.522666931152344,59.10133361816406,57.746665954589844,59.04399871826172,117178500.0,TSLA
2020-06-08,61.266666412353516,63.33333206176758,60.61066818237305,63.327999114990234,212620500.0,TSLA
2020-06-09,62.66733169555664,63.62933349609375,61.595333099365234,62.711334228515625,170823000.0,TSLA
2020-06-10,66.12533569335938,68.49866485595703,65.5,68.336669921875,278451000.0,TSLA
2020-06-11,66.01333618164062,67.9306640625,64.80000305175781,64.85600280761719,238747500.0,TSLA
2020-06-12,65.33333587646484,65.8653335571289,60.84000015258789,62.35200119018555,251451000.0,TSLA
2020-06-15,61.18600082397461,66.5893325805664,60.56666564941406,66.05999755859375,235458000.0,TSLA
2020-06-16,67.4566650390625,67.52532958984375,64.15933227539062,65.47533416748047,210766500.0,TSLA
2020-06-17,65.84733581542969,67.0,65.50466918945312,66.11933135986328,148362000.0,TSLA
2020-06-18,66.86666870117188,67.94667053222656,66.2979965209961,66.9306640625,146278500.0,TSLA
2020-06-19,67.51866912841797,67.73133087158203,66.0893325805664,66.72666931152344,130195500.0,TSLA
2020-06-22,66.663330078125,67.2586669921875,66.00133514404297,66.28800201416016,95436000.0,TSLA
2020-06-23,66.59200286865234,67.46666717529297,66.267333984375,66.78533172607422,95479500.0,TSLA
2020-06-24,66.27400207519531,66.72533416748047,63.542667388916016,64.0566635131836,164394000.0,TSLA
2020-06-25,63.61800003051758,65.73200225830078,62.47666549682617,65.73200225830078,138817500.0,TSLA
2020-06-26,66.31866455078125,66.33333587646484,63.65800094604492,63.982666015625,132823500.0,TSLA
2020-06-29,64.60066986083984,67.33333587646484,63.23466873168945,67.29000091552734,135396000.0,TSLA
2020-06-30,67.0999984741211,72.51266479492188,66.91533660888672,71.98733520507812,253777500.0,TSLA
2020-07-01,72.19999694824219,75.68866729736328,72.03333282470703,74.64199829101562,199903500.0,TSLA
2020-07-02,81.43199920654297,81.86666870117188,79.04000091552734,80.57733154296875,258751500.0,TSLA
2020-07-06,85.11266326904297,91.85266876220703,84.40266418457031,91.43866729736328,308548500.0,TSLA
2020-07-07,93.6673355102539,95.30000305175781,89.11399841308594,92.65733337402344,322345500.0,TSLA
2020-07-08,93.66666412353516,94.48400115966797,87.42266845703125,91.05867004394531,244669500.0,TSLA
2020-07-09,93.1326675415039,93.90399932861328,90.08533477783203,92.9520034790039,175764000.0,TSLA
2020-07-10,93.06666564941406,103.2613296508789,91.73400115966797,102.97666931152344,350064000.0,TSLA
2020-07-13,110.5999984741211,119.66600036621094,98.0739974975586,99.80400085449219,584781000.0,TSLA
2020-07-14,103.73332977294922,106.0,95.4000015258789,101.12000274658203,351271500.0,TSLA
2020-07-15,102.86666870117188,103.33333587646484,97.13333129882812,103.06732940673828,245517000.0,TSLA
2020-07-16,98.47733306884766,102.11399841308594,97.73332977294922,100.04266357421875,214512000.0,TSLA
2020-07-17,100.89666748046875,102.50066375732422,99.33333587646484,100.05599975585938,139950000.0,TSLA
2020-07-20,101.267333984375,110.0,99.19999694824219,109.53333282470703,256821000.0,TSLA
2020-07-21,109.32866668701172,111.66666412353516,103.86666870117188,104.55733489990234,241608000.0,TSLA
2020-07-22,106.5999984741211,108.4280014038086,104.13333129882812,106.15533447265625,212416500.0,TSLA
2020-07-23,111.93000030517578,112.5999984741211,98.71800231933594,100.87133026123047,364927500.0,TSLA
2020-07-24,94.40066528320312,97.66666412353516,91.10266876220703,94.46666717529297,290949000.0,TSLA
2020-07-27,95.66666412353516,103.19599914550781,94.19999694824219,102.63999938964844,240730500.0,TSLA
2020-07-28,100.26667022705078,104.3133316040039,98.29467010498047,98.43267059326172,237130500.0,TSLA
2020-07-29,100.06666564941406,102.32066345214844,99.13333129882812,99.94066619873047,141403500.0,TSLA
2020-07-30,99.19999694824219,100.8826675415039,98.06666564941406,99.16600036621094,114315000.0,TSLA
2020-07-31,101.0,101.13666534423828,94.73200225830078,95.38400268554688,183123000.0,TSLA
2020-08-03,96.61333465576172,100.65399932861328,96.29199981689453,99.0,132139500.0,TSLA
2020-08-04,99.6673355102539,101.82733154296875,97.46666717529297,99.13333129882812,126225000.0,TSLA
2020-08-05,99.53266906738281,99.98933410644531,97.88733673095703,99.00133514404297,74217000.0,TSLA
2020-08-06,99.38866424560547,101.15399932861328,98.48400115966797,99.30533599853516,89884500.0,TSLA
2020-08-07,99.96932983398438,99.98332977294922,94.33399963378906,96.84733581542969,133446000.0,TSLA
2020-08-10,96.53333282470703,97.16666412353516,92.38933563232422,94.57133483886719,112834500.0,TSLA
2020-08-11,93.06666564941406,94.66666412353516,91.0,91.6259994506836,129387000.0,TSLA
2020-08-12,98.0,105.66666412353516,95.66666412353516,103.65066528320312,327441000.0,TSLA
2020-08-13,107.4000015258789,110.07866668701172,104.48400115966797,108.06666564941406,306379500.0,TSLA
2020-08-14,110.99933624267578,111.25333404541016,108.44266510009766,110.04733276367188,188664000.0,TSLA
2020-08-17,111.80000305175781,123.05733489990234,111.52200317382812,122.3759994506836,303634500.0,TSLA
2020-08-18,126.59933471679688,128.25999450683594,123.00733184814453,125.80599975585938,247117500.0,TSLA
2020-08-19,124.33333587646484,127.4000015258789,122.74732971191406,125.23533630371094,183079500.0,TSLA
2020-08-20,124.04533386230469,134.79933166503906,123.80400085449219,133.45533752441406,309177000.0,TSLA
2020-08-21,136.3173370361328,139.69932556152344,135.00332641601562,136.6653289794922,322344000.0,TSLA
2020-08-24,141.7519989013672,141.93333435058594,128.50132751464844,134.27999877929688,300954000.0,TSLA
2020-08-25,131.65933227539062,135.19667053222656,131.1999969482422,134.8893280029297,159883500.0,TSLA
2020-08-26,137.3333282470703,144.39999389648438,136.90866088867188,143.54466247558594,213591000.0,TSLA
2020-08-27,145.36399841308594,153.0399932861328,142.8333282470703,149.25,355395000.0,TSLA
2020-08-28,153.00799560546875,154.5659942626953,145.76800537109375,147.55999755859375,301218000.0,TSLA
2020-08-31,148.20333862304688,166.7133331298828,146.70333862304688,166.10667419433594,355123200.0,TSLA
2020-09-01,167.3800048828125,167.49667358398438,156.836669921875,158.35000610351562,269523300.0,TSLA
2020-09-02,159.663330078125,159.67999267578125,135.0399932861328,149.1233367919922,288528300.0,TSLA
2020-09-03,135.7433319091797,143.93333435058594,134.0,135.6666717529297,262788300.0,TSLA
2020-09-04,134.27000427246094,142.6666717529297,124.00666809082031,139.44000244140625,330965700.0,TSLA
2020-09-08,118.66666412353516,122.913330078125,109.95999908447266,110.06999969482422,346397100.0,TSLA
2020-09-09,118.86666870117188,123.0,113.836669921875,122.09333038330078,238397400.0,TSLA
2020-09-10,128.73666381835938,132.99667358398438,120.1866683959961,123.77999877929688,254791800.0,TSLA
2020-09-11,127.3133316040039,127.5,120.16666412353516,124.23999786376953,182152500.0,TSLA
2020-09-14,126.98332977294922,140.0,124.43333435058594,139.8733367919922,249061800.0,TSLA
2020-09-15,145.52000427246094,153.97999572753906,143.56666564941406,149.9199981689453,291894600.0,TSLA
2020-09-16,146.6233367919922,152.59666442871094,145.10333251953125,147.25332641601562,216837900.0,TSLA
2020-09-17,138.53334045410156,145.92999267578125,136.0,141.14332580566406,230337600.0,TSLA
2020-09-18,149.31333923339844,150.3333282470703,142.93333435058594,147.38333129882812,259220400.0,TSLA
2020-09-21,151.0433349609375,151.89332580566406,135.69000244140625,149.79666137695312,328430400.0,TSLA
2020-09-22,143.1999969482422,145.9199981689453,139.1999969482422,141.41000366210938,238742400.0,TSLA
2020-09-23,135.05332946777344,137.38333129882812,125.2933349609375,126.78666687011719,285222600.0,TSLA
2020-09-24,121.26667022705078,133.1666717529297,117.0999984741211,129.26333618164062,289683300.0,TSLA
2020-09-25,131.1566619873047,136.2433319091797,130.43333435058594,135.77999877929688,201625500.0,TSLA
2020-09-28,141.5399932861328,142.69332885742188,138.51666259765625,140.39999389648438,149158800.0,TSLA
2020-09-29,138.6666717529297,142.8333282470703,137.1999969482422,139.69000244140625,150657900.0,TSLA
2020-09-30,140.44000244140625,144.64332580566406,140.1566619873047,143.00332641601562,144436800.0,TSLA
2020-10-01,146.9199981689453,149.6266632080078,144.80667114257812,149.3866729736328,152224500.0,TSLA
2020-10-02,140.4633331298828,146.3766632080078,138.3333282470703,138.3633270263672,214290000.0,TSLA
2020-10-05,141.11666870117188,144.54666137695312,139.77667236328125,141.89332580566406,134168400.0,TSLA
2020-10-06,141.26333618164062,142.92666625976562,135.35000610351562,137.9933319091797,147438900.0,TSLA
2020-10-07,139.9566650390625,143.3000030517578,137.9499969482422,141.76666259765625,129383100.0,TSLA
2020-10-08,146.14666748046875,146.3333282470703,141.76666259765625,141.97332763671875,121263300.0,TSLA
2020-10-09,143.3766632080078,144.8633270263672,142.15333557128906,144.6666717529297,86777100.0,TSLA
2020-10-12,147.3333282470703,149.5800018310547,146.19332885742188,147.43333435058594,116373300.0,TSLA
2020-10-13,147.78334045410156,149.6300048828125,145.53334045410156,148.88333129882812,103391100.0,TSLA
2020-10-14,149.92666625976562,155.3000030517578,149.11666870117188,153.76666259765625,143639100.0,TSLA
2020-10-15,150.10333251953125,152.19000244140625,147.5,149.6266632080078,107017200.0,TSLA
2020-10-16,151.47999572753906,151.98333740234375,146.28334045410156,146.55667114257812,98327700.0,TSLA
2020-10-19,148.74667358398438,149.0,142.9566650390625,143.61000061035156,108863400.0,TSLA
2020-10-20,143.9166717529297,143.9166717529297,139.68333435058594,140.64666748046875,94968900.0,TSLA
2020-10-21,140.89999389648438,144.31666564941406,140.4166717529297,140.8800048828125,97111500.0,TSLA
2020-10-22,147.30667114257812,148.41000366210938,141.50332641601562,141.92999267578125,119979600.0,TSLA
2020-10-23,140.6133270263672,140.9633331298828,135.7933349609375,140.2100067138672,101151000.0,TSLA
2020-10-26,137.2100067138672,141.9199981689453,136.6666717529297,140.0933380126953,84717600.0,TSLA
2020-10-27,141.25332641601562,143.5,140.03334045410156,141.55999755859375,68059500.0,TSLA
2020-10-28,138.82666015625,139.53334045410156,135.3333282470703,135.33999633789062,76354200.0,TSLA
2020-10-29,136.65333557128906,139.35333251953125,135.48666381835938,136.94332885742188,67965900.0,TSLA
2020-10-30,135.63333129882812,135.8633270263672,126.37000274658203,129.34666442871094,127533900.0,TSLA
2020-11-02,131.3333282470703,135.66000366210938,130.76666259765625,133.50332641601562,87063300.0,TSLA
2020-11-03,136.57666015625,142.58999633789062,135.56333923339844,141.3000030517578,103055100.0,TSLA
2020-11-04,143.5399932861328,145.13333129882812,139.03334045410156,140.32666015625,96429300.0,TSLA
2020-11-05,142.76666259765625,146.6666717529297,141.3333282470703,146.02999877929688,85243500.0,TSLA
2020-11-06,145.36666870117188,145.52333068847656,141.42666625976562,143.31666564941406,65118000.0,TSLA
2020-11-09,146.5,150.8333282470703,140.3333282470703,140.4199981689453,104499000.0,TSLA
2020-11-10,140.02999877929688,140.02999877929688,132.00999450683594,136.7866668701172,90852600.0,TSLA
2020-11-11,138.81666564941406,139.56666564941406,136.86000061035156,139.0433349609375,52073100.0,TSLA
2020-11-12,138.35000610351562,141.0,136.5066680908203,137.25332641601562,59565300.0,TSLA
2020-11-13,136.9499969482422,137.50999450683594,133.8866729736328,136.1666717529297,59313300.0,TSLA
2020-11-16,136.30999755859375,137.48333740234375,134.69667053222656,136.02999877929688,80515800.0,TSLA
2020-11-17,153.38999938964844,154.0,144.336669921875,147.20333862304688,183564900.0,TSLA
2020-11-18,149.4499969482422,165.3333282470703,147.8333282470703,162.2133331298828,234132000.0,TSLA
2020-11-19,164.0,169.5366668701172,162.52333068847656,166.42333984375,187425900.0,TSLA
2020-11-20,165.99667358398438,167.5,163.02000427246094,163.20333862304688,98735700.0,TSLA
2020-11-23,167.8333282470703,175.3333282470703,167.26333618164062,173.9499969482422,150780900.0,TSLA
2020-11-24,180.13333129882812,186.663330078125,175.39999389648438,185.1266632080078,160945500.0,TSLA
2020-11-25,183.35333251953125,191.3333282470703,181.7899932861328,191.3333282470703,146790600.0,TSLA
2020-11-27,193.72000122070312,199.5933380126953,192.81666564941406,195.25332641601562,112683300.0,TSLA
2020-11-30,200.73666381835938,202.60000610351562,184.836669921875,189.1999969482422,189009300.0,TSLA
2020-12-01,199.19667053222656,199.28334045410156,190.68333435058594,194.9199981689453,120310500.0,TSLA
2020-12-02,185.47999572753906,190.51333618164062,180.40333557128906,189.60667419433594,143327100.0,TSLA
2020-12-03,196.67333984375,199.6566619873047,194.14332580566406,197.7933349609375,127656000.0,TSLA
2020-12-04,197.00332641601562,199.67999267578125,195.1666717529297,199.67999267578125,88203900.0,TSLA
2020-12-07,201.63999938964844,216.26333618164062,201.01666259765625,213.9199981689453,168929100.0,TSLA
2020-12-08,208.50332641601562,217.0933380126953,206.1666717529297,216.6266632080078,192795000.0,TSLA
2020-12-09,217.89666748046875,218.10667419433594,196.0,201.4933319091797,213873600.0,TSLA
2020-12-10,191.4566650390625,209.25,188.77999877929688,209.02333068847656,201249600.0,TSLA
2020-12-11,205.00332641601562,208.0,198.93333435058594,203.3300018310547,139425000.0,TSLA
2020-12-14,206.3333282470703,214.25,203.39999389648438,213.27667236328125,156121800.0,TSLA
2020-12-15,214.42666625976562,215.63333129882812,207.93333435058594,211.0833282470703,135214500.0,TSLA
2020-12-16,209.41000366210938,210.8333282470703,201.6666717529297,207.58999633789062,126287400.0,TSLA
2020-12-17,209.39666748046875,219.60667419433594,206.5,218.63333129882812,168810300.0,TSLA
2020-12-18,222.96665954589844,231.6666717529297,209.51333618164062,231.6666717529297,666378600.0,TSLA
2020-12-21,222.0800018310547,222.8333282470703,215.35667419433594,216.6199951171875,174135900.0,TSLA
2020-12-22,216.0,216.6266632080078,204.7433319091797,213.44667053222656,155148000.0,TSLA
2020-12-23,210.73333740234375,217.1666717529297,207.52333068847656,215.32666015625,99519000.0,TSLA
2020-12-24,214.3300018310547,222.02999877929688,213.6666717529297,220.58999633789062,68596800.0,TSLA
2020-12-28,224.836669921875,227.13333129882812,220.26666259765625,221.22999572753906,96835800.0,TSLA
2020-12-29,220.3333282470703,223.3000030517578,218.3333282470703,221.99667358398438,68732400.0,TSLA
2020-12-30,224.0,232.1999969482422,222.7866668701172,231.5933380126953,128538000.0,TSLA
2020-12-31,233.3300018310547,239.57333374023438,230.3733367919922,235.22332763671875,148949700.0,TSLA
2021-01-04,239.82000732421875,248.163330078125,239.06333923339844,243.2566680908203,145914600.0,TSLA
2021-01-05,241.22000122070312,246.94667053222656,239.73333740234375,245.0366668701172,96735600.0,TSLA
2021-01-06,252.8300018310547,258.0,249.6999969482422,251.9933319091797,134100000.0,TSLA
2021-01-07,259.2099914550781,272.3299865722656,258.3999938964844,272.0133361816406,154496700.0,TSLA
2021-01-08,285.3333435058594,294.8299865722656,279.46331787109375,293.3399963378906,225166500.0,TSLA
2021-01-11,283.1333312988281,284.80999755859375,267.8733215332031,270.39666748046875,177904800.0,TSLA
2021-01-12,277.0,289.3333435058594,275.7799987792969,283.14666748046875,138812100.0,TSLA
2021-01-13,284.2533264160156,286.8233337402344,277.3333435058594,284.8033447265625,99937500.0,TSLA
2021-01-14,281.1300048828125,287.6666564941406,279.5833435058594,281.6666564941406,93798900.0,TSLA
2021-01-15,284.0,286.6333312988281,273.0333251953125,275.38665771484375,116332800.0,TSLA
2021-01-19,279.26666259765625,283.3333435058594,277.6666564941406,281.51666259765625,76101000.0,TSLA
2021-01-20,286.2466735839844,286.5,279.09332275390625,283.48333740234375,76997700.0,TSLA
2021-01-21,285.0,285.239990234375,280.47332763671875,281.663330078125,61563300.0,TSLA
2021-01-22,278.10333251953125,282.6666564941406,276.2066650390625,282.21331787109375,60199500.0,TSLA
2021-01-25,285.0,300.1333312988281,279.6066589355469,293.6000061035156,123520200.0,TSLA
2021-01-26,297.1266784667969,298.6333312988281,290.5333251953125,294.36334228515625,69394800.0,TSLA
2021-01-27,290.1166687011719,297.1666564941406,286.2200012207031,288.0533447265625,82002000.0,TSLA
2021-01-28,273.3333435058594,282.6666564941406,267.0,278.4766540527344,79134000.0,TSLA
2021-01-29,276.6666564941406,280.8033447265625,260.0333251953125,264.510009765625,104972400.0,TSLA
2021-02-01,271.42999267578125,280.6666564941406,265.1866760253906,279.9366760253906,76174200.0,TSLA
2021-02-02,281.55999755859375,293.5,280.73333740234375,290.92999267578125,73038600.0,TSLA
2021-02-03,292.3399963378906,292.6933288574219,284.35333251953125,284.89666748046875,55030500.0,TSLA
2021-02-04,285.0,285.5,277.8066711425781,283.3299865722656,47438100.0,TSLA
2021-02-05,281.6666564941406,288.25665283203125,279.65667724609375,284.07666015625,55699800.0,TSLA
2021-02-08,289.8900146484375,292.5899963378906,284.9166564941406,287.8066711425781,60485100.0,TSLA
2021-02-09,285.0400085449219,286.6000061035156,280.5833435058594,283.1533203125,45473100.0,TSLA
2021-02-10,281.21331787109375,281.6066589355469,266.67333984375,268.2733459472656,108648300.0,TSLA
2021-02-11,270.8133239746094,276.6266784667969,267.24334716796875,270.5533447265625,64868400.0,TSLA
2021-02-12,267.086669921875,272.4433288574219,261.77667236328125,272.0400085449219,71304900.0,TSLA
2021-02-16,272.6666564941406,273.6666564941406,264.14666748046875,265.40667724609375,59406900.0,TSLA
2021-02-17,259.6966552734375,266.61334228515625,254.00332641601562,266.04998779296875,77989500.0,TSLA
2021-02-18,260.29998779296875,264.89666748046875,258.75665283203125,262.4599914550781,53871300.0,TSLA
2021-02-19,265.0,265.5966796875,259.1233215332031,260.4333190917969,56874900.0,TSLA
2021-02-22,254.2133331298828,256.1666564941406,236.73333740234375,238.1666717529297,111809100.0,TSLA
2021-02-23,220.7100067138672,237.8699951171875,206.3333282470703,232.94667053222656,199820700.0,TSLA
2021-02-24,237.28334045410156,248.3333282470703,231.38999938964844,247.33999633789062,110301000.0,TSLA
2021-02-25,242.0500030517578,245.73666381835938,223.52667236328125,227.4066619873047,117071700.0,TSLA
2021-02-26,233.3333282470703,235.56666564941406,219.836669921875,225.1666717529297,123267600.0,TSLA
2021-03-01,230.0366668701172,239.6666717529297,228.35000610351562,239.47666931152344,81408600.0,TSLA
2021-03-02,239.42666625976562,240.3699951171875,228.3333282470703,228.81333923339844,71196600.0,TSLA
2021-03-03,229.3300018310547,233.56666564941406,217.23666381835938,217.73333740234375,90624000.0,TSLA
2021-03-04,218.60000610351562,222.81666564941406,200.0,207.14666748046875,197758500.0,TSLA
2021-03-05,208.68666076660156,209.27999877929688,179.8300018310547,199.31666564941406,268189500.0,TSLA
2021-03-08,200.18333435058594,206.7100067138672,186.26333618164062,187.6666717529297,155361000.0,TSLA
2021-03-09,202.72666931152344,226.02999877929688,198.40333557128906,224.52667236328125,202569900.0,TSLA
2021-03-10,233.43333435058594,239.28334045410156,218.35333251953125,222.68666076660156,181817100.0,TSLA
2021-03-11,233.13333129882812,234.1666717529297,225.72666931152344,233.1999969482422,108761700.0,TSLA
2021-03-12,223.3333282470703,231.6266632080078,222.04666137695312,231.2433319091797,100751400.0,TSLA
2021-03-15,231.3633270263672,237.72666931152344,228.01333618164062,235.97999572753906,88006800.0,TSLA
2021-03-16,234.4499969482422,235.97332763671875,223.6666717529297,225.6266632080078,96587100.0,TSLA
2021-03-17,218.9566650390625,234.57666015625,217.00332641601562,233.93666076660156,121117500.0,TSLA
2021-03-18,228.09666442871094,229.7433319091797,217.3333282470703,217.72000122070312,99674400.0,TSLA
2021-03-19,215.53334045410156,219.07666015625,208.2066650390625,218.2899932861328,128682000.0,TSLA
2021-03-22,228.19667053222656,233.2066650390625,222.9166717529297,223.3333282470703,118536600.0,TSLA
2021-03-23,225.2566680908203,225.93333435058594,219.1699981689453,220.72000122070312,91475700.0,TSLA
2021-03-24,222.6366729736328,222.67333984375,210.0366668701172,210.08999633789062,101385600.0,TSLA
2021-03-25,204.3333282470703,215.1666717529297,203.1666717529297,213.4633331298828,117674700.0,TSLA
2021-03-26,213.9566650390625,214.60667419433594,199.9633331298828,206.23666381835938,101558400.0,TSLA
2021-03-29,205.2133331298828,205.4933319091797,198.67333984375,203.76333618164062,85911000.0,TSLA
2021-03-30,200.5833282470703,212.55332946777344,197.00332641601562,211.8733367919922,118297200.0,TSLA
2021-03-31,215.5399932861328,224.0,213.70333862304688,222.64332580566406,100011900.0,TSLA
2021-04-01,229.4566650390625,230.80667114257812,219.80667114257812,220.5833282470703,105895200.0,TSLA
2021-04-05,235.90333557128906,236.05332946777344,228.23333740234375,230.35000610351562,125528400.0,TSLA
2021-04-06,230.10000610351562,232.18333435058594,227.1233367919922,230.5399932861328,84815400.0,TSLA
2021-04-07,229.0,230.4600067138672,222.6133270263672,223.6566619873047,78928200.0,TSLA
2021-04-08,225.7933349609375,229.85000610351562,223.88333129882812,227.93333435058594,71772900.0,TSLA
2021-04-09,225.92333984375,226.99000549316406,223.14332580566406,225.67333984375,64311300.0,TSLA
2021-04-12,228.56666564941406,234.93333435058594,227.3633270263672,233.9933319091797,87407100.0,TSLA
2021-04-13,237.56666564941406,254.3333282470703,236.8866729736328,254.10667419433594,133958400.0,TSLA
2021-04-14,256.8999938964844,260.2633361816406,242.67666625976562,244.07666015625,147052200.0,TSLA
2021-04-15,247.6999969482422,247.89666748046875,240.43666076660156,246.28334045410156,83546700.0,TSLA
2021-04-16,242.88333129882812,249.80332946777344,241.53334045410156,246.5933380126953,83938500.0,TSLA
2021-04-19,239.86666870117188,241.8000030517578,230.60000610351562,238.2100067138672,119058600.0,TSLA
2021-04-20,239.13999938964844,245.75,236.89666748046875,239.663330078125,106827000.0,TSLA
2021-04-21,234.92333984375,248.27999877929688,232.6666717529297,248.0399932861328,93646500.0,TSLA
2021-04-22,247.1666717529297,251.2566680908203,239.34666442871094,239.89666748046875,106770900.0,TSLA
2021-04-23,239.93333435058594,245.7866668701172,238.48666381835938,243.13333129882812,85110000.0,TSLA
2021-04-26,247.0,249.76666259765625,244.20333862304688,246.06666564941406,93115500.0,TSLA
2021-04-27,239.32000732421875,241.3333282470703,234.4499969482422,234.913330078125,88311000.0,TSLA
2021-04-28,232.1366729736328,236.1666717529297,231.1999969482422,231.46665954589844,66813000.0,TSLA
2021-04-29,233.1699981689453,234.0833282470703,222.8333282470703,225.6666717529297,86536200.0,TSLA
2021-04-30,222.52999877929688,238.49000549316406,222.04666137695312,236.47999572753906,122276100.0,TSLA
2021-05-03,234.60000610351562,235.3333282470703,226.8333282470703,228.3000030517578,81129300.0,TSLA
2021-05-04,226.31333923339844,227.81666564941406,219.23333740234375,224.53334045410156,89217900.0,TSLA
2021-05-05,227.02000427246094,228.43333435058594,222.44667053222656,223.64666748046875,65705700.0,TSLA
2021-05-06,226.9199981689453,227.0066680908203,216.6666717529297,221.17999267578125,83353800.0,TSLA
2021-05-07,221.93333435058594,230.0,220.07333374023438,224.1233367919922,70407600.0,TSLA
2021-05-10,221.63333129882812,221.68333435058594,209.20333862304688,209.67999267578125,94177200.0,TSLA
2021-05-11,199.74667358398438,209.03334045410156,198.53334045410156,205.73333740234375,139511700.0,TSLA
2021-05-12,200.8300018310547,206.80332946777344,195.58999633789062,196.6300048828125,101470800.0,TSLA
2021-05-13,200.51333618164062,202.15333557128906,186.5500030517578,190.56333923339844,132554700.0,TSLA
2021-05-14,194.47000122070312,197.6233367919922,190.15333557128906,196.5800018310547,100112700.0,TSLA
2021-05-17,191.85000610351562,196.57666015625,187.06666564941406,192.27667236328125,97171200.0,TSLA
2021-05-18,189.3333282470703,198.75,187.7933349609375,192.6233367919922,110491800.0,TSLA
2021-05-19,184.18333435058594,188.73666381835938,182.32666015625,187.82000732421875,118735200.0,TSLA
2021-05-20,191.6666717529297,196.28334045410156,190.35667419433594,195.5933380126953,92463300.0,TSLA
2021-05-21,198.70333862304688,198.89332580566406,193.3333282470703,193.6266632080078,78091800.0,TSLA
2021-05-24,193.86666870117188,204.82666015625,191.21665954589844,202.14666748046875,103674300.0,TSLA
2021-05-25,202.43666076660156,204.663330078125,198.57000732421875,201.56333923339844,84017700.0,TSLA
2021-05-26,202.52000427246094,208.72332763671875,200.5,206.3766632080078,85917900.0,TSLA
2021-05-27,206.74667358398438,210.3766632080078,205.40333557128906,210.28334045410156,79111800.0,TSLA
2021-05-28,209.5,211.8633270263672,207.4600067138672,208.4066619873047,68211000.0,TSLA
2021-06-01,209.26666259765625,211.26666259765625,206.85000610351562,207.96665954589844,54254700.0,TSLA
2021-06-02,206.7100067138672,207.7866668701172,199.7133331298828,201.7066650390625,69908400.0,TSLA
2021-06-03,200.60000610351562,201.51666259765625,190.4066619873047,190.94667053222656,90335700.0,TSLA
2021-06-04,193.23666381835938,200.20333862304688,192.39999389648438,199.68333435058594,72110700.0,TSLA
2021-06-07,197.27667236328125,203.3333282470703,194.2933349609375,201.7100067138672,67631100.0,TSLA
2021-06-08,207.6699981689453,207.69667053222656,198.5,201.19667053222656,78160200.0,TSLA
2021-06-09,200.72332763671875,203.92999267578125,199.2100067138672,199.5933380126953,49753800.0,TSLA
2021-06-10,201.2933349609375,205.52999877929688,200.1666717529297,203.3733367919922,71758800.0,TSLA
2021-06-11,203.41000366210938,204.18666076660156,200.5066680908203,203.29666137695312,48615900.0,TSLA
2021-06-14,204.07666015625,208.49667358398438,203.05999755859375,205.89666748046875,61272000.0,TSLA
2021-06-15,205.56333923339844,205.59666442871094,199.41000366210938,199.7866668701172,53292300.0,TSLA
2021-06-16,199.17999267578125,202.8333282470703,197.8333282470703,201.6233367919922,66432300.0,TSLA
2021-06-17,200.6300048828125,207.1566619873047,200.44667053222656,205.53334045410156,68104200.0,TSLA
2021-06-18,204.4566650390625,209.4499969482422,203.93333435058594,207.77000427246094,73682700.0,TSLA
2021-06-21,208.16000366210938,210.4633331298828,202.9600067138672,206.94332885742188,74438100.0,TSLA
2021-06-22,206.0833282470703,209.52333068847656,205.1666717529297,207.90333557128906,57476700.0,TSLA
2021-06-23,210.6666717529297,219.06666564941406,210.01333618164062,218.85667419433594,93297600.0,TSLA
2021-06-24,224.99667358398438,232.5399932861328,222.5366668701172,226.60667419433594,137947200.0,TSLA
2021-06-25,229.86000061035156,231.27000427246094,222.89999389648438,223.9566650390625,97490100.0,TSLA
2021-06-28,223.8800048828125,231.56666564941406,223.44000244140625,229.57333374023438,64884600.0,TSLA
2021-06-29,228.21665954589844,229.1699981689453,225.29666137695312,226.9199981689453,52143900.0,TSLA
2021-06-30,226.58999633789062,230.93666076660156,226.04666137695312,226.56666564941406,56774700.0,TSLA
2021-07-01,227.97332763671875,229.3300018310547,224.26666259765625,225.97332763671875,55903500.0,TSLA
2021-07-02,226.32666015625,233.3333282470703,224.4199981689453,226.3000030517578,81163500.0,TSLA
2021-07-06,227.23666381835938,228.0,217.13333129882812,219.86000061035156,69853500.0,TSLA
2021-07-07,221.42333984375,221.89999389648438,212.77333068847656,214.88333129882812,56376000.0,TSLA
2021-07-08,209.4566650390625,218.14332580566406,206.82000732421875,217.60333251953125,68319900.0,TSLA
2021-07-09,217.72666931152344,219.6366729736328,214.89666748046875,218.98333740234375,54421500.0,TSLA
2021-07-12,220.73333740234375,229.0800018310547,220.72000122070312,228.56666564941406,77781000.0,TSLA
2021-07-13,228.77333068847656,231.0933380126953,222.10000610351562,222.84666442871094,62898300.0,TSLA
2021-07-14,223.5833282470703,226.20333862304688,217.6133270263672,217.7933349609375,64923600.0,TSLA
2021-07-15,219.4633331298828,222.04666137695312,212.6266632080078,216.86666870117188,60628800.0,TSLA
2021-07-16,218.22666931152344,218.89999389648438,214.06666564941406,214.74000549316406,49113000.0,TSLA
2021-07-19,209.9633331298828,215.73333740234375,207.09666442871094,215.4066619873047,63891300.0,TSLA
2021-07-20,217.3300018310547,220.79666137695312,213.5,220.1666717529297,46461300.0,TSLA
2021-07-21,219.8699951171875,221.6199951171875,216.76333618164062,218.42999267578125,41859900.0,TSLA
2021-07-22,218.81333923339844,220.72332763671875,214.86666870117188,216.4199981689453,45317100.0,TSLA
2021-07-23,215.45333862304688,216.26666259765625,212.43333435058594,214.4600067138672,43814700.0,TSLA
2021-07-26,216.99000549316406,222.73333740234375,215.70333862304688,219.2066650390625,76009800.0,TSLA
2021-07-27,221.13333129882812,222.1666717529297,209.0800018310547,214.92666625976562,98439900.0,TSLA
2021-07-28,215.6666717529297,218.32333374023438,213.13333129882812,215.66000366210938,48019800.0,TSLA
2021-07-29,216.59666442871094,227.89666748046875,216.26666259765625,225.78334045410156,91183800.0,TSLA
2021-07-30,223.9199981689453,232.50999450683594,223.0,229.06666564941406,88969200.0,TSLA
2021-08-02,233.3333282470703,242.31333923339844,232.8000030517578,236.55667114257812,100847400.0,TSLA
2021-08-03,239.6666717529297,240.88333129882812,233.6699981689453,236.5800018310547,64860900.0,TSLA
2021-08-04,237.0,241.63333129882812,236.30999755859375,236.97332763671875,51007800.0,TSLA
2021-08-05,238.6666717529297,240.31666564941406,237.1366729736328,238.2100067138672,38758800.0,TSLA
2021-08-06,237.3000030517578,238.77667236328125,232.5433349609375,233.03334045410156,46869000.0,TSLA
2021-08-09,236.72332763671875,239.67666625976562,235.0433349609375,237.9199981689453,44145900.0,TSLA
2021-08-10,237.99667358398438,238.8633270263672,233.9600067138672,236.663330078125,40296900.0,TSLA
2021-08-11,237.57000732421875,238.39332580566406,234.73666381835938,235.94000244140625,29401800.0,TSLA
2021-08-12,235.44667053222656,240.93333435058594,233.13333129882812,240.75,52377300.0,TSLA
2021-08-13,241.23666381835938,243.3000030517578,238.1133270263672,239.05667114257812,50194500.0,TSLA
2021-08-16,235.02333068847656,236.5,225.46665954589844,228.72332763671875,68032200.0,TSLA
2021-08-17,224.22000122070312,224.86000061035156,216.27999877929688,221.90333557128906,71163900.0,TSLA
2021-08-18,223.25,231.92333984375,223.11666870117188,229.663330078125,61048200.0,TSLA
2021-08-19,226.07000732421875,228.85000610351562,222.52999877929688,224.49000549316406,42940500.0,TSLA
2021-08-20,227.61666870117188,230.7100067138672,224.56666564941406,226.75332641601562,44525700.0,TSLA
2021-08-23,228.47999572753906,237.3766632080078,226.9166717529297,235.43333435058594,60794700.0,TSLA
2021-08-24,236.89332580566406,238.4066619873047,234.2133331298828,236.163330078125,39249300.0,TSLA
2021-08-25,235.67666625976562,238.99000549316406,234.6666717529297,237.06666564941406,37936800.0,TSLA
2021-08-26,236.10333251953125,238.46665954589844,232.5399932861328,233.72000122070312,39642900.0,TSLA
2021-08-27,235.0,238.3333282470703,234.03334045410156,237.30667114257812,41501400.0,TSLA
2021-08-30,238.24000549316406,243.6666717529297,237.57666015625,243.6366729736328,55812600.0,TSLA
2021-08-31,244.3333282470703,246.79666137695312,242.14666748046875,245.24000549316406,62566200.0,TSLA
2021-09-01,244.69332885742188,247.3300018310547,243.7566680908203,244.69667053222656,39612900.0,TSLA
2021-09-02,244.8333282470703,246.99000549316406,243.51333618164062,244.1300048828125,38331900.0,TSLA
2021-09-03,244.0833282470703,244.6666717529297,241.39999389648438,244.52333068847656,45738300.0,TSLA
2021-09-07,246.6666717529297,253.39999389648438,246.4199981689453,250.97332763671875,60119400.0,TSLA
2021-09-08,253.86000061035156,254.81666564941406,246.92333984375,251.2899932861328,56379000.0,TSLA
2021-09-09,251.1366729736328,254.03334045410156,250.5433349609375,251.6199951171875,42233100.0,TSLA
2021-09-10,253.1999969482422,254.20333862304688,244.83999633789062,245.42333984375,45552600.0,TSLA
2021-09-13,246.73666381835938,248.25999450683594,236.28334045410156,247.6666717529297,68857500.0,TSLA
2021-09-14,247.52333068847656,251.49000549316406,245.46665954589844,248.163330078125,55574700.0,TSLA
2021-09-15,248.3333282470703,252.2866668701172,246.1199951171875,251.94332885742188,46073100.0,TSLA
2021-09-16,250.94332885742188,252.97000122070312,249.20333862304688,252.3300018310547,41770200.0,TSLA
2021-09-17,252.38333129882812,253.67999267578125,250.0,253.163330078125,84612600.0,TSLA
2021-09-20,244.85333251953125,247.3333282470703,239.5399932861328,243.38999938964844,74273100.0,TSLA
2021-09-21,244.92999267578125,248.24667358398438,243.47999572753906,246.4600067138672,48992100.0,TSLA
2021-09-22,247.8433380126953,251.22332763671875,246.3733367919922,250.64666748046875,45378900.0,TSLA
2021-09-23,251.6666717529297,252.73333740234375,249.30667114257812,251.2133331298828,35842500.0,TSLA
2021-09-24,248.6300048828125,258.26666259765625,248.18666076660156,258.1300048828125,64119000.0,TSLA
2021-09-27,257.7066650390625,266.3333435058594,256.4366760253906,263.78668212890625,84212100.0,TSLA
2021-09-28,262.3999938964844,265.21331787109375,255.39332580566406,259.1866760253906,76144200.0,TSLA
2021-09-29,259.9333190917969,264.5,256.8933410644531,260.4366760253906,62828700.0,TSLA
2021-09-30,260.3333435058594,263.0433349609375,258.3333435058594,258.49334716796875,53868000.0,TSLA
2021-10-01,259.4666748046875,260.260009765625,254.52999877929688,258.40667724609375,51094200.0,TSLA
2021-10-04,265.5,268.989990234375,258.7066650390625,260.510009765625,91449900.0,TSLA
2021-10-05,261.6000061035156,265.7699890136719,258.0666809082031,260.1966552734375,55297800.0,TSLA
2021-10-06,258.73333740234375,262.2200012207031,257.739990234375,260.9166564941406,43898400.0,TSLA
2021-10-07,261.82000732421875,268.3333435058594,261.1266784667969,264.53668212890625,57587400.0,TSLA
2021-10-08,265.4033203125,265.4599914550781,260.3033447265625,261.8299865722656,50215800.0,TSLA
2021-10-11,262.54998779296875,267.0799865722656,261.8333435058594,263.9800109863281,42600900.0,TSLA
2021-10-12,266.9766540527344,270.7733459472656,265.5233459472656,268.5733337402344,66060000.0,TSLA
2021-10-13,270.15667724609375,271.8033447265625,268.59332275390625,270.3599853515625,42360300.0,TSLA
2021-10-14,271.8299865722656,273.4166564941406,271.1166687011719,272.7733459472656,36741600.0,TSLA
2021-10-15,274.5799865722656,281.07000732421875,274.1166687011719,281.010009765625,56773800.0,TSLA
2021-10-18,283.92999267578125,291.7533264160156,283.8233337402344,290.03668212890625,72621600.0,TSLA
2021-10-19,292.510009765625,292.6499938964844,287.5033264160156,288.0899963378906,52143300.0,TSLA
2021-10-20,288.45001220703125,289.8299865722656,285.7933349609375,288.6000061035156,42096300.0,TSLA
2021-10-21,285.3333435058594,300.0,285.1666564941406,298.0,94444500.0,TSLA
2021-10-22,298.5,303.3333435058594,296.9866638183594,303.2266540527344,68642400.0,TSLA
2021-10-25,316.84332275390625,348.3399963378906,314.73333740234375,341.6199951171875,188556300.0,TSLA
2021-10-26,341.5633239746094,364.9800109863281,333.8133239746094,339.4766540527344,187245000.0,TSLA
2021-10-27,346.5533447265625,356.9599914550781,343.59332275390625,345.9533386230469,115579500.0,TSLA
2021-10-28,356.10333251953125,360.3333435058594,351.3999938964844,359.0133361816406,81639600.0,TSLA
2021-10-29,360.6199951171875,371.7366638183594,357.7366638183594,371.3333435058594,89755200.0,TSLA
2021-11-01,381.6666564941406,403.25,372.88665771484375,402.86334228515625,168146100.0,TSLA
2021-11-02,386.4533386230469,402.86334228515625,382.0,390.6666564941406,128213400.0,TSLA
2021-11-03,392.4433288574219,405.1300048828125,384.2066650390625,404.6199951171875,103885500.0,TSLA
2021-11-04,411.4700012207031,414.4966735839844,405.6666564941406,409.9700012207031,76192200.0,TSLA
2021-11-05,409.3333435058594,413.2900085449219,402.6666564941406,407.36334228515625,64886400.0,TSLA
2021-11-08,383.2633361816406,399.0,377.6666564941406,387.64666748046875,100337100.0,TSLA
2021-11-09,391.20001220703125,391.5,337.17333984375,341.1666564941406,177317400.0,TSLA
2021-11-10,336.8033447265625,359.3666687011719,329.10333251953125,355.98333740234375,128408100.0,TSLA
2021-11-11,367.5899963378906,368.3233337402344,351.55999755859375,354.5033264160156,67189800.0,TSLA
2021-11-12,349.1666564941406,351.5,339.73333740234375,344.47332763671875,76719300.0,TSLA
2021-11-15,339.2099914550781,343.99334716796875,326.20001220703125,337.7966613769531,104326800.0,TSLA
2021-11-16,334.4366760253906,352.3999938964844,334.05999755859375,351.57666015625,79627200.0,TSLA
2021-11-17,354.5033264160156,373.21331787109375,351.8333435058594,363.0033264160156,94336200.0,TSLA
2021-11-18,368.8500061035156,370.6666564941406,358.3399963378906,365.4599914550781,62696700.0,TSLA
2021-11-19,366.2900085449219,379.5733337402344,364.23333740234375,379.0199890136719,64926900.0,TSLA
2021-11-22,387.4433288574219,400.6499938964844,377.4766540527344,385.6233215332031,99217500.0,TSLA
2021-11-23,389.1700134277344,393.5,354.23333740234375,369.6766662597656,108515100.0,TSLA
2021-11-24,360.1300048828125,377.5899963378906,354.0,372.0,67680600.0,TSLA
2021-11-26,366.489990234375,369.59332275390625,360.3333435058594,360.6400146484375,35042700.0,TSLA
2021-11-29,366.9966735839844,380.8900146484375,366.7300109863281,378.9966735839844,58393500.0,TSLA
2021-11-30,381.4566650390625,389.3333435058594,372.6666564941406,381.586669921875,81276000.0,TSLA
2021-12-01,386.8999938964844,390.9466552734375,363.586669921875,365.0,68450400.0,TSLA
2021-12-02,366.35333251953125,371.0,352.2166748046875,361.5333251953125,73114800.0,TSLA
2021-12-03,361.5966796875,363.52667236328125,333.4033203125,338.3233337402344,92322000.0,TSLA
2021-12-06,333.836669921875,340.5466613769531,316.8333435058594,336.336669921875,81663000.0,TSLA
2021-12-07,348.0666809082031,352.5566711425781,342.2699890136719,350.5833435058594,56084700.0,TSLA
2021-12-08,350.9033203125,357.4599914550781,344.3333435058594,356.32000732421875,41906400.0,TSLA
2021-12-09,353.5466613769531,354.163330078125,334.1199951171875,334.6000061035156,59438400.0,TSLA
2021-12-10,336.25,340.32666015625,327.510009765625,339.010009765625,59664300.0,TSLA
2021-12-13,333.6966552734375,335.0,317.1400146484375,322.13665771484375,78595500.0,TSLA
2021-12-14,315.0,322.13665771484375,310.0,319.5033264160156,70806300.0,TSLA
2021-12-15,317.7366638183594,326.25,309.4166564941406,325.3299865722656,75169200.0,TSLA
2021-12-16,331.5,331.6600036621094,307.2833251953125,308.97332763671875,82771500.0,TSLA
2021-12-17,304.92333984375,320.2200012207031,303.0133361816406,310.8566589355469,100437300.0,TSLA
2021-12-20,303.5666809082031,307.2300109863281,297.7966613769531,299.9800109863281,56480100.0,TSLA
2021-12-21,305.6233215332031,313.1666564941406,295.3733215332031,312.84332275390625,71517900.0,TSLA
2021-12-22,321.88665771484375,338.5533447265625,319.01666259765625,336.2900085449219,93634200.0,TSLA
2021-12-23,335.6000061035156,357.6600036621094,332.5199890136719,355.6666564941406,92713200.0,TSLA
2021-12-27,357.8900146484375,372.3333435058594,356.90667724609375,364.64666748046875,71145900.0,TSLA
2021-12-28,369.8299865722656,373.0,359.47332763671875,362.8233337402344,60324000.0,TSLA
2021-12-29,366.21331787109375,368.0,354.71331787109375,362.0633239746094,56154000.0,TSLA
2021-12-30,353.77667236328125,365.1833190917969,351.04998779296875,356.7799987792969,47040900.0,TSLA
2021-12-31,357.8133239746094,360.6666564941406,351.5299987792969,352.260009765625,40733700.0,TSLA
2022-01-03,382.5833435058594,400.3566589355469,378.67999267578125,399.9266662597656,103931400.0,TSLA
2022-01-04,396.51666259765625,402.6666564941406,374.3500061035156,383.1966552734375,100248300.0,TSLA
2022-01-05,382.2166748046875,390.11334228515625,360.336669921875,362.7066650390625,80119800.0,TSLA
2022-01-06,359.0,362.6666564941406,340.1666564941406,354.8999938964844,90336600.0,TSLA
2022-01-07,360.1233215332031,360.30999755859375,336.6666564941406,342.32000732421875,84164700.0,TSLA
2022-01-10,333.3333435058594,353.0333251953125,326.6666564941406,352.7066650390625,91815000.0,TSLA
2022-01-11,351.22332763671875,358.6166687011719,346.2733459472656,354.79998779296875,66063300.0,TSLA
2022-01-12,359.6166687011719,371.61334228515625,357.5299987792969,368.739990234375,83739000.0,TSLA
2022-01-13,369.69000244140625,371.8666687011719,342.17999267578125,343.85333251953125,97209900.0,TSLA
2022-01-14,339.9599914550781,350.6666564941406,337.7933349609375,349.8699951171875,72924300.0,TSLA
2022-01-18,342.2033386230469,356.92999267578125,338.6866760253906,343.5033264160156,66743400.0,TSLA
2022-01-19,347.2366638183594,351.5566711425781,331.6666564941406,331.8833312988281,75442500.0,TSLA
2022-01-20,336.57666015625,347.2200012207031,331.3333435058594,332.0899963378906,70488600.0,TSLA
2022-01-21,332.11334228515625,334.8500061035156,313.5,314.6333312988281,103416000.0,TSLA
2022-01-24,301.586669921875,311.1700134277344,283.8233337402344,310.0,151565700.0,TSLA
2022-01-25,304.73333740234375,317.086669921875,301.07000732421875,306.1333312988281,86595900.0,TSLA
2022-01-26,317.4766540527344,329.2300109863281,302.0,312.4700012207031,104867400.0,TSLA
2022-01-27,311.1199951171875,311.7966613769531,276.3333435058594,276.3666687011719,147109500.0,TSLA
2022-01-28,277.1866760253906,285.8333435058594,264.0033264160156,282.1166687011719,134789100.0,TSLA
2022-01-31,290.9033203125,312.663330078125,287.3500061035156,312.239990234375,104436000.0,TSLA
2022-02-01,311.7366638183594,314.5666809082031,301.6666564941406,310.4166564941406,73138200.0,TSLA
2022-02-02,309.3933410644531,310.5,296.4700012207031,301.88665771484375,66792900.0,TSLA
2022-02-03,294.0,312.3333435058594,293.50665283203125,297.0466613769531,78855600.0,TSLA
2022-02-04,299.0733337402344,312.1666564941406,293.72332763671875,307.7733459472656,73625400.0,TSLA
2022-02-07,307.92999267578125,315.92333984375,300.9033203125,302.4466552734375,60994500.0,TSLA
2022-02-08,301.84332275390625,308.7633361816406,298.26666259765625,307.3333435058594,50729100.0,TSLA
2022-02-09,311.6666564941406,315.42333984375,306.6666564941406,310.6666564941406,52259400.0,TSLA
2022-02-10,302.7900085449219,314.60333251953125,298.8999938964844,301.51666259765625,66126900.0,TSLA
2022-02-11,303.2099914550781,305.32000732421875,283.5666809082031,286.6666564941406,79645800.0,TSLA
2022-02-14,287.19000244140625,299.6266784667969,284.3833312988281,291.9200134277344,67756500.0,TSLA
2022-02-15,300.0,307.6666564941406,297.7933349609375,307.4766540527344,57286200.0,TSLA
2022-02-16,304.6833190917969,308.80999755859375,300.4033203125,307.7966613769531,51294300.0,TSLA
2022-02-17,304.4200134277344,306.1666564941406,291.3666687011719,292.1166687011719,55178400.0,TSLA
2022-02-18,295.3333435058594,295.6233215332031,279.2033386230469,285.6600036621094,68501700.0,TSLA
2022-02-22,278.0433349609375,285.57666015625,267.0333251953125,273.84332275390625,83288100.0,TSLA
2022-02-23,276.80999755859375,278.4333190917969,253.52000427246094,254.67999267578125,95256900.0,TSLA
2022-02-24,233.4633331298828,267.49334716796875,233.3333282470703,266.92333984375,135322200.0,TSLA
2022-02-25,269.74334716796875,273.1666564941406,260.79998779296875,269.9566650390625,76067700.0,TSLA
2022-02-28,271.6700134277344,292.28668212890625,271.57000732421875,290.1433410644531,99006900.0,TSLA
2022-03-01,289.8933410644531,296.6266784667969,284.59332275390625,288.1233215332031,74766900.0,TSLA
2022-03-02,290.7099914550781,295.49334716796875,281.42333984375,293.2966613769531,74643300.0,TSLA
2022-03-03,292.92333984375,295.4800109863281,277.5333251953125,279.7633361816406,61623600.0,TSLA
2022-03-04,283.0333251953125,285.2166748046875,275.0533447265625,279.42999267578125,66999600.0,TSLA
2022-03-07,285.4333190917969,288.71331787109375,268.19000244140625,268.1933288574219,72494100.0,TSLA
2022-03-08,265.1766662597656,283.3299865722656,260.72332763671875,274.79998779296875,80399100.0,TSLA
2022-03-09,279.82666015625,286.85333251953125,277.336669921875,286.3233337402344,59184000.0,TSLA
2022-03-10,283.8166809082031,284.8166809082031,270.1199951171875,279.4333190917969,58648500.0,TSLA
2022-03-11,280.0666809082031,281.26666259765625,264.5899963378906,265.1166687011719,67037100.0,TSLA
2022-03-14,260.2033386230469,266.8999938964844,252.01333618164062,255.4566650390625,71152200.0,TSLA
2022-03-15,258.42333984375,268.5233459472656,252.19000244140625,267.2966613769531,66841200.0,TSLA
2022-03-16,269.6666564941406,280.6666564941406,267.4200134277344,280.07666015625,84028800.0,TSLA
2022-03-17,276.9966735839844,291.6666564941406,275.239990234375,290.5333251953125,66582900.0,TSLA
2022-03-18,291.4966735839844,302.6166687011719,289.1300048828125,301.7966613769531,100414200.0,TSLA
2022-03-21,304.99334716796875,314.2833251953125,302.36334228515625,307.0533447265625,81981600.0,TSLA
2022-03-22,310.0,332.6199951171875,307.25,331.32666015625,105868500.0,TSLA
2022-03-23,326.64666748046875,346.8999938964844,325.4666748046875,333.03668212890625,120676200.0,TSLA
2022-03-24,336.57666015625,341.4966735839844,329.6000061035156,337.97332763671875,68920800.0,TSLA
2022-03-25,336.0,340.6000061035156,332.44000244140625,336.8800048828125,62031600.0,TSLA
2022-03-28,355.0333251953125,365.9599914550781,351.20001220703125,363.9466552734375,102506100.0,TSLA
2022-03-29,369.3299865722656,371.5899963378906,357.7033386230469,366.5233459472656,73614900.0,TSLA
2022-03-30,363.72332763671875,371.3166809082031,361.3333435058594,364.663330078125,59865000.0,TSLA
2022-03-31,364.8566589355469,367.71331787109375,358.8800048828125,359.20001220703125,48992700.0,TSLA
2022-04-01,360.3833312988281,364.9166564941406,355.5466613769531,361.5299987792969,54263100.0,TSLA
2022-04-04,363.1266784667969,383.3033447265625,357.510009765625,381.8166809082031,82035900.0,TSLA
2022-04-05,378.76666259765625,384.2900085449219,362.4333190917969,363.7533264160156,80075100.0,TSLA
2022-04-06,357.8233337402344,359.6666564941406,342.5666809082031,348.586669921875,89348400.0,TSLA
2022-04-07,350.7966613769531,358.86334228515625,340.5133361816406,352.4200134277344,79447200.0,TSLA
2022-04-08,347.7366638183594,349.4800109863281,340.8133239746094,341.8299865722656,55013700.0,TSLA
2022-04-11,326.79998779296875,336.15667724609375,324.8800048828125,325.30999755859375,59357100.0,TSLA
2022-04-12,332.5466613769531,340.39666748046875,325.5333251953125,328.98333740234375,65976000.0,TSLA
2022-04-13,327.02667236328125,342.0799865722656,324.3666687011719,340.7900085449219,55121100.0,TSLA
2022-04-14,333.0966796875,337.57000732421875,327.39666748046875,328.3333435058594,58422300.0,TSLA
2022-04-18,329.6766662597656,338.3066711425781,324.4700012207031,334.7633361816406,51715200.0,TSLA
2022-04-19,335.0199890136719,344.9800109863281,331.77667236328125,342.7166748046875,49847700.0,TSLA
2022-04-20,343.3333435058594,344.6666564941406,325.0833435058594,325.73333740234375,70711200.0,TSLA
2022-04-21,358.24334716796875,364.0733337402344,332.1400146484375,336.260009765625,105416400.0,TSLA
2022-04-22,338.3033447265625,344.95001220703125,331.3333435058594,335.01666259765625,69696600.0,TSLA
2022-04-25,326.3233337402344,336.2066650390625,325.1000061035156,332.67333984375,68341200.0,TSLA
2022-04-26,331.80999755859375,333.3333435058594,291.6666564941406,292.1400146484375,136133700.0,TSLA
2022-04-27,299.52667236328125,306.0,292.4533386230469,293.836669921875,76956300.0,TSLA
2022-04-28,299.99334716796875,300.0,273.8999938964844,292.5033264160156,124948500.0,TSLA
2022-04-29,300.75,311.4666748046875,290.0,290.2533264160156,88133100.0,TSLA
2022-05-02,286.92333984375,302.1199951171875,282.6766662597656,300.9800109863281,75781500.0,TSLA
2022-05-03,301.05999755859375,308.02667236328125,296.1966552734375,303.0833435058594,63709500.0,TSLA
2022-05-04,301.3133239746094,318.5,295.09332275390625,317.5400085449219,81643800.0,TSLA
2022-05-05,313.00665283203125,315.20001220703125,285.8999938964844,291.09332275390625,92519100.0,TSLA
2022-05-06,295.6666564941406,296.0,281.03668212890625,288.54998779296875,72903000.0,TSLA
2022-05-09,278.8166809082031,281.8766784667969,260.3833312988281,262.3699951171875,90810300.0,TSLA
2022-05-10,273.10333251953125,275.1199951171875,258.0833435058594,266.67999267578125,84401700.0,TSLA
2022-05-11,265.0,269.92333984375,242.39999389648438,244.6666717529297,97224600.0,TSLA
2022-05-12,233.6666717529297,253.22000122070312,226.6666717529297,242.6666717529297,140313000.0,TSLA
2022-05-13,257.82666015625,262.45001220703125,250.52333068847656,256.5299987792969,92150700.0,TSLA
2022-05-16,255.72000122070312,256.586669921875,239.69667053222656,241.4566650390625,86098500.0,TSLA
2022-05-17,249.1199951171875,254.82666015625,242.9499969482422,253.8699951171875,80236200.0,TSLA
2022-05-18,248.17333984375,253.5,233.60333251953125,236.60333251953125,87811800.0,TSLA
2022-05-19,235.6666717529297,244.6666717529297,231.3699951171875,236.47332763671875,90296700.0,TSLA
2022-05-20,237.99667358398438,240.52667236328125,211.0,221.3000030517578,144973200.0,TSLA
2022-05-23,218.33999633789062,226.65333557128906,212.68666076660156,224.96665954589844,88903500.0,TSLA
2022-05-24,217.8433380126953,217.97332763671875,206.85667419433594,209.3866729736328,89092500.0,TSLA
2022-05-25,207.9499969482422,223.10667419433594,207.6699981689453,219.60000610351562,92139300.0,TSLA
2022-05-26,220.47332763671875,239.55667114257812,217.8866729736328,235.91000366210938,106003200.0,TSLA
2022-05-27,241.0833282470703,253.26666259765625,240.17666625976562,253.2100067138672,89295000.0,TSLA
2022-05-31,257.9466552734375,259.6000061035156,244.7433319091797,252.75332641601562,101914500.0,TSLA
2022-06-01,251.72000122070312,257.32666015625,243.63999938964844,246.7899932861328,77247900.0,TSLA
2022-06-02,244.1566619873047,264.2099914550781,242.06666564941406,258.3333435058594,93473100.0,TSLA
2022-06-03,243.22666931152344,247.79666137695312,233.4166717529297,234.51666259765625,112393800.0,TSLA
2022-06-06,244.35333251953125,244.86666870117188,234.35000610351562,238.27999877929688,84204600.0,TSLA
2022-06-07,234.0,239.99667358398438,230.0933380126953,238.8866729736328,72808500.0,TSLA
2022-06-08,240.086669921875,249.9633331298828,239.17666625976562,241.86666870117188,76210500.0,TSLA
2022-06-09,249.33999633789062,255.54666137695312,239.32666015625,239.7066650390625,96491400.0,TSLA
2022-06-10,235.1566619873047,239.5,227.913330078125,232.22999572753906,97536600.0,TSLA
2022-06-13,223.1666717529297,226.63333129882812,214.68333435058594,215.73666381835938,102767400.0,TSLA
2022-06-14,218.2866668701172,226.3300018310547,211.73666381835938,220.88999938964844,97988700.0,TSLA
2022-06-15,220.9166717529297,235.663330078125,218.14999389648438,233.0,119131800.0,TSLA
2022-06-16,222.73666381835938,225.1666717529297,208.69332885742188,213.10000610351562,107390700.0,TSLA
2022-06-17,213.43333435058594,220.97000122070312,213.19667053222656,216.75999450683594,92641800.0,TSLA
2022-06-21,224.60333251953125,243.57666015625,224.3333282470703,237.0366668701172,122793000.0,TSLA
2022-06-22,234.50332641601562,246.8333282470703,233.82666015625,236.086669921875,101107500.0,TSLA
2022-06-23,237.9066619873047,239.31666564941406,228.6366729736328,235.07000732421875,104202600.0,TSLA
2022-06-24,237.47000122070312,246.06666564941406,236.086669921875,245.7066650390625,95770800.0,TSLA
2022-06-27,249.36666870117188,252.07000732421875,242.56666564941406,244.9199981689453,89178300.0,TSLA
2022-06-28,244.48333740234375,249.97000122070312,232.3433380126953,232.663330078125,90391200.0,TSLA
2022-06-29,230.5,231.17333984375,222.27333068847656,228.49000549316406,82897200.0,TSLA
2022-06-30,224.50999450683594,229.4566650390625,218.8633270263672,224.47332763671875,94600500.0,TSLA
2022-07-01,227.0,230.22999572753906,222.1199951171875,227.26333618164062,74460300.0,TSLA
2022-07-05,223.0,233.14666748046875,216.1666717529297,233.06666564941406,84581100.0,TSLA
2022-07-06,230.77999877929688,234.56333923339844,227.18666076660156,231.73333740234375,71853600.0,TSLA
2022-07-07,233.9199981689453,245.3633270263672,232.2100067138672,244.5433349609375,81930600.0,TSLA
2022-07-08,242.3333282470703,254.97999572753906,241.16000366210938,250.76333618164062,101854200.0,TSLA
2022-07-11,252.10333251953125,253.06333923339844,233.6266632080078,234.3433380126953,99241200.0,TSLA
2022-07-12,236.84666442871094,239.77333068847656,228.3699951171875,233.07000732421875,87930900.0,TSLA
2022-07-13,225.5,242.05999755859375,225.03334045410156,237.0399932861328,97954500.0,TSLA
2022-07-14,234.89666748046875,238.65333557128906,229.3333282470703,238.31333923339844,78557400.0,TSLA
2022-07-15,240.0,243.6233367919922,236.88999938964844,240.06666564941406,69683100.0,TSLA
2022-07-18,244.93666076660156,250.51666259765625,239.60333251953125,240.54666137695312,82537500.0,TSLA
2022-07-19,245.0,247.13999938964844,236.97666931152344,245.52999877929688,80890200.0,TSLA
2022-07-20,246.78334045410156,250.663330078125,243.48333740234375,247.5,88864200.0,TSLA
2022-07-21,255.10667419433594,273.26666259765625,254.86666870117188,271.7066650390625,142032300.0,TSLA
2022-07-22,276.2200012207031,280.78668212890625,270.71331787109375,272.24334716796875,103472700.0,TSLA
2022-07-25,272.2166748046875,274.14666748046875,267.3999938964844,268.4333190917969,64073400.0,TSLA
2022-07-26,266.5133361816406,267.30999755859375,256.2633361816406,258.8599853515625,66820800.0,TSLA
2022-07-27,263.80999755859375,275.9266662597656,261.7900085449219,274.82000732421875,88110000.0,TSLA
2022-07-28,280.0666809082031,283.29998779296875,272.79998779296875,280.8999938964844,84723000.0,TSLA
2022-07-29,280.70001220703125,298.32000732421875,279.1000061035156,297.1499938964844,95313000.0,TSLA
2022-08-01,301.27667236328125,311.8766784667969,295.0,297.27667236328125,117042900.0,TSLA
2022-08-02,294.0033264160156,307.8333435058594,292.6666564941406,300.586669921875,95577600.0,TSLA
2022-08-03,305.0,309.54998779296875,301.1499938964844,307.39666748046875,80091000.0,TSLA
2022-08-04,311.0,313.6066589355469,305.0,308.6333312988281,72256200.0,TSLA
2022-08-05,302.6700134277344,304.6066589355469,285.5433349609375,288.1700134277344,113172900.0,TSLA
2022-08-08,295.0,305.20001220703125,289.086669921875,290.42333984375,98994000.0,TSLA
2022-08-09,290.2933349609375,292.39666748046875,279.35333251953125,283.3333435058594,86244600.0,TSLA
2022-08-10,297.0666809082031,297.510009765625,283.3699951171875,294.3566589355469,94918800.0,TSLA
2022-08-11,296.5133361816406,298.2366638183594,285.8333435058594,286.6300048828125,70155000.0,TSLA
2022-08-12,289.4166564941406,300.1600036621094,285.0333251953125,300.0299987792969,79657200.0,TSLA
2022-08-15,301.78668212890625,313.1333312988281,301.2300109863281,309.32000732421875,89359200.0,TSLA
2022-08-16,311.6666564941406,314.6666564941406,302.8833312988281,306.5633239746094,88136400.0,TSLA
2022-08-17,303.39666748046875,309.65667724609375,300.0333251953125,303.9966735839844,68766000.0,TSLA
2022-08-18,306.0,306.5,301.85333251953125,302.8699951171875,47500500.0,TSLA
2022-08-19,299.0,300.3599853515625,292.5,296.6666564941406,61395300.0,TSLA
2022-08-22,291.913330078125,292.3999938964844,286.2966613769531,289.913330078125,55843200.0,TSLA
2022-08-23,291.4533386230469,298.82666015625,287.92333984375,296.4533386230469,63984900.0,TSLA
2022-08-24,297.5633239746094,303.64666748046875,296.5,297.0966796875,57259800.0,TSLA
2022-08-25,302.3599853515625,302.9599914550781,291.6000061035156,296.07000732421875,53230000.0,TSLA
2022-08-26,297.42999267578125,302.0,287.4700012207031,288.0899963378906,57163900.0,TSLA
2022-08-29,282.8299865722656,287.739990234375,280.70001220703125,284.82000732421875,41864700.0,TSLA
2022-08-30,287.8699951171875,288.4800109863281,272.6499938964844,277.70001220703125,50541800.0,TSLA
2022-08-31,280.6199951171875,281.25,271.80999755859375,275.6099853515625,52107300.0,TSLA
2022-09-01,272.5799865722656,277.5799865722656,266.1499938964844,277.1600036621094,54287000.0,TSLA
2022-09-02,281.07000732421875,282.3500061035156,269.0799865722656,270.2099914550781,50890100.0,TSLA
2022-09-06,272.67999267578125,275.989990234375,265.739990234375,274.4200134277344,55860000.0,TSLA
2022-09-07,273.1000061035156,283.8399963378906,272.2699890136719,283.70001220703125,50028900.0,TSLA
2022-09-08,281.29998779296875,289.5,279.760009765625,289.260009765625,53713100.0,TSLA
2022-09-09,291.6700134277344,299.8500061035156,291.25,299.67999267578125,54338100.0,TSLA
2022-09-12,300.7200012207031,305.489990234375,300.3999938964844,304.4200134277344,48674600.0,TSLA
2022-09-13,292.8999938964844,297.3999938964844,290.3999938964844,292.1300048828125,68229600.0,TSLA
2022-09-14,292.239990234375,306.0,291.6400146484375,302.6099853515625,72628700.0,TSLA
2022-09-15,301.8299865722656,309.1199951171875,300.7200012207031,303.75,64795500.0,TSLA
2022-09-16,299.6099853515625,303.7099914550781,295.6000061035156,303.3500061035156,87087800.0,TSLA
2022-09-19,300.0899963378906,309.8399963378906,297.79998779296875,309.07000732421875,60231200.0,TSLA
2022-09-20,306.9100036621094,313.3299865722656,305.5799865722656,308.7300109863281,61642800.0,TSLA
2022-09-21,308.2900085449219,313.79998779296875,300.6300048828125,300.79998779296875,62555700.0,TSLA
2022-09-22,299.8599853515625,301.2900085449219,285.82000732421875,288.5899963378906,70545400.0,TSLA
2022-09-23,283.0899963378906,284.5,272.82000732421875,275.3299865722656,63748400.0,TSLA
2022-09-26,271.8299865722656,284.0899963378906,270.30999755859375,276.010009765625,58076900.0,TSLA
2022-09-27,283.8399963378906,288.6700134277344,277.510009765625,282.94000244140625,61925200.0,TSLA
2022-09-28,283.0799865722656,289.0,277.57000732421875,287.80999755859375,54664800.0,TSLA
2022-09-29,282.760009765625,283.6499938964844,265.7799987792969,268.2099914550781,77620600.0,TSLA
2022-09-30,266.1499938964844,275.57000732421875,262.4700012207031,265.25,67726600.0,TSLA
2022-10-03,254.5,255.16000366210938,241.00999450683594,242.39999389648438,98363500.0,TSLA
2022-10-04,250.52000427246094,257.5,242.00999450683594,249.44000244140625,109578500.0,TSLA
2022-10-05,245.00999450683594,246.6699981689453,233.27000427246094,240.80999755859375,86982700.0,TSLA
2022-10-06,239.44000244140625,244.5800018310547,235.35000610351562,238.1300048828125,69298400.0,TSLA
2022-10-07,233.94000244140625,234.57000732421875,222.02000427246094,223.07000732421875,83916800.0,TSLA
2022-10-10,223.92999267578125,226.99000549316406,218.36000061035156,222.9600067138672,67925000.0,TSLA
2022-10-11,220.9499969482422,225.75,215.0,216.5,77013200.0,TSLA
2022-10-12,215.3300018310547,219.3000030517578,211.50999450683594,217.24000549316406,66860700.0,TSLA
2022-10-13,208.3000030517578,222.99000549316406,206.22000122070312,221.72000122070312,91483000.0,TSLA
2022-10-14,224.00999450683594,226.25999450683594,204.16000366210938,204.99000549316406,94124500.0,TSLA
2022-10-17,210.0399932861328,221.86000061035156,209.4499969482422,219.35000610351562,79428800.0,TSLA
2022-10-18,229.5,229.82000732421875,217.25,220.19000244140625,75891900.0,TSLA
2022-10-19,219.8000030517578,222.92999267578125,217.77999877929688,222.0399932861328,66571500.0,TSLA
2022-10-20,208.27999877929688,215.5500030517578,202.0,207.27999877929688,117798100.0,TSLA
2022-10-21,206.4199981689453,214.66000366210938,203.8000030517578,214.44000244140625,75713800.0,TSLA
2022-10-24,205.82000732421875,213.5,198.58999633789062,211.25,100446800.0,TSLA
2022-10-25,210.10000610351562,224.35000610351562,210.0,222.4199981689453,96507900.0,TSLA
2022-10-26,219.39999389648438,230.60000610351562,218.1999969482422,224.63999938964844,85012500.0,TSLA
2022-10-27,229.77000427246094,233.80999755859375,222.85000610351562,225.08999633789062,61638800.0,TSLA
2022-10-28,225.39999389648438,228.86000061035156,216.35000610351562,228.52000427246094,69152400.0,TSLA
2022-10-31,226.19000244140625,229.85000610351562,221.94000244140625,227.5399932861328,61554300.0,TSLA
2022-11-01,234.0500030517578,237.39999389648438,227.27999877929688,227.82000732421875,62688800.0,TSLA
2022-11-02,226.0399932861328,227.8699951171875,214.82000732421875,214.97999572753906,63070300.0,TSLA
2022-11-03,211.36000061035156,221.1999969482422,210.13999938964844,215.30999755859375,56538800.0,TSLA
2022-11-04,222.60000610351562,223.8000030517578,203.0800018310547,207.47000122070312,98622200.0,TSLA
2022-11-07,208.64999389648438,208.89999389648438,196.66000366210938,197.0800018310547,93916500.0,TSLA
2022-11-08,194.02000427246094,195.1999969482422,186.75,191.3000030517578,128803400.0,TSLA
2022-11-09,190.77999877929688,195.88999938964844,177.1199951171875,177.58999633789062,127062700.0,TSLA
2022-11-10,189.89999389648438,191.0,180.02999877929688,190.72000122070312,132703000.0,TSLA
2022-11-11,186.0,196.52000427246094,182.58999633789062,195.97000122070312,114403600.0,TSLA
2022-11-14,192.77000427246094,195.72999572753906,186.33999633789062,190.9499969482422,92226600.0,TSLA
2022-11-15,195.8800048828125,200.82000732421875,192.05999755859375,194.4199981689453,91293800.0,TSLA
2022-11-16,191.50999450683594,192.57000732421875,185.66000366210938,186.9199981689453,66567600.0,TSLA
2022-11-17,183.9600067138672,186.16000366210938,180.89999389648438,183.1699981689453,64336000.0,TSLA
2022-11-18,185.0500030517578,185.19000244140625,176.5500030517578,180.19000244140625,76048900.0,TSLA
2022-11-21,175.85000610351562,176.77000427246094,167.5399932861328,167.8699951171875,92882700.0,TSLA
2022-11-22,168.6300048828125,170.9199981689453,166.19000244140625,169.91000366210938,78452300.0,TSLA
2022-11-23,173.57000732421875,183.6199951171875,172.5,183.1999969482422,109536700.0,TSLA
2022-11-25,185.05999755859375,185.1999969482422,180.6300048828125,182.86000061035156,50672700.0,TSLA
2022-11-28,179.9600067138672,188.5,179.0,182.9199981689453,92905200.0,TSLA
2022-11-29,184.99000549316406,186.3800048828125,178.75,180.8300018310547,83357100.0,TSLA
2022-11-30,182.42999267578125,194.75999450683594,180.6300048828125,194.6999969482422,109186400.0,TSLA
2022-12-01,197.0800018310547,198.9199981689453,191.8000030517578,194.6999969482422,80046200.0,TSLA
2022-12-02,191.77999877929688,196.25,191.11000061035156,194.86000061035156,73645900.0,TSLA
2022-12-05,189.44000244140625,191.27000427246094,180.5500030517578,182.4499969482422,93122700.0,TSLA
2022-12-06,181.22000122070312,183.64999389648438,175.3300018310547,179.82000732421875,92150800.0,TSLA
2022-12-07,175.02999877929688,179.3800048828125,172.22000122070312,174.0399932861328,84213300.0,TSLA
2022-12-08,172.1999969482422,175.1999969482422,169.05999755859375,173.44000244140625,97624500.0,TSLA
2022-12-09,173.83999633789062,182.5,173.36000061035156,179.0500030517578,104872300.0,TSLA
2022-12-12,176.10000610351562,177.3699951171875,167.52000427246094,167.82000732421875,109794500.0,TSLA
2022-12-13,174.8699951171875,175.0500030517578,156.91000366210938,160.9499969482422,175862700.0,TSLA
2022-12-14,159.25,161.6199951171875,155.30999755859375,156.8000030517578,140682300.0,TSLA
2022-12-15,153.44000244140625,160.92999267578125,153.27999877929688,157.6699981689453,122334500.0,TSLA
2022-12-16,159.63999938964844,160.99000549316406,150.0399932861328,150.22999572753906,139032200.0,TSLA
2022-12-19,154.0,155.25,145.82000732421875,149.8699951171875,139390600.0,TSLA
2022-12-20,146.0500030517578,148.47000122070312,137.66000366210938,137.8000030517578,159563300.0,TSLA
2022-12-21,139.33999633789062,141.25999450683594,135.88999938964844,137.57000732421875,145417400.0,TSLA
2022-12-22,136.0,136.6300048828125,122.26000213623047,125.3499984741211,210090300.0,TSLA
2022-12-23,126.37000274658203,128.6199951171875,121.0199966430664,123.1500015258789,166989700.0,TSLA
2022-12-27,117.5,119.66999816894531,108.76000213623047,109.0999984741211,208643400.0,TSLA
2022-12-28,110.3499984741211,116.2699966430664,108.23999786376953,112.70999908447266,221070500.0,TSLA
2022-12-29,120.38999938964844,123.56999969482422,117.5,121.81999969482422,221923300.0,TSLA
2022-12-30,119.94999694824219,124.4800033569336,119.75,123.18000030517578,157777300.0,TSLA
2023-01-03,118.47000122070312,118.80000305175781,104.63999938964844,108.0999984741211,231402800.0,TSLA
2023-01-04,109.11000061035156,114.58999633789062,107.5199966430664,113.63999938964844,180389000.0,TSLA
2023-01-05,110.51000213623047,111.75,107.16000366210938,110.33999633789062,157986300.0,TSLA
2023-01-06,103.0,114.38999938964844,101.80999755859375,113.05999755859375,220911100.0,TSLA
2023-01-09,118.95999908447266,123.5199966430664,117.11000061035156,119.7699966430664,190284000.0,TSLA
2023-01-10,121.06999969482422,122.76000213623047,114.91999816894531,118.8499984741211,167642500.0,TSLA
2023-01-11,122.08999633789062,125.94999694824219,120.51000213623047,123.22000122070312,183810800.0,TSLA
2023-01-12,122.55999755859375,124.12999725341797,117.0,123.55999755859375,169400900.0,TSLA
2023-01-13,116.55000305175781,122.62999725341797,115.5999984741211,122.4000015258789,180714100.0,TSLA
2023-01-17,125.69999694824219,131.6999969482422,125.0199966430664,131.49000549316406,186477000.0,TSLA
2023-01-18,136.55999755859375,136.67999267578125,127.01000213623047,128.77999877929688,195680300.0,TSLA
2023-01-19,127.26000213623047,129.99000549316406,124.30999755859375,127.16999816894531,170291900.0,TSLA
2023-01-20,128.67999267578125,133.50999450683594,127.3499984741211,133.4199981689453,138858100.0,TSLA
2023-01-23,135.8699951171875,145.3800048828125,134.27000427246094,143.75,203119200.0,TSLA
2023-01-24,143.0,146.5,141.10000610351562,143.88999938964844,158699100.0,TSLA
2023-01-25,141.91000366210938,146.41000366210938,138.07000732421875,144.42999267578125,192734300.0,TSLA
2023-01-26,159.97000122070312,161.4199981689453,154.75999450683594,160.27000427246094,234815100.0,TSLA
2023-01-27,162.42999267578125,180.67999267578125,161.1699981689453,177.89999389648438,306590600.0,TSLA
2023-01-30,178.0500030517578,179.77000427246094,166.5,166.66000366210938,230878800.0,TSLA
2023-01-31,164.57000732421875,174.3000030517578,162.77999877929688,173.22000122070312,196813500.0,TSLA
2023-02-01,173.88999938964844,183.80999755859375,169.92999267578125,181.41000366210938,213806300.0,TSLA
2023-02-02,187.3300018310547,196.75,182.61000061035156,188.27000427246094,217448300.0,TSLA
2023-02-03,183.9499969482422,199.0,183.69000244140625,189.97999572753906,232662000.0,TSLA
2023-02-06,193.00999450683594,198.1699981689453,189.9199981689453,194.75999450683594,186188100.0,TSLA
2023-02-07,196.42999267578125,197.5,189.5500030517578,196.80999755859375,186010300.0,TSLA
2023-02-08,196.10000610351562,203.0,194.30999755859375,201.2899932861328,180673600.0,TSLA
2023-02-09,207.77999877929688,214.0,204.77000427246094,207.32000732421875,215431400.0,TSLA
2023-02-10,202.22999572753906,206.1999969482422,192.88999938964844,196.88999938964844,204754100.0,TSLA
2023-02-13,194.4199981689453,196.3000030517578,187.61000061035156,194.63999938964844,172475500.0,TSLA
2023-02-14,191.94000244140625,209.82000732421875,189.44000244140625,209.25,216455700.0,TSLA
2023-02-15,211.75999450683594,214.66000366210938,206.11000061035156,214.24000549316406,181006400.0,TSLA
2023-02-16,210.77999877929688,217.64999389648438,201.83999633789062,202.0399932861328,229586500.0,TSLA
2023-02-17,199.99000549316406,208.44000244140625,197.5,208.30999755859375,213738500.0,TSLA
2023-02-21,204.99000549316406,209.7100067138672,197.22000122070312,197.3699951171875,180018600.0,TSLA
2023-02-22,197.92999267578125,201.99000549316406,191.77999877929688,200.86000061035156,191828500.0,TSLA
2023-02-23,203.91000366210938,205.13999938964844,196.3300018310547,202.07000732421875,146360000.0,TSLA
2023-02-24,196.3300018310547,197.6699981689453,192.8000030517578,196.8800048828125,142228100.0,TSLA
2023-02-27,202.02999877929688,209.4199981689453,201.25999450683594,207.6300048828125,161028300.0,TSLA
2023-02-28,210.58999633789062,211.22999572753906,203.75,205.7100067138672,153144900.0,TSLA
2023-03-01,206.2100067138672,207.1999969482422,198.52000427246094,202.77000427246094,156852800.0,TSLA
2023-03-02,186.74000549316406,193.75,186.00999450683594,190.89999389648438,181500700.0,TSLA
2023-03-03,194.8000030517578,200.47999572753906,192.8800048828125,197.7899932861328,154193300.0,TSLA
2023-03-06,198.5399932861328,198.60000610351562,192.3000030517578,193.80999755859375,128100100.0,TSLA
2023-03-07,191.3800048828125,194.1999969482422,186.10000610351562,187.7100067138672,148125800.0,TSLA
2023-03-08,185.0399932861328,186.5,180.0,182.0,151897800.0,TSLA
2023-03-09,180.25,185.17999267578125,172.50999450683594,172.9199981689453,170023800.0,TSLA
2023-03-10,175.1300048828125,178.2899932861328,168.44000244140625,173.44000244140625,191488900.0,TSLA
2023-03-13,167.4600067138672,177.35000610351562,163.91000366210938,174.47999572753906,167790300.0,TSLA
2023-03-14,177.30999755859375,183.8000030517578,177.13999938964844,183.25999450683594,143717900.0,TSLA
2023-03-15,180.8000030517578,182.33999633789062,176.02999877929688,180.4499969482422,145995600.0,TSLA
2023-03-16,180.3699951171875,185.80999755859375,178.83999633789062,184.1300048828125,121136800.0,TSLA
2023-03-17,184.52000427246094,186.22000122070312,177.3300018310547,180.1300048828125,133197100.0,TSLA
2023-03-20,178.0800018310547,186.44000244140625,176.35000610351562,183.25,129684400.0,TSLA
2023-03-21,188.27999877929688,198.0,188.0399932861328,197.5800018310547,153391400.0,TSLA
2023-03-22,199.3000030517578,200.66000366210938,190.9499969482422,191.14999389648438,150376400.0,TSLA
2023-03-23,195.25999450683594,199.30999755859375,188.64999389648438,192.22000122070312,144193900.0,TSLA
2023-03-24,191.64999389648438,192.36000061035156,187.14999389648438,190.41000366210938,116312400.0,TSLA
2023-03-27,194.4199981689453,197.38999938964844,189.94000244140625,191.80999755859375,120851600.0,TSLA
2023-03-28,192.0,192.35000610351562,185.42999267578125,189.19000244140625,98654600.0,TSLA
2023-03-29,193.1300048828125,195.2899932861328,189.44000244140625,193.8800048828125,123660000.0,TSLA
2023-03-30,195.5800018310547,197.3300018310547,194.4199981689453,195.27999877929688,110252200.0,TSLA
2023-03-31,197.52999877929688,207.7899932861328,197.1999969482422,207.4600067138672,170222100.0,TSLA
2023-04-03,199.91000366210938,202.69000244140625,192.1999969482422,194.77000427246094,169545900.0,TSLA
2023-04-04,197.32000732421875,198.74000549316406,190.32000732421875,192.5800018310547,126463800.0,TSLA
2023-04-05,190.52000427246094,190.67999267578125,183.75999450683594,185.52000427246094,133882500.0,TSLA
2023-04-06,183.0800018310547,186.38999938964844,179.74000549316406,185.05999755859375,123857900.0,TSLA
2023-04-10,179.94000244140625,185.10000610351562,176.11000061035156,184.50999450683594,142154600.0,TSLA
2023-04-11,186.69000244140625,189.19000244140625,185.64999389648438,186.7899932861328,115770900.0,TSLA
2023-04-12,190.74000549316406,191.5800018310547,180.30999755859375,180.5399932861328,150256300.0,TSLA
2023-04-13,182.9600067138672,186.5,180.94000244140625,185.89999389648438,112933000.0,TSLA
2023-04-14,183.9499969482422,186.27999877929688,182.00999450683594,185.0,96438700.0,TSLA
2023-04-17,186.32000732421875,189.69000244140625,182.69000244140625,187.0399932861328,116662200.0,TSLA
2023-04-18,187.14999389648438,187.69000244140625,183.5800018310547,184.30999755859375,92067000.0,TSLA
2023-04-19,179.10000610351562,183.5,177.64999389648438,180.58999633789062,125732700.0,TSLA
2023-04-20,166.1699981689453,169.6999969482422,160.55999755859375,162.99000549316406,210970800.0,TSLA
2023-04-21,164.8000030517578,166.0,161.32000732421875,165.0800018310547,123539000.0,TSLA
2023-04-24,164.64999389648438,165.64999389648438,158.61000061035156,162.5500030517578,140006600.0,TSLA
2023-04-25,159.82000732421875,163.47000122070312,158.75,160.6699981689453,121999300.0,TSLA
2023-04-26,160.2899932861328,160.6699981689453,153.13999938964844,153.75,153364100.0,TSLA
2023-04-27,152.63999938964844,160.47999572753906,152.3699951171875,160.19000244140625,127015200.0,TSLA
2023-04-28,160.89999389648438,165.0,157.32000732421875,164.30999755859375,122515800.0,TSLA
2023-05-01,163.1699981689453,163.27999877929688,158.8300018310547,161.8300018310547,109015000.0,TSLA
2023-05-02,161.8800048828125,165.49000549316406,158.92999267578125,160.30999755859375,128259700.0,TSLA
2023-05-03,160.00999450683594,165.0,159.91000366210938,160.61000061035156,119728000.0,TSLA
2023-05-04,162.7100067138672,162.9499969482422,159.64999389648438,161.1999969482422,95108500.0,TSLA
2023-05-05,163.97000122070312,170.7899932861328,163.50999450683594,170.05999755859375,107607300.0,TSLA
2023-05-08,173.72000122070312,173.8000030517578,169.19000244140625,171.7899932861328,112249400.0,TSLA
2023-05-09,168.9499969482422,169.82000732421875,166.55999755859375,169.14999389648438,88965000.0,TSLA
2023-05-10,172.5500030517578,174.42999267578125,166.67999267578125,168.5399932861328,119840700.0,TSLA
2023-05-11,168.6999969482422,173.57000732421875,166.7899932861328,172.0800018310547,103889900.0,TSLA
2023-05-12,176.07000732421875,177.3800048828125,167.22999572753906,167.97999572753906,157849600.0,TSLA
2023-05-15,167.66000366210938,169.75999450683594,164.5500030517578,166.35000610351562,105592500.0,TSLA
2023-05-16,165.64999389648438,169.52000427246094,164.35000610351562,166.52000427246094,98288800.0,TSLA
2023-05-17,168.41000366210938,174.5,167.19000244140625,173.86000061035156,125473600.0,TSLA
2023-05-18,174.22000122070312,177.05999755859375,172.4499969482422,176.88999938964844,109520300.0,TSLA
2023-05-19,177.1699981689453,181.9499969482422,176.30999755859375,180.13999938964844,136196700.0,TSLA
2023-05-22,180.6999969482422,189.32000732421875,180.11000061035156,188.8699951171875,132001400.0,TSLA
2023-05-23,186.1999969482422,192.9600067138672,185.25999450683594,185.77000427246094,156952100.0,TSLA
2023-05-24,182.22999572753906,184.22000122070312,178.22000122070312,182.89999389648438,137605100.0,TSLA
2023-05-25,186.5399932861328,186.77999877929688,180.5800018310547,184.47000122070312,96870700.0,TSLA
2023-05-26,184.6199951171875,198.60000610351562,184.52999877929688,193.1699981689453,162061500.0,TSLA
2023-05-30,200.10000610351562,204.47999572753906,197.52999877929688,201.16000366210938,128818700.0,TSLA
2023-05-31,199.77999877929688,203.9499969482422,195.1199951171875,203.92999267578125,150711700.0,TSLA
2023-06-01,202.58999633789062,209.8000030517578,199.3699951171875,207.52000427246094,148029900.0,TSLA
2023-06-02,210.14999389648438,217.25,209.75,213.97000122070312,164398400.0,TSLA
2023-06-05,217.8000030517578,221.2899932861328,214.52000427246094,217.61000061035156,151143100.0,TSLA
2023-06-06,216.13999938964844,221.91000366210938,212.52999877929688,221.30999755859375,146911600.0,TSLA
2023-06-07,228.0,230.8300018310547,223.1999969482422,224.57000732421875,185710800.0,TSLA
2023-06-08,224.22000122070312,235.22999572753906,223.00999450683594,234.86000061035156,164489700.0,TSLA
2023-06-09,249.07000732421875,252.4199981689453,242.02000427246094,244.39999389648438,200242400.0,TSLA
2023-06-12,247.94000244140625,250.97000122070312,244.58999633789062,249.8300018310547,150337900.0,TSLA
2023-06-13,253.50999450683594,259.67999267578125,251.33999633789062,258.7099914550781,162384300.0,TSLA
2023-06-14,260.1700134277344,261.57000732421875,250.5,256.7900085449219,170575500.0,TSLA
2023-06-15,248.39999389648438,258.95001220703125,247.2899932861328,255.89999389648438,160171200.0,TSLA
2023-06-16,258.9200134277344,263.6000061035156,257.2099914550781,260.5400085449219,167915600.0,TSLA
2023-06-20,261.5,274.75,261.1199951171875,274.45001220703125,165611200.0,TSLA
2023-06-21,275.1300048828125,276.989990234375,257.7799987792969,259.4599914550781,211797100.0,TSLA
2023-06-22,250.77000427246094,265.0,248.25,264.6099853515625,166875900.0,TSLA
2023-06-23,259.2900085449219,262.45001220703125,252.8000030517578,256.6000061035156,177460800.0,TSLA
2023-06-26,250.07000732421875,258.3699951171875,240.6999969482422,241.0500030517578,179990600.0,TSLA
2023-06-27,243.24000549316406,250.38999938964844,240.85000610351562,250.2100067138672,164968200.0,TSLA
2023-06-28,249.6999969482422,259.8800048828125,248.88999938964844,256.239990234375,159770800.0,TSLA
2023-06-29,258.0299987792969,260.739990234375,253.61000061035156,257.5,131283400.0,TSLA
2023-06-30,260.6000061035156,264.45001220703125,259.8900146484375,261.7699890136719,112620800.0,TSLA
2023-07-03,276.489990234375,284.25,275.1099853515625,279.82000732421875,119685900.0,TSLA
2023-07-05,278.82000732421875,283.8500061035156,277.6000061035156,282.4800109863281,131530900.0,TSLA
2023-07-06,278.0899963378906,279.9700012207031,272.8800048828125,276.5400085449219,120332100.0,TSLA
2023-07-07,278.42999267578125,280.7799987792969,273.7699890136719,274.42999267578125,113879200.0,TSLA
2023-07-10,276.4700012207031,277.5199890136719,265.1000061035156,269.6099853515625,119425400.0,TSLA
2023-07-11,268.6499938964844,270.8999938964844,266.3699951171875,269.7900085449219,91972400.0,TSLA
2023-07-12,276.3299865722656,276.5199890136719,271.4599914550781,271.989990234375,95672100.0,TSLA
2023-07-13,274.5899963378906,279.45001220703125,270.6000061035156,277.8999938964844,112681500.0,TSLA
2023-07-14,277.010009765625,285.29998779296875,276.30999755859375,281.3800048828125,120062400.0,TSLA
2023-07-17,286.6300048828125,292.2300109863281,283.57000732421875,290.3800048828125,131569600.0,TSLA
2023-07-18,290.1499938964844,295.260009765625,286.010009765625,293.3399963378906,112120300.0,TSLA
2023-07-19,296.0400085449219,299.2900085449219,289.5199890136719,291.260009765625,142355400.0,TSLA
2023-07-20,279.55999755859375,280.92999267578125,261.20001220703125,262.8999938964844,175158300.0,TSLA
2023-07-21,268.0,268.0,255.8000030517578,260.0199890136719,161796100.0,TSLA
2023-07-24,255.85000610351562,269.8500061035156,254.1199951171875,269.05999755859375,136508500.0,TSLA
2023-07-25,272.3800048828125,272.8999938964844,265.0,265.2799987792969,112757300.0,TSLA
2023-07-26,263.25,268.0400085449219,261.75,264.3500061035156,95856200.0,TSLA
2023-07-27,268.30999755859375,269.1300048828125,255.3000030517578,255.7100067138672,103697300.0,TSLA
2023-07-28,259.8599853515625,267.25,258.2300109863281,266.44000244140625,111446000.0,TSLA
2023-07-31,267.4800109863281,269.0799865722656,263.7799987792969,267.42999267578125,84582200.0,TSLA
2023-08-01,266.260009765625,266.4700012207031,260.25,261.07000732421875,83166000.0,TSLA
2023-08-02,255.57000732421875,259.5199890136719,250.49000549316406,254.11000061035156,101752900.0,TSLA
2023-08-03,252.0399932861328,260.489990234375,252.0,259.32000732421875,97569100.0,TSLA
2023-08-04,260.9700012207031,264.7699890136719,253.11000061035156,253.86000061035156,99539900.0,TSLA
2023-08-07,251.4499969482422,253.64999389648438,242.75999450683594,251.4499969482422,111097900.0,TSLA
2023-08-08,247.4499969482422,250.9199981689453,245.00999450683594,249.6999969482422,96642200.0,TSLA
2023-08-09,250.8699951171875,251.10000610351562,241.89999389648438,242.19000244140625,101596300.0,TSLA
2023-08-10,245.39999389648438,251.8000030517578,243.0,245.33999633789062,109498600.0,TSLA
2023-08-11,241.77000427246094,243.7899932861328,238.02000427246094,242.64999389648438,99038600.0,TSLA
2023-08-14,235.6999969482422,240.66000366210938,233.75,239.75999450683594,98595300.0,TSLA
2023-08-15,238.72999572753906,240.5,232.61000061035156,232.9600067138672,88197600.0,TSLA
2023-08-16,228.02000427246094,233.97000122070312,225.3800048828125,225.60000610351562,112484500.0,TSLA
2023-08-17,226.05999755859375,226.74000549316406,218.8300018310547,219.22000122070312,120718400.0,TSLA
2023-08-18,214.1199951171875,217.5800018310547,212.36000061035156,215.49000549316406,136276600.0,TSLA
2023-08-21,221.5500030517578,232.1300048828125,220.5800018310547,231.27999877929688,135702700.0,TSLA
2023-08-22,240.25,240.82000732421875,229.5500030517578,233.19000244140625,130442800.0,TSLA
2023-08-23,229.33999633789062,238.97999572753906,229.2899932861328,236.86000061035156,101077600.0,TSLA
2023-08-24,238.66000366210938,238.9199981689453,228.17999267578125,230.0399932861328,99777400.0,TSLA
2023-08-25,231.30999755859375,239.0,230.35000610351562,238.58999633789062,106612200.0,TSLA
2023-08-28,242.5800018310547,244.3800048828125,235.35000610351562,238.82000732421875,107673700.0,TSLA
2023-08-29,238.5800018310547,257.4800109863281,237.77000427246094,257.17999267578125,134047600.0,TSLA
2023-08-30,254.1999969482422,260.510009765625,250.58999633789062,256.8999938964844,121988400.0,TSLA
2023-08-31,255.97999572753906,261.17999267578125,255.0500030517578,258.0799865722656,108861700.0,TSLA
2023-09-01,257.260009765625,259.0799865722656,242.00999450683594,245.00999450683594,132541600.0,TSLA
2023-09-05,245.0,258.0,244.86000061035156,256.489990234375,129469600.0,TSLA
2023-09-06,255.13999938964844,255.38999938964844,245.05999755859375,251.9199981689453,116959800.0,TSLA
2023-09-07,245.07000732421875,252.80999755859375,243.27000427246094,251.49000549316406,115312900.0,TSLA
2023-09-08,251.22000122070312,256.5199890136719,246.6699981689453,248.5,118367700.0,TSLA
2023-09-11,264.2699890136719,274.8500061035156,260.6099853515625,273.5799865722656,174667900.0,TSLA
2023-09-12,270.760009765625,278.3900146484375,266.6000061035156,267.4800109863281,135999900.0,TSLA
2023-09-13,270.07000732421875,274.9800109863281,268.1000061035156,271.29998779296875,111673700.0,TSLA
2023-09-14,271.32000732421875,276.7099914550781,270.4200134277344,276.0400085449219,107709800.0,TSLA
2023-09-15,277.54998779296875,278.9800109863281,271.0,274.3900146484375,133692300.0,TSLA
2023-09-18,271.1600036621094,271.44000244140625,263.760009765625,265.2799987792969,101543300.0,TSLA
2023-09-19,264.3500061035156,267.8500061035156,261.20001220703125,266.5,103704000.0,TSLA
2023-09-20,267.0400085449219,273.92999267578125,262.4599914550781,262.5899963378906,122514600.0,TSLA
2023-09-21,257.8500061035156,260.8599853515625,254.2100067138672,255.6999969482422,119951500.0,TSLA
2023-09-22,257.3999938964844,257.7900085449219,244.47999572753906,244.8800048828125,127524100.0,TSLA
2023-09-25,243.3800048828125,247.10000610351562,238.30999755859375,246.99000549316406,104636600.0,TSLA
2023-09-26,242.97999572753906,249.5500030517578,241.66000366210938,244.1199951171875,101993600.0,TSLA
2023-09-27,244.25999450683594,245.3300018310547,234.5800018310547,240.5,136597200.0,TSLA
2023-09-28,240.02000427246094,247.5500030517578,238.64999389648438,246.3800048828125,117058900.0,TSLA
2023-09-29,250.0,254.77000427246094,246.35000610351562,250.22000122070312,128522700.0,TSLA
2023-10-02,244.80999755859375,254.27999877929688,242.6199951171875,251.60000610351562,123810400.0,TSLA
2023-10-03,248.61000061035156,250.02000427246094,244.4499969482422,246.52999877929688,101985300.0,TSLA
2023-10-04,248.13999938964844,261.8599853515625,247.60000610351562,261.1600036621094,129721600.0,TSLA
2023-10-05,260.0,263.6000061035156,256.25,260.04998779296875,119159200.0,TSLA
2023-10-06,253.97999572753906,261.6499938964844,250.64999389648438,260.5299987792969,118121800.0,TSLA
2023-10-09,255.30999755859375,261.3599853515625,252.0500030517578,259.6700134277344,101377900.0,TSLA
2023-10-10,257.75,268.94000244140625,257.6499938964844,263.6199951171875,122656000.0,TSLA
2023-10-11,266.20001220703125,268.6000061035156,260.8999938964844,262.989990234375,103706300.0,TSLA
2023-10-12,262.9200134277344,265.4100036621094,256.6300048828125,258.8699951171875,111508100.0,TSLA
2023-10-13,258.8999938964844,259.6000061035156,250.22000122070312,251.1199951171875,102073800.0,TSLA
2023-10-16,250.0500030517578,255.39999389648438,248.47999572753906,253.9199981689453,88917200.0,TSLA
2023-10-17,250.10000610351562,257.17999267578125,247.0800018310547,254.85000610351562,93562900.0,TSLA
2023-10-18,252.6999969482422,254.6300048828125,242.0800018310547,242.67999267578125,125147800.0,TSLA
2023-10-19,225.9499969482422,230.61000061035156,216.77999877929688,220.11000061035156,170772700.0,TSLA
2023-10-20,217.00999450683594,218.86000061035156,210.4199981689453,211.99000549316406,138010100.0,TSLA
2023-10-23,210.0,216.97999572753906,202.50999450683594,212.0800018310547,150683400.0,TSLA
2023-10-24,216.5,222.0500030517578,214.11000061035156,216.52000427246094,118231100.0,TSLA
2023-10-25,215.8800048828125,220.10000610351562,212.1999969482422,212.4199981689453,107065100.0,TSLA
2023-10-26,211.32000732421875,214.8000030517578,204.8800048828125,205.75999450683594,115112600.0,TSLA
2023-10-27,210.60000610351562,212.41000366210938,205.77000427246094,207.3000030517578,94881200.0,TSLA
2023-10-30,209.27999877929688,210.8800048828125,194.6699981689453,197.36000061035156,136448200.0,TSLA
2023-10-31,196.1199951171875,202.8000030517578,194.07000732421875,200.83999633789062,118068300.0,TSLA
2023-11-01,204.0399932861328,205.99000549316406,197.85000610351562,205.66000366210938,121661700.0,TSLA
2023-11-02,212.97000122070312,219.1999969482422,211.4499969482422,218.50999450683594,125987600.0,TSLA
2023-11-03,221.14999389648438,226.3699951171875,218.39999389648438,219.9600067138672,119534800.0,TSLA
2023-11-06,223.97999572753906,226.32000732421875,215.0,219.27000427246094,117335800.0,TSLA
2023-11-07,219.97999572753906,223.1199951171875,215.72000122070312,222.17999267578125,116900100.0,TSLA
2023-11-08,223.14999389648438,224.14999389648438,217.63999938964844,222.11000061035156,106584800.0,TSLA
2023-11-09,219.75,220.8000030517578,206.67999267578125,209.97999572753906,142110500.0,TSLA
2023-11-10,210.02999877929688,215.3800048828125,205.69000244140625,214.64999389648438,130994000.0,TSLA
2023-11-13,215.60000610351562,225.39999389648438,211.61000061035156,223.7100067138672,140447600.0,TSLA
2023-11-14,235.02999877929688,238.13999938964844,230.72000122070312,237.41000366210938,149771600.0,TSLA
2023-11-15,239.2899932861328,246.6999969482422,236.4499969482422,242.83999633789062,150354000.0,TSLA
2023-11-16,239.49000549316406,240.8800048828125,230.9600067138672,233.58999633789062,136816800.0,TSLA
2023-11-17,232.0,237.38999938964844,226.5399932861328,234.3000030517578,142532800.0,TSLA
2023-11-20,234.0399932861328,237.10000610351562,231.02000427246094,235.60000610351562,116320100.0,TSLA
2023-11-21,235.0399932861328,243.6199951171875,233.33999633789062,241.1999969482422,122288000.0,TSLA
2023-11-22,242.0399932861328,244.00999450683594,231.39999389648438,234.2100067138672,117950600.0,TSLA
2023-11-24,233.75,238.75,232.3300018310547,235.4499969482422,65125200.0,TSLA
2023-11-27,236.88999938964844,238.3300018310547,232.10000610351562,236.0800018310547,112031800.0,TSLA
2023-11-28,236.67999267578125,247.0,234.00999450683594,246.72000122070312,148549900.0,TSLA
2023-11-29,249.2100067138672,252.75,242.75999450683594,244.13999938964844,135401300.0,TSLA
2023-11-30,245.13999938964844,245.22000122070312,236.91000366210938,240.0800018310547,132353200.0,TSLA
2023-12-01,233.13999938964844,240.19000244140625,231.89999389648438,238.8300018310547,121331700.0,TSLA
2023-12-04,235.75,239.3699951171875,233.2899932861328,235.5800018310547,104099800.0,TSLA
2023-12-05,233.8699951171875,246.66000366210938,233.6999969482422,238.72000122070312,137971100.0,TSLA
2023-12-06,242.9199981689453,246.57000732421875,239.1699981689453,239.3699951171875,126436200.0,TSLA
2023-12-07,241.5500030517578,244.0800018310547,236.97999572753906,242.63999938964844,107142300.0,TSLA
2023-12-08,240.27000427246094,245.27000427246094,239.27000427246094,243.83999633789062,103126800.0,TSLA
2023-12-11,242.74000549316406,243.44000244140625,237.4499969482422,239.74000549316406,97913900.0,TSLA
2023-12-12,238.5500030517578,238.99000549316406,233.8699951171875,237.00999450683594,95328300.0,TSLA
2023-12-13,234.19000244140625,240.3000030517578,228.1999969482422,239.2899932861328,146286300.0,TSLA
2023-12-14,241.22000122070312,253.8800048828125,240.7899932861328,251.0500030517578,160829200.0,TSLA
2023-12-15,251.2100067138672,254.1300048828125,248.3000030517578,253.5,135932800.0,TSLA
2023-12-18,253.77999877929688,258.739990234375,251.36000061035156,252.0800018310547,116416500.0,TSLA
2023-12-19,253.47999572753906,258.3399963378906,253.00999450683594,257.2200012207031,106737400.0,TSLA
2023-12-20,256.4100036621094,259.8399963378906,247.0,247.13999938964844,125097000.0,TSLA
2023-12-21,251.89999389648438,254.8000030517578,248.5500030517578,254.5,109594200.0,TSLA
2023-12-22,256.760009765625,258.2200012207031,251.3699951171875,252.5399932861328,93370100.0,TSLA
2023-12-26,254.49000549316406,257.9700012207031,252.91000366210938,256.6099853515625,86892400.0,TSLA
2023-12-27,258.3500061035156,263.3399963378906,257.5199890136719,261.44000244140625,106494400.0,TSLA
2023-12-28,263.6600036621094,265.1300048828125,252.7100067138672,253.17999267578125,113619900.0,TSLA
2023-12-29,255.10000610351562,255.19000244140625,247.42999267578125,248.47999572753906,100891600.0,TSLA
